model_key,benchmark_key,domain,sample_type,relation,k,tier,planned_status,execution_bucket
qwen25_7b_instruct,gsm8k,math,model_correct,same_benchmark,0,tier1,queued,bulk_ready
qwen25_7b_instruct,gsm8k,math,model_correct,same_benchmark,1,tier1,queued,bulk_ready
qwen25_7b_instruct,gsm8k,math,model_correct,same_benchmark,2,tier1,queued,bulk_ready
qwen25_7b_instruct,gsm8k,math,model_correct,same_benchmark,4,tier1,queued,bulk_ready
qwen25_7b_instruct,gsm8k,math,model_correct,same_benchmark,8,tier1,queued,bulk_ready
qwen25_7b_instruct,gsm8k,math,model_correct,same_benchmark,16,tier1,queued,bulk_ready
qwen25_7b_instruct,gsm8k,math,model_correct,same_benchmark,32,tier1,queued,bulk_ready
qwen25_7b_instruct,gsm8k,math,model_incorrect,same_benchmark,0,tier1,queued,bulk_ready
qwen25_7b_instruct,gsm8k,math,model_incorrect,same_benchmark,1,tier1,queued,bulk_ready
qwen25_7b_instruct,gsm8k,math,model_incorrect,same_benchmark,2,tier1,queued,bulk_ready
qwen25_7b_instruct,gsm8k,math,model_incorrect,same_benchmark,4,tier1,queued,bulk_ready
qwen25_7b_instruct,gsm8k,math,model_incorrect,same_benchmark,8,tier1,queued,bulk_ready
qwen25_7b_instruct,gsm8k,math,model_incorrect,same_benchmark,16,tier1,queued,bulk_ready
qwen25_7b_instruct,gsm8k,math,model_incorrect,same_benchmark,32,tier1,queued,bulk_ready
qwen25_7b_instruct,gsm8k,math,model_correct,same_domain_other_benchmark,0,tier1,queued,bulk_ready
qwen25_7b_instruct,gsm8k,math,model_correct,same_domain_other_benchmark,1,tier1,queued,bulk_ready
qwen25_7b_instruct,gsm8k,math,model_correct,same_domain_other_benchmark,2,tier1,queued,bulk_ready
qwen25_7b_instruct,gsm8k,math,model_correct,same_domain_other_benchmark,4,tier1,queued,bulk_ready
qwen25_7b_instruct,gsm8k,math,model_correct,same_domain_other_benchmark,8,tier1,queued,bulk_ready
qwen25_7b_instruct,gsm8k,math,model_correct,same_domain_other_benchmark,16,tier1,queued,bulk_ready
qwen25_7b_instruct,gsm8k,math,model_correct,same_domain_other_benchmark,32,tier1,queued,bulk_ready
qwen25_7b_instruct,gsm8k,math,model_incorrect,same_domain_other_benchmark,0,tier1,queued,bulk_ready
qwen25_7b_instruct,gsm8k,math,model_incorrect,same_domain_other_benchmark,1,tier1,queued,bulk_ready
qwen25_7b_instruct,gsm8k,math,model_incorrect,same_domain_other_benchmark,2,tier1,queued,bulk_ready
qwen25_7b_instruct,gsm8k,math,model_incorrect,same_domain_other_benchmark,4,tier1,queued,bulk_ready
qwen25_7b_instruct,gsm8k,math,model_incorrect,same_domain_other_benchmark,8,tier1,queued,bulk_ready
qwen25_7b_instruct,gsm8k,math,model_incorrect,same_domain_other_benchmark,16,tier1,queued,bulk_ready
qwen25_7b_instruct,gsm8k,math,model_incorrect,same_domain_other_benchmark,32,tier1,queued,bulk_ready
qwen25_7b_instruct,gsm8k,math,model_correct,cross_domain,0,tier1,queued,bulk_ready
qwen25_7b_instruct,gsm8k,math,model_correct,cross_domain,1,tier1,queued,bulk_ready
qwen25_7b_instruct,gsm8k,math,model_correct,cross_domain,2,tier1,queued,bulk_ready
qwen25_7b_instruct,gsm8k,math,model_correct,cross_domain,4,tier1,queued,bulk_ready
qwen25_7b_instruct,gsm8k,math,model_correct,cross_domain,8,tier1,queued,bulk_ready
qwen25_7b_instruct,gsm8k,math,model_correct,cross_domain,16,tier1,queued,bulk_ready
qwen25_7b_instruct,gsm8k,math,model_correct,cross_domain,32,tier1,queued,bulk_ready
qwen25_7b_instruct,gsm8k,math,model_incorrect,cross_domain,0,tier1,queued,bulk_ready
qwen25_7b_instruct,gsm8k,math,model_incorrect,cross_domain,1,tier1,queued,bulk_ready
qwen25_7b_instruct,gsm8k,math,model_incorrect,cross_domain,2,tier1,queued,bulk_ready
qwen25_7b_instruct,gsm8k,math,model_incorrect,cross_domain,4,tier1,queued,bulk_ready
qwen25_7b_instruct,gsm8k,math,model_incorrect,cross_domain,8,tier1,queued,bulk_ready
qwen25_7b_instruct,gsm8k,math,model_incorrect,cross_domain,16,tier1,queued,bulk_ready
qwen25_7b_instruct,gsm8k,math,model_incorrect,cross_domain,32,tier1,queued,bulk_ready
qwen25_7b_instruct,math500,math,model_correct,same_benchmark,0,tier1,queued,bulk_ready
qwen25_7b_instruct,math500,math,model_correct,same_benchmark,1,tier1,queued,bulk_ready
qwen25_7b_instruct,math500,math,model_correct,same_benchmark,2,tier1,queued,bulk_ready
qwen25_7b_instruct,math500,math,model_correct,same_benchmark,4,tier1,queued,bulk_ready
qwen25_7b_instruct,math500,math,model_correct,same_benchmark,8,tier1,queued,bulk_ready
qwen25_7b_instruct,math500,math,model_correct,same_benchmark,16,tier1,queued,bulk_ready
qwen25_7b_instruct,math500,math,model_correct,same_benchmark,32,tier1,queued,bulk_ready
qwen25_7b_instruct,math500,math,model_incorrect,same_benchmark,0,tier1,queued,bulk_ready
qwen25_7b_instruct,math500,math,model_incorrect,same_benchmark,1,tier1,queued,bulk_ready
qwen25_7b_instruct,math500,math,model_incorrect,same_benchmark,2,tier1,queued,bulk_ready
qwen25_7b_instruct,math500,math,model_incorrect,same_benchmark,4,tier1,queued,bulk_ready
qwen25_7b_instruct,math500,math,model_incorrect,same_benchmark,8,tier1,queued,bulk_ready
qwen25_7b_instruct,math500,math,model_incorrect,same_benchmark,16,tier1,queued,bulk_ready
qwen25_7b_instruct,math500,math,model_incorrect,same_benchmark,32,tier1,queued,bulk_ready
qwen25_7b_instruct,math500,math,model_correct,same_domain_other_benchmark,0,tier1,queued,bulk_ready
qwen25_7b_instruct,math500,math,model_correct,same_domain_other_benchmark,1,tier1,queued,bulk_ready
qwen25_7b_instruct,math500,math,model_correct,same_domain_other_benchmark,2,tier1,queued,bulk_ready
qwen25_7b_instruct,math500,math,model_correct,same_domain_other_benchmark,4,tier1,queued,bulk_ready
qwen25_7b_instruct,math500,math,model_correct,same_domain_other_benchmark,8,tier1,queued,bulk_ready
qwen25_7b_instruct,math500,math,model_correct,same_domain_other_benchmark,16,tier1,queued,bulk_ready
qwen25_7b_instruct,math500,math,model_correct,same_domain_other_benchmark,32,tier1,queued,bulk_ready
qwen25_7b_instruct,math500,math,model_incorrect,same_domain_other_benchmark,0,tier1,queued,bulk_ready
qwen25_7b_instruct,math500,math,model_incorrect,same_domain_other_benchmark,1,tier1,queued,bulk_ready
qwen25_7b_instruct,math500,math,model_incorrect,same_domain_other_benchmark,2,tier1,queued,bulk_ready
qwen25_7b_instruct,math500,math,model_incorrect,same_domain_other_benchmark,4,tier1,queued,bulk_ready
qwen25_7b_instruct,math500,math,model_incorrect,same_domain_other_benchmark,8,tier1,queued,bulk_ready
qwen25_7b_instruct,math500,math,model_incorrect,same_domain_other_benchmark,16,tier1,queued,bulk_ready
qwen25_7b_instruct,math500,math,model_incorrect,same_domain_other_benchmark,32,tier1,queued,bulk_ready
qwen25_7b_instruct,math500,math,model_correct,cross_domain,0,tier1,queued,bulk_ready
qwen25_7b_instruct,math500,math,model_correct,cross_domain,1,tier1,queued,bulk_ready
qwen25_7b_instruct,math500,math,model_correct,cross_domain,2,tier1,queued,bulk_ready
qwen25_7b_instruct,math500,math,model_correct,cross_domain,4,tier1,queued,bulk_ready
qwen25_7b_instruct,math500,math,model_correct,cross_domain,8,tier1,queued,bulk_ready
qwen25_7b_instruct,math500,math,model_correct,cross_domain,16,tier1,queued,bulk_ready
qwen25_7b_instruct,math500,math,model_correct,cross_domain,32,tier1,queued,bulk_ready
qwen25_7b_instruct,math500,math,model_incorrect,cross_domain,0,tier1,queued,bulk_ready
qwen25_7b_instruct,math500,math,model_incorrect,cross_domain,1,tier1,queued,bulk_ready
qwen25_7b_instruct,math500,math,model_incorrect,cross_domain,2,tier1,queued,bulk_ready
qwen25_7b_instruct,math500,math,model_incorrect,cross_domain,4,tier1,queued,bulk_ready
qwen25_7b_instruct,math500,math,model_incorrect,cross_domain,8,tier1,queued,bulk_ready
qwen25_7b_instruct,math500,math,model_incorrect,cross_domain,16,tier1,queued,bulk_ready
qwen25_7b_instruct,math500,math,model_incorrect,cross_domain,32,tier1,queued,bulk_ready
qwen25_7b_instruct,gpqa,science,model_correct,same_benchmark,0,tier1,queued,bulk_ready
qwen25_7b_instruct,gpqa,science,model_correct,same_benchmark,1,tier1,queued,bulk_ready
qwen25_7b_instruct,gpqa,science,model_correct,same_benchmark,2,tier1,queued,bulk_ready
qwen25_7b_instruct,gpqa,science,model_correct,same_benchmark,4,tier1,queued,bulk_ready
qwen25_7b_instruct,gpqa,science,model_correct,same_benchmark,8,tier1,queued,bulk_ready
qwen25_7b_instruct,gpqa,science,model_correct,same_benchmark,16,tier1,queued,bulk_ready
qwen25_7b_instruct,gpqa,science,model_correct,same_benchmark,32,tier1,queued,bulk_ready
qwen25_7b_instruct,gpqa,science,model_incorrect,same_benchmark,0,tier1,queued,bulk_ready
qwen25_7b_instruct,gpqa,science,model_incorrect,same_benchmark,1,tier1,queued,bulk_ready
qwen25_7b_instruct,gpqa,science,model_incorrect,same_benchmark,2,tier1,queued,bulk_ready
qwen25_7b_instruct,gpqa,science,model_incorrect,same_benchmark,4,tier1,queued,bulk_ready
qwen25_7b_instruct,gpqa,science,model_incorrect,same_benchmark,8,tier1,queued,bulk_ready
qwen25_7b_instruct,gpqa,science,model_incorrect,same_benchmark,16,tier1,queued,bulk_ready
qwen25_7b_instruct,gpqa,science,model_incorrect,same_benchmark,32,tier1,queued,bulk_ready
qwen25_7b_instruct,gpqa,science,model_correct,same_domain_other_benchmark,0,tier1,queued,bulk_ready
qwen25_7b_instruct,gpqa,science,model_correct,same_domain_other_benchmark,1,tier1,queued,bulk_ready
qwen25_7b_instruct,gpqa,science,model_correct,same_domain_other_benchmark,2,tier1,queued,bulk_ready
qwen25_7b_instruct,gpqa,science,model_correct,same_domain_other_benchmark,4,tier1,queued,bulk_ready
qwen25_7b_instruct,gpqa,science,model_correct,same_domain_other_benchmark,8,tier1,queued,bulk_ready
qwen25_7b_instruct,gpqa,science,model_correct,same_domain_other_benchmark,16,tier1,queued,bulk_ready
qwen25_7b_instruct,gpqa,science,model_correct,same_domain_other_benchmark,32,tier1,queued,bulk_ready
qwen25_7b_instruct,gpqa,science,model_incorrect,same_domain_other_benchmark,0,tier1,queued,bulk_ready
qwen25_7b_instruct,gpqa,science,model_incorrect,same_domain_other_benchmark,1,tier1,queued,bulk_ready
qwen25_7b_instruct,gpqa,science,model_incorrect,same_domain_other_benchmark,2,tier1,queued,bulk_ready
qwen25_7b_instruct,gpqa,science,model_incorrect,same_domain_other_benchmark,4,tier1,queued,bulk_ready
qwen25_7b_instruct,gpqa,science,model_incorrect,same_domain_other_benchmark,8,tier1,queued,bulk_ready
qwen25_7b_instruct,gpqa,science,model_incorrect,same_domain_other_benchmark,16,tier1,queued,bulk_ready
qwen25_7b_instruct,gpqa,science,model_incorrect,same_domain_other_benchmark,32,tier1,queued,bulk_ready
qwen25_7b_instruct,gpqa,science,model_correct,cross_domain,0,tier1,queued,bulk_ready
qwen25_7b_instruct,gpqa,science,model_correct,cross_domain,1,tier1,queued,bulk_ready
qwen25_7b_instruct,gpqa,science,model_correct,cross_domain,2,tier1,queued,bulk_ready
qwen25_7b_instruct,gpqa,science,model_correct,cross_domain,4,tier1,queued,bulk_ready
qwen25_7b_instruct,gpqa,science,model_correct,cross_domain,8,tier1,queued,bulk_ready
qwen25_7b_instruct,gpqa,science,model_correct,cross_domain,16,tier1,queued,bulk_ready
qwen25_7b_instruct,gpqa,science,model_correct,cross_domain,32,tier1,queued,bulk_ready
qwen25_7b_instruct,gpqa,science,model_incorrect,cross_domain,0,tier1,queued,bulk_ready
qwen25_7b_instruct,gpqa,science,model_incorrect,cross_domain,1,tier1,queued,bulk_ready
qwen25_7b_instruct,gpqa,science,model_incorrect,cross_domain,2,tier1,queued,bulk_ready
qwen25_7b_instruct,gpqa,science,model_incorrect,cross_domain,4,tier1,queued,bulk_ready
qwen25_7b_instruct,gpqa,science,model_incorrect,cross_domain,8,tier1,queued,bulk_ready
qwen25_7b_instruct,gpqa,science,model_incorrect,cross_domain,16,tier1,queued,bulk_ready
qwen25_7b_instruct,gpqa,science,model_incorrect,cross_domain,32,tier1,queued,bulk_ready
qwen25_7b_instruct,arc_challenge,science,model_correct,same_benchmark,0,tier1,queued,bulk_ready
qwen25_7b_instruct,arc_challenge,science,model_correct,same_benchmark,1,tier1,queued,bulk_ready
qwen25_7b_instruct,arc_challenge,science,model_correct,same_benchmark,2,tier1,queued,bulk_ready
qwen25_7b_instruct,arc_challenge,science,model_correct,same_benchmark,4,tier1,queued,bulk_ready
qwen25_7b_instruct,arc_challenge,science,model_correct,same_benchmark,8,tier1,queued,bulk_ready
qwen25_7b_instruct,arc_challenge,science,model_correct,same_benchmark,16,tier1,queued,bulk_ready
qwen25_7b_instruct,arc_challenge,science,model_correct,same_benchmark,32,tier1,queued,bulk_ready
qwen25_7b_instruct,arc_challenge,science,model_incorrect,same_benchmark,0,tier1,queued,bulk_ready
qwen25_7b_instruct,arc_challenge,science,model_incorrect,same_benchmark,1,tier1,queued,bulk_ready
qwen25_7b_instruct,arc_challenge,science,model_incorrect,same_benchmark,2,tier1,queued,bulk_ready
qwen25_7b_instruct,arc_challenge,science,model_incorrect,same_benchmark,4,tier1,queued,bulk_ready
qwen25_7b_instruct,arc_challenge,science,model_incorrect,same_benchmark,8,tier1,queued,bulk_ready
qwen25_7b_instruct,arc_challenge,science,model_incorrect,same_benchmark,16,tier1,queued,bulk_ready
qwen25_7b_instruct,arc_challenge,science,model_incorrect,same_benchmark,32,tier1,queued,bulk_ready
qwen25_7b_instruct,arc_challenge,science,model_correct,same_domain_other_benchmark,0,tier1,queued,bulk_ready
qwen25_7b_instruct,arc_challenge,science,model_correct,same_domain_other_benchmark,1,tier1,queued,bulk_ready
qwen25_7b_instruct,arc_challenge,science,model_correct,same_domain_other_benchmark,2,tier1,queued,bulk_ready
qwen25_7b_instruct,arc_challenge,science,model_correct,same_domain_other_benchmark,4,tier1,queued,bulk_ready
qwen25_7b_instruct,arc_challenge,science,model_correct,same_domain_other_benchmark,8,tier1,queued,bulk_ready
qwen25_7b_instruct,arc_challenge,science,model_correct,same_domain_other_benchmark,16,tier1,queued,bulk_ready
qwen25_7b_instruct,arc_challenge,science,model_correct,same_domain_other_benchmark,32,tier1,queued,bulk_ready
qwen25_7b_instruct,arc_challenge,science,model_incorrect,same_domain_other_benchmark,0,tier1,queued,bulk_ready
qwen25_7b_instruct,arc_challenge,science,model_incorrect,same_domain_other_benchmark,1,tier1,queued,bulk_ready
qwen25_7b_instruct,arc_challenge,science,model_incorrect,same_domain_other_benchmark,2,tier1,queued,bulk_ready
qwen25_7b_instruct,arc_challenge,science,model_incorrect,same_domain_other_benchmark,4,tier1,queued,bulk_ready
qwen25_7b_instruct,arc_challenge,science,model_incorrect,same_domain_other_benchmark,8,tier1,queued,bulk_ready
qwen25_7b_instruct,arc_challenge,science,model_incorrect,same_domain_other_benchmark,16,tier1,queued,bulk_ready
qwen25_7b_instruct,arc_challenge,science,model_incorrect,same_domain_other_benchmark,32,tier1,queued,bulk_ready
qwen25_7b_instruct,arc_challenge,science,model_correct,cross_domain,0,tier1,queued,bulk_ready
qwen25_7b_instruct,arc_challenge,science,model_correct,cross_domain,1,tier1,queued,bulk_ready
qwen25_7b_instruct,arc_challenge,science,model_correct,cross_domain,2,tier1,queued,bulk_ready
qwen25_7b_instruct,arc_challenge,science,model_correct,cross_domain,4,tier1,queued,bulk_ready
qwen25_7b_instruct,arc_challenge,science,model_correct,cross_domain,8,tier1,queued,bulk_ready
qwen25_7b_instruct,arc_challenge,science,model_correct,cross_domain,16,tier1,queued,bulk_ready
qwen25_7b_instruct,arc_challenge,science,model_correct,cross_domain,32,tier1,queued,bulk_ready
qwen25_7b_instruct,arc_challenge,science,model_incorrect,cross_domain,0,tier1,queued,bulk_ready
qwen25_7b_instruct,arc_challenge,science,model_incorrect,cross_domain,1,tier1,queued,bulk_ready
qwen25_7b_instruct,arc_challenge,science,model_incorrect,cross_domain,2,tier1,queued,bulk_ready
qwen25_7b_instruct,arc_challenge,science,model_incorrect,cross_domain,4,tier1,queued,bulk_ready
qwen25_7b_instruct,arc_challenge,science,model_incorrect,cross_domain,8,tier1,queued,bulk_ready
qwen25_7b_instruct,arc_challenge,science,model_incorrect,cross_domain,16,tier1,queued,bulk_ready
qwen25_7b_instruct,arc_challenge,science,model_incorrect,cross_domain,32,tier1,queued,bulk_ready
qwen25_7b_instruct,mmlu_pro,general_knowledge,model_correct,same_benchmark,0,tier1,queued,bulk_ready
qwen25_7b_instruct,mmlu_pro,general_knowledge,model_correct,same_benchmark,1,tier1,queued,bulk_ready
qwen25_7b_instruct,mmlu_pro,general_knowledge,model_correct,same_benchmark,2,tier1,queued,bulk_ready
qwen25_7b_instruct,mmlu_pro,general_knowledge,model_correct,same_benchmark,4,tier1,queued,bulk_ready
qwen25_7b_instruct,mmlu_pro,general_knowledge,model_correct,same_benchmark,8,tier1,queued,bulk_ready
qwen25_7b_instruct,mmlu_pro,general_knowledge,model_correct,same_benchmark,16,tier1,queued,bulk_ready
qwen25_7b_instruct,mmlu_pro,general_knowledge,model_correct,same_benchmark,32,tier1,queued,bulk_ready
qwen25_7b_instruct,mmlu_pro,general_knowledge,model_incorrect,same_benchmark,0,tier1,queued,bulk_ready
qwen25_7b_instruct,mmlu_pro,general_knowledge,model_incorrect,same_benchmark,1,tier1,queued,bulk_ready
qwen25_7b_instruct,mmlu_pro,general_knowledge,model_incorrect,same_benchmark,2,tier1,queued,bulk_ready
qwen25_7b_instruct,mmlu_pro,general_knowledge,model_incorrect,same_benchmark,4,tier1,queued,bulk_ready
qwen25_7b_instruct,mmlu_pro,general_knowledge,model_incorrect,same_benchmark,8,tier1,queued,bulk_ready
qwen25_7b_instruct,mmlu_pro,general_knowledge,model_incorrect,same_benchmark,16,tier1,queued,bulk_ready
qwen25_7b_instruct,mmlu_pro,general_knowledge,model_incorrect,same_benchmark,32,tier1,queued,bulk_ready
qwen25_7b_instruct,mmlu_pro,general_knowledge,model_correct,same_domain_other_benchmark,0,tier1,queued,bulk_ready
qwen25_7b_instruct,mmlu_pro,general_knowledge,model_correct,same_domain_other_benchmark,1,tier1,queued,bulk_ready
qwen25_7b_instruct,mmlu_pro,general_knowledge,model_correct,same_domain_other_benchmark,2,tier1,queued,bulk_ready
qwen25_7b_instruct,mmlu_pro,general_knowledge,model_correct,same_domain_other_benchmark,4,tier1,queued,bulk_ready
qwen25_7b_instruct,mmlu_pro,general_knowledge,model_correct,same_domain_other_benchmark,8,tier1,queued,bulk_ready
qwen25_7b_instruct,mmlu_pro,general_knowledge,model_correct,same_domain_other_benchmark,16,tier1,queued,bulk_ready
qwen25_7b_instruct,mmlu_pro,general_knowledge,model_correct,same_domain_other_benchmark,32,tier1,queued,bulk_ready
qwen25_7b_instruct,mmlu_pro,general_knowledge,model_incorrect,same_domain_other_benchmark,0,tier1,queued,bulk_ready
qwen25_7b_instruct,mmlu_pro,general_knowledge,model_incorrect,same_domain_other_benchmark,1,tier1,queued,bulk_ready
qwen25_7b_instruct,mmlu_pro,general_knowledge,model_incorrect,same_domain_other_benchmark,2,tier1,queued,bulk_ready
qwen25_7b_instruct,mmlu_pro,general_knowledge,model_incorrect,same_domain_other_benchmark,4,tier1,queued,bulk_ready
qwen25_7b_instruct,mmlu_pro,general_knowledge,model_incorrect,same_domain_other_benchmark,8,tier1,queued,bulk_ready
qwen25_7b_instruct,mmlu_pro,general_knowledge,model_incorrect,same_domain_other_benchmark,16,tier1,queued,bulk_ready
qwen25_7b_instruct,mmlu_pro,general_knowledge,model_incorrect,same_domain_other_benchmark,32,tier1,queued,bulk_ready
qwen25_7b_instruct,mmlu_pro,general_knowledge,model_correct,cross_domain,0,tier1,queued,bulk_ready
qwen25_7b_instruct,mmlu_pro,general_knowledge,model_correct,cross_domain,1,tier1,queued,bulk_ready
qwen25_7b_instruct,mmlu_pro,general_knowledge,model_correct,cross_domain,2,tier1,queued,bulk_ready
qwen25_7b_instruct,mmlu_pro,general_knowledge,model_correct,cross_domain,4,tier1,queued,bulk_ready
qwen25_7b_instruct,mmlu_pro,general_knowledge,model_correct,cross_domain,8,tier1,queued,bulk_ready
qwen25_7b_instruct,mmlu_pro,general_knowledge,model_correct,cross_domain,16,tier1,queued,bulk_ready
qwen25_7b_instruct,mmlu_pro,general_knowledge,model_correct,cross_domain,32,tier1,queued,bulk_ready
qwen25_7b_instruct,mmlu_pro,general_knowledge,model_incorrect,cross_domain,0,tier1,queued,bulk_ready
qwen25_7b_instruct,mmlu_pro,general_knowledge,model_incorrect,cross_domain,1,tier1,queued,bulk_ready
qwen25_7b_instruct,mmlu_pro,general_knowledge,model_incorrect,cross_domain,2,tier1,queued,bulk_ready
qwen25_7b_instruct,mmlu_pro,general_knowledge,model_incorrect,cross_domain,4,tier1,queued,bulk_ready
qwen25_7b_instruct,mmlu_pro,general_knowledge,model_incorrect,cross_domain,8,tier1,queued,bulk_ready
qwen25_7b_instruct,mmlu_pro,general_knowledge,model_incorrect,cross_domain,16,tier1,queued,bulk_ready
qwen25_7b_instruct,mmlu_pro,general_knowledge,model_incorrect,cross_domain,32,tier1,queued,bulk_ready
qwen25_7b_instruct,mmlu_redux_2,general_knowledge,model_correct,same_benchmark,0,tier1,queued,bulk_ready
qwen25_7b_instruct,mmlu_redux_2,general_knowledge,model_correct,same_benchmark,1,tier1,queued,bulk_ready
qwen25_7b_instruct,mmlu_redux_2,general_knowledge,model_correct,same_benchmark,2,tier1,queued,bulk_ready
qwen25_7b_instruct,mmlu_redux_2,general_knowledge,model_correct,same_benchmark,4,tier1,queued,bulk_ready
qwen25_7b_instruct,mmlu_redux_2,general_knowledge,model_correct,same_benchmark,8,tier1,queued,bulk_ready
qwen25_7b_instruct,mmlu_redux_2,general_knowledge,model_correct,same_benchmark,16,tier1,queued,bulk_ready
qwen25_7b_instruct,mmlu_redux_2,general_knowledge,model_correct,same_benchmark,32,tier1,queued,bulk_ready
qwen25_7b_instruct,mmlu_redux_2,general_knowledge,model_incorrect,same_benchmark,0,tier1,queued,bulk_ready
qwen25_7b_instruct,mmlu_redux_2,general_knowledge,model_incorrect,same_benchmark,1,tier1,queued,bulk_ready
qwen25_7b_instruct,mmlu_redux_2,general_knowledge,model_incorrect,same_benchmark,2,tier1,queued,bulk_ready
qwen25_7b_instruct,mmlu_redux_2,general_knowledge,model_incorrect,same_benchmark,4,tier1,queued,bulk_ready
qwen25_7b_instruct,mmlu_redux_2,general_knowledge,model_incorrect,same_benchmark,8,tier1,queued,bulk_ready
qwen25_7b_instruct,mmlu_redux_2,general_knowledge,model_incorrect,same_benchmark,16,tier1,queued,bulk_ready
qwen25_7b_instruct,mmlu_redux_2,general_knowledge,model_incorrect,same_benchmark,32,tier1,queued,bulk_ready
qwen25_7b_instruct,mmlu_redux_2,general_knowledge,model_correct,same_domain_other_benchmark,0,tier1,queued,bulk_ready
qwen25_7b_instruct,mmlu_redux_2,general_knowledge,model_correct,same_domain_other_benchmark,1,tier1,queued,bulk_ready
qwen25_7b_instruct,mmlu_redux_2,general_knowledge,model_correct,same_domain_other_benchmark,2,tier1,queued,bulk_ready
qwen25_7b_instruct,mmlu_redux_2,general_knowledge,model_correct,same_domain_other_benchmark,4,tier1,queued,bulk_ready
qwen25_7b_instruct,mmlu_redux_2,general_knowledge,model_correct,same_domain_other_benchmark,8,tier1,queued,bulk_ready
qwen25_7b_instruct,mmlu_redux_2,general_knowledge,model_correct,same_domain_other_benchmark,16,tier1,queued,bulk_ready
qwen25_7b_instruct,mmlu_redux_2,general_knowledge,model_correct,same_domain_other_benchmark,32,tier1,queued,bulk_ready
qwen25_7b_instruct,mmlu_redux_2,general_knowledge,model_incorrect,same_domain_other_benchmark,0,tier1,queued,bulk_ready
qwen25_7b_instruct,mmlu_redux_2,general_knowledge,model_incorrect,same_domain_other_benchmark,1,tier1,queued,bulk_ready
qwen25_7b_instruct,mmlu_redux_2,general_knowledge,model_incorrect,same_domain_other_benchmark,2,tier1,queued,bulk_ready
qwen25_7b_instruct,mmlu_redux_2,general_knowledge,model_incorrect,same_domain_other_benchmark,4,tier1,queued,bulk_ready
qwen25_7b_instruct,mmlu_redux_2,general_knowledge,model_incorrect,same_domain_other_benchmark,8,tier1,queued,bulk_ready
qwen25_7b_instruct,mmlu_redux_2,general_knowledge,model_incorrect,same_domain_other_benchmark,16,tier1,queued,bulk_ready
qwen25_7b_instruct,mmlu_redux_2,general_knowledge,model_incorrect,same_domain_other_benchmark,32,tier1,queued,bulk_ready
qwen25_7b_instruct,mmlu_redux_2,general_knowledge,model_correct,cross_domain,0,tier1,queued,bulk_ready
qwen25_7b_instruct,mmlu_redux_2,general_knowledge,model_correct,cross_domain,1,tier1,queued,bulk_ready
qwen25_7b_instruct,mmlu_redux_2,general_knowledge,model_correct,cross_domain,2,tier1,queued,bulk_ready
qwen25_7b_instruct,mmlu_redux_2,general_knowledge,model_correct,cross_domain,4,tier1,queued,bulk_ready
qwen25_7b_instruct,mmlu_redux_2,general_knowledge,model_correct,cross_domain,8,tier1,queued,bulk_ready
qwen25_7b_instruct,mmlu_redux_2,general_knowledge,model_correct,cross_domain,16,tier1,queued,bulk_ready
qwen25_7b_instruct,mmlu_redux_2,general_knowledge,model_correct,cross_domain,32,tier1,queued,bulk_ready
qwen25_7b_instruct,mmlu_redux_2,general_knowledge,model_incorrect,cross_domain,0,tier1,queued,bulk_ready
qwen25_7b_instruct,mmlu_redux_2,general_knowledge,model_incorrect,cross_domain,1,tier1,queued,bulk_ready
qwen25_7b_instruct,mmlu_redux_2,general_knowledge,model_incorrect,cross_domain,2,tier1,queued,bulk_ready
qwen25_7b_instruct,mmlu_redux_2,general_knowledge,model_incorrect,cross_domain,4,tier1,queued,bulk_ready
qwen25_7b_instruct,mmlu_redux_2,general_knowledge,model_incorrect,cross_domain,8,tier1,queued,bulk_ready
qwen25_7b_instruct,mmlu_redux_2,general_knowledge,model_incorrect,cross_domain,16,tier1,queued,bulk_ready
qwen25_7b_instruct,mmlu_redux_2,general_knowledge,model_incorrect,cross_domain,32,tier1,queued,bulk_ready
qwen25_7b_instruct,hellaswag,commonsense,model_correct,same_benchmark,0,tier1,queued,bulk_ready
qwen25_7b_instruct,hellaswag,commonsense,model_correct,same_benchmark,1,tier1,queued,bulk_ready
qwen25_7b_instruct,hellaswag,commonsense,model_correct,same_benchmark,2,tier1,queued,bulk_ready
qwen25_7b_instruct,hellaswag,commonsense,model_correct,same_benchmark,4,tier1,queued,bulk_ready
qwen25_7b_instruct,hellaswag,commonsense,model_correct,same_benchmark,8,tier1,queued,bulk_ready
qwen25_7b_instruct,hellaswag,commonsense,model_correct,same_benchmark,16,tier1,queued,bulk_ready
qwen25_7b_instruct,hellaswag,commonsense,model_correct,same_benchmark,32,tier1,queued,bulk_ready
qwen25_7b_instruct,hellaswag,commonsense,model_incorrect,same_benchmark,0,tier1,queued,bulk_ready
qwen25_7b_instruct,hellaswag,commonsense,model_incorrect,same_benchmark,1,tier1,queued,bulk_ready
qwen25_7b_instruct,hellaswag,commonsense,model_incorrect,same_benchmark,2,tier1,queued,bulk_ready
qwen25_7b_instruct,hellaswag,commonsense,model_incorrect,same_benchmark,4,tier1,queued,bulk_ready
qwen25_7b_instruct,hellaswag,commonsense,model_incorrect,same_benchmark,8,tier1,queued,bulk_ready
qwen25_7b_instruct,hellaswag,commonsense,model_incorrect,same_benchmark,16,tier1,queued,bulk_ready
qwen25_7b_instruct,hellaswag,commonsense,model_incorrect,same_benchmark,32,tier1,queued,bulk_ready
qwen25_7b_instruct,hellaswag,commonsense,model_correct,same_domain_other_benchmark,0,tier1,queued,bulk_ready
qwen25_7b_instruct,hellaswag,commonsense,model_correct,same_domain_other_benchmark,1,tier1,queued,bulk_ready
qwen25_7b_instruct,hellaswag,commonsense,model_correct,same_domain_other_benchmark,2,tier1,queued,bulk_ready
qwen25_7b_instruct,hellaswag,commonsense,model_correct,same_domain_other_benchmark,4,tier1,queued,bulk_ready
qwen25_7b_instruct,hellaswag,commonsense,model_correct,same_domain_other_benchmark,8,tier1,queued,bulk_ready
qwen25_7b_instruct,hellaswag,commonsense,model_correct,same_domain_other_benchmark,16,tier1,queued,bulk_ready
qwen25_7b_instruct,hellaswag,commonsense,model_correct,same_domain_other_benchmark,32,tier1,queued,bulk_ready
qwen25_7b_instruct,hellaswag,commonsense,model_incorrect,same_domain_other_benchmark,0,tier1,queued,bulk_ready
qwen25_7b_instruct,hellaswag,commonsense,model_incorrect,same_domain_other_benchmark,1,tier1,queued,bulk_ready
qwen25_7b_instruct,hellaswag,commonsense,model_incorrect,same_domain_other_benchmark,2,tier1,queued,bulk_ready
qwen25_7b_instruct,hellaswag,commonsense,model_incorrect,same_domain_other_benchmark,4,tier1,queued,bulk_ready
qwen25_7b_instruct,hellaswag,commonsense,model_incorrect,same_domain_other_benchmark,8,tier1,queued,bulk_ready
qwen25_7b_instruct,hellaswag,commonsense,model_incorrect,same_domain_other_benchmark,16,tier1,queued,bulk_ready
qwen25_7b_instruct,hellaswag,commonsense,model_incorrect,same_domain_other_benchmark,32,tier1,queued,bulk_ready
qwen25_7b_instruct,hellaswag,commonsense,model_correct,cross_domain,0,tier1,queued,bulk_ready
qwen25_7b_instruct,hellaswag,commonsense,model_correct,cross_domain,1,tier1,queued,bulk_ready
qwen25_7b_instruct,hellaswag,commonsense,model_correct,cross_domain,2,tier1,queued,bulk_ready
qwen25_7b_instruct,hellaswag,commonsense,model_correct,cross_domain,4,tier1,queued,bulk_ready
qwen25_7b_instruct,hellaswag,commonsense,model_correct,cross_domain,8,tier1,queued,bulk_ready
qwen25_7b_instruct,hellaswag,commonsense,model_correct,cross_domain,16,tier1,queued,bulk_ready
qwen25_7b_instruct,hellaswag,commonsense,model_correct,cross_domain,32,tier1,queued,bulk_ready
qwen25_7b_instruct,hellaswag,commonsense,model_incorrect,cross_domain,0,tier1,queued,bulk_ready
qwen25_7b_instruct,hellaswag,commonsense,model_incorrect,cross_domain,1,tier1,queued,bulk_ready
qwen25_7b_instruct,hellaswag,commonsense,model_incorrect,cross_domain,2,tier1,queued,bulk_ready
qwen25_7b_instruct,hellaswag,commonsense,model_incorrect,cross_domain,4,tier1,queued,bulk_ready
qwen25_7b_instruct,hellaswag,commonsense,model_incorrect,cross_domain,8,tier1,queued,bulk_ready
qwen25_7b_instruct,hellaswag,commonsense,model_incorrect,cross_domain,16,tier1,queued,bulk_ready
qwen25_7b_instruct,hellaswag,commonsense,model_incorrect,cross_domain,32,tier1,queued,bulk_ready
qwen25_7b_instruct,piqa,commonsense,model_correct,same_benchmark,0,tier1,queued,bulk_ready
qwen25_7b_instruct,piqa,commonsense,model_correct,same_benchmark,1,tier1,queued,bulk_ready
qwen25_7b_instruct,piqa,commonsense,model_correct,same_benchmark,2,tier1,queued,bulk_ready
qwen25_7b_instruct,piqa,commonsense,model_correct,same_benchmark,4,tier1,queued,bulk_ready
qwen25_7b_instruct,piqa,commonsense,model_correct,same_benchmark,8,tier1,queued,bulk_ready
qwen25_7b_instruct,piqa,commonsense,model_correct,same_benchmark,16,tier1,queued,bulk_ready
qwen25_7b_instruct,piqa,commonsense,model_correct,same_benchmark,32,tier1,queued,bulk_ready
qwen25_7b_instruct,piqa,commonsense,model_incorrect,same_benchmark,0,tier1,queued,bulk_ready
qwen25_7b_instruct,piqa,commonsense,model_incorrect,same_benchmark,1,tier1,queued,bulk_ready
qwen25_7b_instruct,piqa,commonsense,model_incorrect,same_benchmark,2,tier1,queued,bulk_ready
qwen25_7b_instruct,piqa,commonsense,model_incorrect,same_benchmark,4,tier1,queued,bulk_ready
qwen25_7b_instruct,piqa,commonsense,model_incorrect,same_benchmark,8,tier1,queued,bulk_ready
qwen25_7b_instruct,piqa,commonsense,model_incorrect,same_benchmark,16,tier1,queued,bulk_ready
qwen25_7b_instruct,piqa,commonsense,model_incorrect,same_benchmark,32,tier1,queued,bulk_ready
qwen25_7b_instruct,piqa,commonsense,model_correct,same_domain_other_benchmark,0,tier1,queued,bulk_ready
qwen25_7b_instruct,piqa,commonsense,model_correct,same_domain_other_benchmark,1,tier1,queued,bulk_ready
qwen25_7b_instruct,piqa,commonsense,model_correct,same_domain_other_benchmark,2,tier1,queued,bulk_ready
qwen25_7b_instruct,piqa,commonsense,model_correct,same_domain_other_benchmark,4,tier1,queued,bulk_ready
qwen25_7b_instruct,piqa,commonsense,model_correct,same_domain_other_benchmark,8,tier1,queued,bulk_ready
qwen25_7b_instruct,piqa,commonsense,model_correct,same_domain_other_benchmark,16,tier1,queued,bulk_ready
qwen25_7b_instruct,piqa,commonsense,model_correct,same_domain_other_benchmark,32,tier1,queued,bulk_ready
qwen25_7b_instruct,piqa,commonsense,model_incorrect,same_domain_other_benchmark,0,tier1,queued,bulk_ready
qwen25_7b_instruct,piqa,commonsense,model_incorrect,same_domain_other_benchmark,1,tier1,queued,bulk_ready
qwen25_7b_instruct,piqa,commonsense,model_incorrect,same_domain_other_benchmark,2,tier1,queued,bulk_ready
qwen25_7b_instruct,piqa,commonsense,model_incorrect,same_domain_other_benchmark,4,tier1,queued,bulk_ready
qwen25_7b_instruct,piqa,commonsense,model_incorrect,same_domain_other_benchmark,8,tier1,queued,bulk_ready
qwen25_7b_instruct,piqa,commonsense,model_incorrect,same_domain_other_benchmark,16,tier1,queued,bulk_ready
qwen25_7b_instruct,piqa,commonsense,model_incorrect,same_domain_other_benchmark,32,tier1,queued,bulk_ready
qwen25_7b_instruct,piqa,commonsense,model_correct,cross_domain,0,tier1,queued,bulk_ready
qwen25_7b_instruct,piqa,commonsense,model_correct,cross_domain,1,tier1,queued,bulk_ready
qwen25_7b_instruct,piqa,commonsense,model_correct,cross_domain,2,tier1,queued,bulk_ready
qwen25_7b_instruct,piqa,commonsense,model_correct,cross_domain,4,tier1,queued,bulk_ready
qwen25_7b_instruct,piqa,commonsense,model_correct,cross_domain,8,tier1,queued,bulk_ready
qwen25_7b_instruct,piqa,commonsense,model_correct,cross_domain,16,tier1,queued,bulk_ready
qwen25_7b_instruct,piqa,commonsense,model_correct,cross_domain,32,tier1,queued,bulk_ready
qwen25_7b_instruct,piqa,commonsense,model_incorrect,cross_domain,0,tier1,queued,bulk_ready
qwen25_7b_instruct,piqa,commonsense,model_incorrect,cross_domain,1,tier1,queued,bulk_ready
qwen25_7b_instruct,piqa,commonsense,model_incorrect,cross_domain,2,tier1,queued,bulk_ready
qwen25_7b_instruct,piqa,commonsense,model_incorrect,cross_domain,4,tier1,queued,bulk_ready
qwen25_7b_instruct,piqa,commonsense,model_incorrect,cross_domain,8,tier1,queued,bulk_ready
qwen25_7b_instruct,piqa,commonsense,model_incorrect,cross_domain,16,tier1,queued,bulk_ready
qwen25_7b_instruct,piqa,commonsense,model_incorrect,cross_domain,32,tier1,queued,bulk_ready
qwen25_7b_instruct,boolq,factual_reading,model_correct,same_benchmark,0,tier1,queued,bulk_ready
qwen25_7b_instruct,boolq,factual_reading,model_correct,same_benchmark,1,tier1,queued,bulk_ready
qwen25_7b_instruct,boolq,factual_reading,model_correct,same_benchmark,2,tier1,queued,bulk_ready
qwen25_7b_instruct,boolq,factual_reading,model_correct,same_benchmark,4,tier1,queued,bulk_ready
qwen25_7b_instruct,boolq,factual_reading,model_correct,same_benchmark,8,tier1,queued,bulk_ready
qwen25_7b_instruct,boolq,factual_reading,model_correct,same_benchmark,16,tier1,queued,bulk_ready
qwen25_7b_instruct,boolq,factual_reading,model_correct,same_benchmark,32,tier1,queued,bulk_ready
qwen25_7b_instruct,boolq,factual_reading,model_incorrect,same_benchmark,0,tier1,queued,bulk_ready
qwen25_7b_instruct,boolq,factual_reading,model_incorrect,same_benchmark,1,tier1,queued,bulk_ready
qwen25_7b_instruct,boolq,factual_reading,model_incorrect,same_benchmark,2,tier1,queued,bulk_ready
qwen25_7b_instruct,boolq,factual_reading,model_incorrect,same_benchmark,4,tier1,queued,bulk_ready
qwen25_7b_instruct,boolq,factual_reading,model_incorrect,same_benchmark,8,tier1,queued,bulk_ready
qwen25_7b_instruct,boolq,factual_reading,model_incorrect,same_benchmark,16,tier1,queued,bulk_ready
qwen25_7b_instruct,boolq,factual_reading,model_incorrect,same_benchmark,32,tier1,queued,bulk_ready
qwen25_7b_instruct,boolq,factual_reading,model_correct,same_domain_other_benchmark,0,tier1,queued,bulk_ready
qwen25_7b_instruct,boolq,factual_reading,model_correct,same_domain_other_benchmark,1,tier1,queued,bulk_ready
qwen25_7b_instruct,boolq,factual_reading,model_correct,same_domain_other_benchmark,2,tier1,queued,bulk_ready
qwen25_7b_instruct,boolq,factual_reading,model_correct,same_domain_other_benchmark,4,tier1,queued,bulk_ready
qwen25_7b_instruct,boolq,factual_reading,model_correct,same_domain_other_benchmark,8,tier1,queued,bulk_ready
qwen25_7b_instruct,boolq,factual_reading,model_correct,same_domain_other_benchmark,16,tier1,queued,bulk_ready
qwen25_7b_instruct,boolq,factual_reading,model_correct,same_domain_other_benchmark,32,tier1,queued,bulk_ready
qwen25_7b_instruct,boolq,factual_reading,model_incorrect,same_domain_other_benchmark,0,tier1,queued,bulk_ready
qwen25_7b_instruct,boolq,factual_reading,model_incorrect,same_domain_other_benchmark,1,tier1,queued,bulk_ready
qwen25_7b_instruct,boolq,factual_reading,model_incorrect,same_domain_other_benchmark,2,tier1,queued,bulk_ready
qwen25_7b_instruct,boolq,factual_reading,model_incorrect,same_domain_other_benchmark,4,tier1,queued,bulk_ready
qwen25_7b_instruct,boolq,factual_reading,model_incorrect,same_domain_other_benchmark,8,tier1,queued,bulk_ready
qwen25_7b_instruct,boolq,factual_reading,model_incorrect,same_domain_other_benchmark,16,tier1,queued,bulk_ready
qwen25_7b_instruct,boolq,factual_reading,model_incorrect,same_domain_other_benchmark,32,tier1,queued,bulk_ready
qwen25_7b_instruct,boolq,factual_reading,model_correct,cross_domain,0,tier1,queued,bulk_ready
qwen25_7b_instruct,boolq,factual_reading,model_correct,cross_domain,1,tier1,queued,bulk_ready
qwen25_7b_instruct,boolq,factual_reading,model_correct,cross_domain,2,tier1,queued,bulk_ready
qwen25_7b_instruct,boolq,factual_reading,model_correct,cross_domain,4,tier1,queued,bulk_ready
qwen25_7b_instruct,boolq,factual_reading,model_correct,cross_domain,8,tier1,queued,bulk_ready
qwen25_7b_instruct,boolq,factual_reading,model_correct,cross_domain,16,tier1,queued,bulk_ready
qwen25_7b_instruct,boolq,factual_reading,model_correct,cross_domain,32,tier1,queued,bulk_ready
qwen25_7b_instruct,boolq,factual_reading,model_incorrect,cross_domain,0,tier1,queued,bulk_ready
qwen25_7b_instruct,boolq,factual_reading,model_incorrect,cross_domain,1,tier1,queued,bulk_ready
qwen25_7b_instruct,boolq,factual_reading,model_incorrect,cross_domain,2,tier1,queued,bulk_ready
qwen25_7b_instruct,boolq,factual_reading,model_incorrect,cross_domain,4,tier1,queued,bulk_ready
qwen25_7b_instruct,boolq,factual_reading,model_incorrect,cross_domain,8,tier1,queued,bulk_ready
qwen25_7b_instruct,boolq,factual_reading,model_incorrect,cross_domain,16,tier1,queued,bulk_ready
qwen25_7b_instruct,boolq,factual_reading,model_incorrect,cross_domain,32,tier1,queued,bulk_ready
qwen25_7b_instruct,truthfulqa_mc,factual_reading,model_correct,same_benchmark,0,tier1,queued,bulk_ready
qwen25_7b_instruct,truthfulqa_mc,factual_reading,model_correct,same_benchmark,1,tier1,queued,bulk_ready
qwen25_7b_instruct,truthfulqa_mc,factual_reading,model_correct,same_benchmark,2,tier1,queued,bulk_ready
qwen25_7b_instruct,truthfulqa_mc,factual_reading,model_correct,same_benchmark,4,tier1,queued,bulk_ready
qwen25_7b_instruct,truthfulqa_mc,factual_reading,model_correct,same_benchmark,8,tier1,queued,bulk_ready
qwen25_7b_instruct,truthfulqa_mc,factual_reading,model_correct,same_benchmark,16,tier1,queued,bulk_ready
qwen25_7b_instruct,truthfulqa_mc,factual_reading,model_correct,same_benchmark,32,tier1,queued,bulk_ready
qwen25_7b_instruct,truthfulqa_mc,factual_reading,model_incorrect,same_benchmark,0,tier1,queued,bulk_ready
qwen25_7b_instruct,truthfulqa_mc,factual_reading,model_incorrect,same_benchmark,1,tier1,queued,bulk_ready
qwen25_7b_instruct,truthfulqa_mc,factual_reading,model_incorrect,same_benchmark,2,tier1,queued,bulk_ready
qwen25_7b_instruct,truthfulqa_mc,factual_reading,model_incorrect,same_benchmark,4,tier1,queued,bulk_ready
qwen25_7b_instruct,truthfulqa_mc,factual_reading,model_incorrect,same_benchmark,8,tier1,queued,bulk_ready
qwen25_7b_instruct,truthfulqa_mc,factual_reading,model_incorrect,same_benchmark,16,tier1,queued,bulk_ready
qwen25_7b_instruct,truthfulqa_mc,factual_reading,model_incorrect,same_benchmark,32,tier1,queued,bulk_ready
qwen25_7b_instruct,truthfulqa_mc,factual_reading,model_correct,same_domain_other_benchmark,0,tier1,queued,bulk_ready
qwen25_7b_instruct,truthfulqa_mc,factual_reading,model_correct,same_domain_other_benchmark,1,tier1,queued,bulk_ready
qwen25_7b_instruct,truthfulqa_mc,factual_reading,model_correct,same_domain_other_benchmark,2,tier1,queued,bulk_ready
qwen25_7b_instruct,truthfulqa_mc,factual_reading,model_correct,same_domain_other_benchmark,4,tier1,queued,bulk_ready
qwen25_7b_instruct,truthfulqa_mc,factual_reading,model_correct,same_domain_other_benchmark,8,tier1,queued,bulk_ready
qwen25_7b_instruct,truthfulqa_mc,factual_reading,model_correct,same_domain_other_benchmark,16,tier1,queued,bulk_ready
qwen25_7b_instruct,truthfulqa_mc,factual_reading,model_correct,same_domain_other_benchmark,32,tier1,queued,bulk_ready
qwen25_7b_instruct,truthfulqa_mc,factual_reading,model_incorrect,same_domain_other_benchmark,0,tier1,queued,bulk_ready
qwen25_7b_instruct,truthfulqa_mc,factual_reading,model_incorrect,same_domain_other_benchmark,1,tier1,queued,bulk_ready
qwen25_7b_instruct,truthfulqa_mc,factual_reading,model_incorrect,same_domain_other_benchmark,2,tier1,queued,bulk_ready
qwen25_7b_instruct,truthfulqa_mc,factual_reading,model_incorrect,same_domain_other_benchmark,4,tier1,queued,bulk_ready
qwen25_7b_instruct,truthfulqa_mc,factual_reading,model_incorrect,same_domain_other_benchmark,8,tier1,queued,bulk_ready
qwen25_7b_instruct,truthfulqa_mc,factual_reading,model_incorrect,same_domain_other_benchmark,16,tier1,queued,bulk_ready
qwen25_7b_instruct,truthfulqa_mc,factual_reading,model_incorrect,same_domain_other_benchmark,32,tier1,queued,bulk_ready
qwen25_7b_instruct,truthfulqa_mc,factual_reading,model_correct,cross_domain,0,tier1,queued,bulk_ready
qwen25_7b_instruct,truthfulqa_mc,factual_reading,model_correct,cross_domain,1,tier1,queued,bulk_ready
qwen25_7b_instruct,truthfulqa_mc,factual_reading,model_correct,cross_domain,2,tier1,queued,bulk_ready
qwen25_7b_instruct,truthfulqa_mc,factual_reading,model_correct,cross_domain,4,tier1,queued,bulk_ready
qwen25_7b_instruct,truthfulqa_mc,factual_reading,model_correct,cross_domain,8,tier1,queued,bulk_ready
qwen25_7b_instruct,truthfulqa_mc,factual_reading,model_correct,cross_domain,16,tier1,queued,bulk_ready
qwen25_7b_instruct,truthfulqa_mc,factual_reading,model_correct,cross_domain,32,tier1,queued,bulk_ready
qwen25_7b_instruct,truthfulqa_mc,factual_reading,model_incorrect,cross_domain,0,tier1,queued,bulk_ready
qwen25_7b_instruct,truthfulqa_mc,factual_reading,model_incorrect,cross_domain,1,tier1,queued,bulk_ready
qwen25_7b_instruct,truthfulqa_mc,factual_reading,model_incorrect,cross_domain,2,tier1,queued,bulk_ready
qwen25_7b_instruct,truthfulqa_mc,factual_reading,model_incorrect,cross_domain,4,tier1,queued,bulk_ready
qwen25_7b_instruct,truthfulqa_mc,factual_reading,model_incorrect,cross_domain,8,tier1,queued,bulk_ready
qwen25_7b_instruct,truthfulqa_mc,factual_reading,model_incorrect,cross_domain,16,tier1,queued,bulk_ready
qwen25_7b_instruct,truthfulqa_mc,factual_reading,model_incorrect,cross_domain,32,tier1,queued,bulk_ready
llama31_8b_instruct,gsm8k,math,model_correct,same_benchmark,0,tier1,queued,bulk_ready
llama31_8b_instruct,gsm8k,math,model_correct,same_benchmark,1,tier1,queued,bulk_ready
llama31_8b_instruct,gsm8k,math,model_correct,same_benchmark,2,tier1,queued,bulk_ready
llama31_8b_instruct,gsm8k,math,model_correct,same_benchmark,4,tier1,queued,bulk_ready
llama31_8b_instruct,gsm8k,math,model_correct,same_benchmark,8,tier1,queued,bulk_ready
llama31_8b_instruct,gsm8k,math,model_correct,same_benchmark,16,tier1,queued,bulk_ready
llama31_8b_instruct,gsm8k,math,model_correct,same_benchmark,32,tier1,queued,bulk_ready
llama31_8b_instruct,gsm8k,math,model_incorrect,same_benchmark,0,tier1,queued,bulk_ready
llama31_8b_instruct,gsm8k,math,model_incorrect,same_benchmark,1,tier1,queued,bulk_ready
llama31_8b_instruct,gsm8k,math,model_incorrect,same_benchmark,2,tier1,queued,bulk_ready
llama31_8b_instruct,gsm8k,math,model_incorrect,same_benchmark,4,tier1,queued,bulk_ready
llama31_8b_instruct,gsm8k,math,model_incorrect,same_benchmark,8,tier1,queued,bulk_ready
llama31_8b_instruct,gsm8k,math,model_incorrect,same_benchmark,16,tier1,queued,bulk_ready
llama31_8b_instruct,gsm8k,math,model_incorrect,same_benchmark,32,tier1,queued,bulk_ready
llama31_8b_instruct,gsm8k,math,model_correct,same_domain_other_benchmark,0,tier1,queued,bulk_ready
llama31_8b_instruct,gsm8k,math,model_correct,same_domain_other_benchmark,1,tier1,queued,bulk_ready
llama31_8b_instruct,gsm8k,math,model_correct,same_domain_other_benchmark,2,tier1,queued,bulk_ready
llama31_8b_instruct,gsm8k,math,model_correct,same_domain_other_benchmark,4,tier1,queued,bulk_ready
llama31_8b_instruct,gsm8k,math,model_correct,same_domain_other_benchmark,8,tier1,queued,bulk_ready
llama31_8b_instruct,gsm8k,math,model_correct,same_domain_other_benchmark,16,tier1,queued,bulk_ready
llama31_8b_instruct,gsm8k,math,model_correct,same_domain_other_benchmark,32,tier1,queued,bulk_ready
llama31_8b_instruct,gsm8k,math,model_incorrect,same_domain_other_benchmark,0,tier1,queued,bulk_ready
llama31_8b_instruct,gsm8k,math,model_incorrect,same_domain_other_benchmark,1,tier1,queued,bulk_ready
llama31_8b_instruct,gsm8k,math,model_incorrect,same_domain_other_benchmark,2,tier1,queued,bulk_ready
llama31_8b_instruct,gsm8k,math,model_incorrect,same_domain_other_benchmark,4,tier1,queued,bulk_ready
llama31_8b_instruct,gsm8k,math,model_incorrect,same_domain_other_benchmark,8,tier1,queued,bulk_ready
llama31_8b_instruct,gsm8k,math,model_incorrect,same_domain_other_benchmark,16,tier1,queued,bulk_ready
llama31_8b_instruct,gsm8k,math,model_incorrect,same_domain_other_benchmark,32,tier1,queued,bulk_ready
llama31_8b_instruct,gsm8k,math,model_correct,cross_domain,0,tier1,queued,bulk_ready
llama31_8b_instruct,gsm8k,math,model_correct,cross_domain,1,tier1,queued,bulk_ready
llama31_8b_instruct,gsm8k,math,model_correct,cross_domain,2,tier1,queued,bulk_ready
llama31_8b_instruct,gsm8k,math,model_correct,cross_domain,4,tier1,queued,bulk_ready
llama31_8b_instruct,gsm8k,math,model_correct,cross_domain,8,tier1,queued,bulk_ready
llama31_8b_instruct,gsm8k,math,model_correct,cross_domain,16,tier1,queued,bulk_ready
llama31_8b_instruct,gsm8k,math,model_correct,cross_domain,32,tier1,queued,bulk_ready
llama31_8b_instruct,gsm8k,math,model_incorrect,cross_domain,0,tier1,queued,bulk_ready
llama31_8b_instruct,gsm8k,math,model_incorrect,cross_domain,1,tier1,queued,bulk_ready
llama31_8b_instruct,gsm8k,math,model_incorrect,cross_domain,2,tier1,queued,bulk_ready
llama31_8b_instruct,gsm8k,math,model_incorrect,cross_domain,4,tier1,queued,bulk_ready
llama31_8b_instruct,gsm8k,math,model_incorrect,cross_domain,8,tier1,queued,bulk_ready
llama31_8b_instruct,gsm8k,math,model_incorrect,cross_domain,16,tier1,queued,bulk_ready
llama31_8b_instruct,gsm8k,math,model_incorrect,cross_domain,32,tier1,queued,bulk_ready
llama31_8b_instruct,math500,math,model_correct,same_benchmark,0,tier1,queued,bulk_ready
llama31_8b_instruct,math500,math,model_correct,same_benchmark,1,tier1,queued,bulk_ready
llama31_8b_instruct,math500,math,model_correct,same_benchmark,2,tier1,queued,bulk_ready
llama31_8b_instruct,math500,math,model_correct,same_benchmark,4,tier1,queued,bulk_ready
llama31_8b_instruct,math500,math,model_correct,same_benchmark,8,tier1,queued,bulk_ready
llama31_8b_instruct,math500,math,model_correct,same_benchmark,16,tier1,queued,bulk_ready
llama31_8b_instruct,math500,math,model_correct,same_benchmark,32,tier1,queued,bulk_ready
llama31_8b_instruct,math500,math,model_incorrect,same_benchmark,0,tier1,queued,bulk_ready
llama31_8b_instruct,math500,math,model_incorrect,same_benchmark,1,tier1,queued,bulk_ready
llama31_8b_instruct,math500,math,model_incorrect,same_benchmark,2,tier1,queued,bulk_ready
llama31_8b_instruct,math500,math,model_incorrect,same_benchmark,4,tier1,queued,bulk_ready
llama31_8b_instruct,math500,math,model_incorrect,same_benchmark,8,tier1,queued,bulk_ready
llama31_8b_instruct,math500,math,model_incorrect,same_benchmark,16,tier1,queued,bulk_ready
llama31_8b_instruct,math500,math,model_incorrect,same_benchmark,32,tier1,queued,bulk_ready
llama31_8b_instruct,math500,math,model_correct,same_domain_other_benchmark,0,tier1,queued,bulk_ready
llama31_8b_instruct,math500,math,model_correct,same_domain_other_benchmark,1,tier1,queued,bulk_ready
llama31_8b_instruct,math500,math,model_correct,same_domain_other_benchmark,2,tier1,queued,bulk_ready
llama31_8b_instruct,math500,math,model_correct,same_domain_other_benchmark,4,tier1,queued,bulk_ready
llama31_8b_instruct,math500,math,model_correct,same_domain_other_benchmark,8,tier1,queued,bulk_ready
llama31_8b_instruct,math500,math,model_correct,same_domain_other_benchmark,16,tier1,queued,bulk_ready
llama31_8b_instruct,math500,math,model_correct,same_domain_other_benchmark,32,tier1,queued,bulk_ready
llama31_8b_instruct,math500,math,model_incorrect,same_domain_other_benchmark,0,tier1,queued,bulk_ready
llama31_8b_instruct,math500,math,model_incorrect,same_domain_other_benchmark,1,tier1,queued,bulk_ready
llama31_8b_instruct,math500,math,model_incorrect,same_domain_other_benchmark,2,tier1,queued,bulk_ready
llama31_8b_instruct,math500,math,model_incorrect,same_domain_other_benchmark,4,tier1,queued,bulk_ready
llama31_8b_instruct,math500,math,model_incorrect,same_domain_other_benchmark,8,tier1,queued,bulk_ready
llama31_8b_instruct,math500,math,model_incorrect,same_domain_other_benchmark,16,tier1,queued,bulk_ready
llama31_8b_instruct,math500,math,model_incorrect,same_domain_other_benchmark,32,tier1,queued,bulk_ready
llama31_8b_instruct,math500,math,model_correct,cross_domain,0,tier1,queued,bulk_ready
llama31_8b_instruct,math500,math,model_correct,cross_domain,1,tier1,queued,bulk_ready
llama31_8b_instruct,math500,math,model_correct,cross_domain,2,tier1,queued,bulk_ready
llama31_8b_instruct,math500,math,model_correct,cross_domain,4,tier1,queued,bulk_ready
llama31_8b_instruct,math500,math,model_correct,cross_domain,8,tier1,queued,bulk_ready
llama31_8b_instruct,math500,math,model_correct,cross_domain,16,tier1,queued,bulk_ready
llama31_8b_instruct,math500,math,model_correct,cross_domain,32,tier1,queued,bulk_ready
llama31_8b_instruct,math500,math,model_incorrect,cross_domain,0,tier1,queued,bulk_ready
llama31_8b_instruct,math500,math,model_incorrect,cross_domain,1,tier1,queued,bulk_ready
llama31_8b_instruct,math500,math,model_incorrect,cross_domain,2,tier1,queued,bulk_ready
llama31_8b_instruct,math500,math,model_incorrect,cross_domain,4,tier1,queued,bulk_ready
llama31_8b_instruct,math500,math,model_incorrect,cross_domain,8,tier1,queued,bulk_ready
llama31_8b_instruct,math500,math,model_incorrect,cross_domain,16,tier1,queued,bulk_ready
llama31_8b_instruct,math500,math,model_incorrect,cross_domain,32,tier1,queued,bulk_ready
llama31_8b_instruct,gpqa,science,model_correct,same_benchmark,0,tier1,queued,bulk_ready
llama31_8b_instruct,gpqa,science,model_correct,same_benchmark,1,tier1,queued,bulk_ready
llama31_8b_instruct,gpqa,science,model_correct,same_benchmark,2,tier1,queued,bulk_ready
llama31_8b_instruct,gpqa,science,model_correct,same_benchmark,4,tier1,queued,bulk_ready
llama31_8b_instruct,gpqa,science,model_correct,same_benchmark,8,tier1,queued,bulk_ready
llama31_8b_instruct,gpqa,science,model_correct,same_benchmark,16,tier1,queued,bulk_ready
llama31_8b_instruct,gpqa,science,model_correct,same_benchmark,32,tier1,queued,bulk_ready
llama31_8b_instruct,gpqa,science,model_incorrect,same_benchmark,0,tier1,queued,bulk_ready
llama31_8b_instruct,gpqa,science,model_incorrect,same_benchmark,1,tier1,queued,bulk_ready
llama31_8b_instruct,gpqa,science,model_incorrect,same_benchmark,2,tier1,queued,bulk_ready
llama31_8b_instruct,gpqa,science,model_incorrect,same_benchmark,4,tier1,queued,bulk_ready
llama31_8b_instruct,gpqa,science,model_incorrect,same_benchmark,8,tier1,queued,bulk_ready
llama31_8b_instruct,gpqa,science,model_incorrect,same_benchmark,16,tier1,queued,bulk_ready
llama31_8b_instruct,gpqa,science,model_incorrect,same_benchmark,32,tier1,queued,bulk_ready
llama31_8b_instruct,gpqa,science,model_correct,same_domain_other_benchmark,0,tier1,queued,bulk_ready
llama31_8b_instruct,gpqa,science,model_correct,same_domain_other_benchmark,1,tier1,queued,bulk_ready
llama31_8b_instruct,gpqa,science,model_correct,same_domain_other_benchmark,2,tier1,queued,bulk_ready
llama31_8b_instruct,gpqa,science,model_correct,same_domain_other_benchmark,4,tier1,queued,bulk_ready
llama31_8b_instruct,gpqa,science,model_correct,same_domain_other_benchmark,8,tier1,queued,bulk_ready
llama31_8b_instruct,gpqa,science,model_correct,same_domain_other_benchmark,16,tier1,queued,bulk_ready
llama31_8b_instruct,gpqa,science,model_correct,same_domain_other_benchmark,32,tier1,queued,bulk_ready
llama31_8b_instruct,gpqa,science,model_incorrect,same_domain_other_benchmark,0,tier1,queued,bulk_ready
llama31_8b_instruct,gpqa,science,model_incorrect,same_domain_other_benchmark,1,tier1,queued,bulk_ready
llama31_8b_instruct,gpqa,science,model_incorrect,same_domain_other_benchmark,2,tier1,queued,bulk_ready
llama31_8b_instruct,gpqa,science,model_incorrect,same_domain_other_benchmark,4,tier1,queued,bulk_ready
llama31_8b_instruct,gpqa,science,model_incorrect,same_domain_other_benchmark,8,tier1,queued,bulk_ready
llama31_8b_instruct,gpqa,science,model_incorrect,same_domain_other_benchmark,16,tier1,queued,bulk_ready
llama31_8b_instruct,gpqa,science,model_incorrect,same_domain_other_benchmark,32,tier1,queued,bulk_ready
llama31_8b_instruct,gpqa,science,model_correct,cross_domain,0,tier1,queued,bulk_ready
llama31_8b_instruct,gpqa,science,model_correct,cross_domain,1,tier1,queued,bulk_ready
llama31_8b_instruct,gpqa,science,model_correct,cross_domain,2,tier1,queued,bulk_ready
llama31_8b_instruct,gpqa,science,model_correct,cross_domain,4,tier1,queued,bulk_ready
llama31_8b_instruct,gpqa,science,model_correct,cross_domain,8,tier1,queued,bulk_ready
llama31_8b_instruct,gpqa,science,model_correct,cross_domain,16,tier1,queued,bulk_ready
llama31_8b_instruct,gpqa,science,model_correct,cross_domain,32,tier1,queued,bulk_ready
llama31_8b_instruct,gpqa,science,model_incorrect,cross_domain,0,tier1,queued,bulk_ready
llama31_8b_instruct,gpqa,science,model_incorrect,cross_domain,1,tier1,queued,bulk_ready
llama31_8b_instruct,gpqa,science,model_incorrect,cross_domain,2,tier1,queued,bulk_ready
llama31_8b_instruct,gpqa,science,model_incorrect,cross_domain,4,tier1,queued,bulk_ready
llama31_8b_instruct,gpqa,science,model_incorrect,cross_domain,8,tier1,queued,bulk_ready
llama31_8b_instruct,gpqa,science,model_incorrect,cross_domain,16,tier1,queued,bulk_ready
llama31_8b_instruct,gpqa,science,model_incorrect,cross_domain,32,tier1,queued,bulk_ready
llama31_8b_instruct,arc_challenge,science,model_correct,same_benchmark,0,tier1,queued,bulk_ready
llama31_8b_instruct,arc_challenge,science,model_correct,same_benchmark,1,tier1,queued,bulk_ready
llama31_8b_instruct,arc_challenge,science,model_correct,same_benchmark,2,tier1,queued,bulk_ready
llama31_8b_instruct,arc_challenge,science,model_correct,same_benchmark,4,tier1,queued,bulk_ready
llama31_8b_instruct,arc_challenge,science,model_correct,same_benchmark,8,tier1,queued,bulk_ready
llama31_8b_instruct,arc_challenge,science,model_correct,same_benchmark,16,tier1,queued,bulk_ready
llama31_8b_instruct,arc_challenge,science,model_correct,same_benchmark,32,tier1,queued,bulk_ready
llama31_8b_instruct,arc_challenge,science,model_incorrect,same_benchmark,0,tier1,queued,bulk_ready
llama31_8b_instruct,arc_challenge,science,model_incorrect,same_benchmark,1,tier1,queued,bulk_ready
llama31_8b_instruct,arc_challenge,science,model_incorrect,same_benchmark,2,tier1,queued,bulk_ready
llama31_8b_instruct,arc_challenge,science,model_incorrect,same_benchmark,4,tier1,queued,bulk_ready
llama31_8b_instruct,arc_challenge,science,model_incorrect,same_benchmark,8,tier1,queued,bulk_ready
llama31_8b_instruct,arc_challenge,science,model_incorrect,same_benchmark,16,tier1,queued,bulk_ready
llama31_8b_instruct,arc_challenge,science,model_incorrect,same_benchmark,32,tier1,queued,bulk_ready
llama31_8b_instruct,arc_challenge,science,model_correct,same_domain_other_benchmark,0,tier1,queued,bulk_ready
llama31_8b_instruct,arc_challenge,science,model_correct,same_domain_other_benchmark,1,tier1,queued,bulk_ready
llama31_8b_instruct,arc_challenge,science,model_correct,same_domain_other_benchmark,2,tier1,queued,bulk_ready
llama31_8b_instruct,arc_challenge,science,model_correct,same_domain_other_benchmark,4,tier1,queued,bulk_ready
llama31_8b_instruct,arc_challenge,science,model_correct,same_domain_other_benchmark,8,tier1,queued,bulk_ready
llama31_8b_instruct,arc_challenge,science,model_correct,same_domain_other_benchmark,16,tier1,queued,bulk_ready
llama31_8b_instruct,arc_challenge,science,model_correct,same_domain_other_benchmark,32,tier1,queued,bulk_ready
llama31_8b_instruct,arc_challenge,science,model_incorrect,same_domain_other_benchmark,0,tier1,queued,bulk_ready
llama31_8b_instruct,arc_challenge,science,model_incorrect,same_domain_other_benchmark,1,tier1,queued,bulk_ready
llama31_8b_instruct,arc_challenge,science,model_incorrect,same_domain_other_benchmark,2,tier1,queued,bulk_ready
llama31_8b_instruct,arc_challenge,science,model_incorrect,same_domain_other_benchmark,4,tier1,queued,bulk_ready
llama31_8b_instruct,arc_challenge,science,model_incorrect,same_domain_other_benchmark,8,tier1,queued,bulk_ready
llama31_8b_instruct,arc_challenge,science,model_incorrect,same_domain_other_benchmark,16,tier1,queued,bulk_ready
llama31_8b_instruct,arc_challenge,science,model_incorrect,same_domain_other_benchmark,32,tier1,queued,bulk_ready
llama31_8b_instruct,arc_challenge,science,model_correct,cross_domain,0,tier1,queued,bulk_ready
llama31_8b_instruct,arc_challenge,science,model_correct,cross_domain,1,tier1,queued,bulk_ready
llama31_8b_instruct,arc_challenge,science,model_correct,cross_domain,2,tier1,queued,bulk_ready
llama31_8b_instruct,arc_challenge,science,model_correct,cross_domain,4,tier1,queued,bulk_ready
llama31_8b_instruct,arc_challenge,science,model_correct,cross_domain,8,tier1,queued,bulk_ready
llama31_8b_instruct,arc_challenge,science,model_correct,cross_domain,16,tier1,queued,bulk_ready
llama31_8b_instruct,arc_challenge,science,model_correct,cross_domain,32,tier1,queued,bulk_ready
llama31_8b_instruct,arc_challenge,science,model_incorrect,cross_domain,0,tier1,queued,bulk_ready
llama31_8b_instruct,arc_challenge,science,model_incorrect,cross_domain,1,tier1,queued,bulk_ready
llama31_8b_instruct,arc_challenge,science,model_incorrect,cross_domain,2,tier1,queued,bulk_ready
llama31_8b_instruct,arc_challenge,science,model_incorrect,cross_domain,4,tier1,queued,bulk_ready
llama31_8b_instruct,arc_challenge,science,model_incorrect,cross_domain,8,tier1,queued,bulk_ready
llama31_8b_instruct,arc_challenge,science,model_incorrect,cross_domain,16,tier1,queued,bulk_ready
llama31_8b_instruct,arc_challenge,science,model_incorrect,cross_domain,32,tier1,queued,bulk_ready
llama31_8b_instruct,mmlu_pro,general_knowledge,model_correct,same_benchmark,0,tier1,queued,bulk_ready
llama31_8b_instruct,mmlu_pro,general_knowledge,model_correct,same_benchmark,1,tier1,queued,bulk_ready
llama31_8b_instruct,mmlu_pro,general_knowledge,model_correct,same_benchmark,2,tier1,queued,bulk_ready
llama31_8b_instruct,mmlu_pro,general_knowledge,model_correct,same_benchmark,4,tier1,queued,bulk_ready
llama31_8b_instruct,mmlu_pro,general_knowledge,model_correct,same_benchmark,8,tier1,queued,bulk_ready
llama31_8b_instruct,mmlu_pro,general_knowledge,model_correct,same_benchmark,16,tier1,queued,bulk_ready
llama31_8b_instruct,mmlu_pro,general_knowledge,model_correct,same_benchmark,32,tier1,queued,bulk_ready
llama31_8b_instruct,mmlu_pro,general_knowledge,model_incorrect,same_benchmark,0,tier1,queued,bulk_ready
llama31_8b_instruct,mmlu_pro,general_knowledge,model_incorrect,same_benchmark,1,tier1,queued,bulk_ready
llama31_8b_instruct,mmlu_pro,general_knowledge,model_incorrect,same_benchmark,2,tier1,queued,bulk_ready
llama31_8b_instruct,mmlu_pro,general_knowledge,model_incorrect,same_benchmark,4,tier1,queued,bulk_ready
llama31_8b_instruct,mmlu_pro,general_knowledge,model_incorrect,same_benchmark,8,tier1,queued,bulk_ready
llama31_8b_instruct,mmlu_pro,general_knowledge,model_incorrect,same_benchmark,16,tier1,queued,bulk_ready
llama31_8b_instruct,mmlu_pro,general_knowledge,model_incorrect,same_benchmark,32,tier1,queued,bulk_ready
llama31_8b_instruct,mmlu_pro,general_knowledge,model_correct,same_domain_other_benchmark,0,tier1,queued,bulk_ready
llama31_8b_instruct,mmlu_pro,general_knowledge,model_correct,same_domain_other_benchmark,1,tier1,queued,bulk_ready
llama31_8b_instruct,mmlu_pro,general_knowledge,model_correct,same_domain_other_benchmark,2,tier1,queued,bulk_ready
llama31_8b_instruct,mmlu_pro,general_knowledge,model_correct,same_domain_other_benchmark,4,tier1,queued,bulk_ready
llama31_8b_instruct,mmlu_pro,general_knowledge,model_correct,same_domain_other_benchmark,8,tier1,queued,bulk_ready
llama31_8b_instruct,mmlu_pro,general_knowledge,model_correct,same_domain_other_benchmark,16,tier1,queued,bulk_ready
llama31_8b_instruct,mmlu_pro,general_knowledge,model_correct,same_domain_other_benchmark,32,tier1,queued,bulk_ready
llama31_8b_instruct,mmlu_pro,general_knowledge,model_incorrect,same_domain_other_benchmark,0,tier1,queued,bulk_ready
llama31_8b_instruct,mmlu_pro,general_knowledge,model_incorrect,same_domain_other_benchmark,1,tier1,queued,bulk_ready
llama31_8b_instruct,mmlu_pro,general_knowledge,model_incorrect,same_domain_other_benchmark,2,tier1,queued,bulk_ready
llama31_8b_instruct,mmlu_pro,general_knowledge,model_incorrect,same_domain_other_benchmark,4,tier1,queued,bulk_ready
llama31_8b_instruct,mmlu_pro,general_knowledge,model_incorrect,same_domain_other_benchmark,8,tier1,queued,bulk_ready
llama31_8b_instruct,mmlu_pro,general_knowledge,model_incorrect,same_domain_other_benchmark,16,tier1,queued,bulk_ready
llama31_8b_instruct,mmlu_pro,general_knowledge,model_incorrect,same_domain_other_benchmark,32,tier1,queued,bulk_ready
llama31_8b_instruct,mmlu_pro,general_knowledge,model_correct,cross_domain,0,tier1,queued,bulk_ready
llama31_8b_instruct,mmlu_pro,general_knowledge,model_correct,cross_domain,1,tier1,queued,bulk_ready
llama31_8b_instruct,mmlu_pro,general_knowledge,model_correct,cross_domain,2,tier1,queued,bulk_ready
llama31_8b_instruct,mmlu_pro,general_knowledge,model_correct,cross_domain,4,tier1,queued,bulk_ready
llama31_8b_instruct,mmlu_pro,general_knowledge,model_correct,cross_domain,8,tier1,queued,bulk_ready
llama31_8b_instruct,mmlu_pro,general_knowledge,model_correct,cross_domain,16,tier1,queued,bulk_ready
llama31_8b_instruct,mmlu_pro,general_knowledge,model_correct,cross_domain,32,tier1,queued,bulk_ready
llama31_8b_instruct,mmlu_pro,general_knowledge,model_incorrect,cross_domain,0,tier1,queued,bulk_ready
llama31_8b_instruct,mmlu_pro,general_knowledge,model_incorrect,cross_domain,1,tier1,queued,bulk_ready
llama31_8b_instruct,mmlu_pro,general_knowledge,model_incorrect,cross_domain,2,tier1,queued,bulk_ready
llama31_8b_instruct,mmlu_pro,general_knowledge,model_incorrect,cross_domain,4,tier1,queued,bulk_ready
llama31_8b_instruct,mmlu_pro,general_knowledge,model_incorrect,cross_domain,8,tier1,queued,bulk_ready
llama31_8b_instruct,mmlu_pro,general_knowledge,model_incorrect,cross_domain,16,tier1,queued,bulk_ready
llama31_8b_instruct,mmlu_pro,general_knowledge,model_incorrect,cross_domain,32,tier1,queued,bulk_ready
llama31_8b_instruct,mmlu_redux_2,general_knowledge,model_correct,same_benchmark,0,tier1,queued,bulk_ready
llama31_8b_instruct,mmlu_redux_2,general_knowledge,model_correct,same_benchmark,1,tier1,queued,bulk_ready
llama31_8b_instruct,mmlu_redux_2,general_knowledge,model_correct,same_benchmark,2,tier1,queued,bulk_ready
llama31_8b_instruct,mmlu_redux_2,general_knowledge,model_correct,same_benchmark,4,tier1,queued,bulk_ready
llama31_8b_instruct,mmlu_redux_2,general_knowledge,model_correct,same_benchmark,8,tier1,queued,bulk_ready
llama31_8b_instruct,mmlu_redux_2,general_knowledge,model_correct,same_benchmark,16,tier1,queued,bulk_ready
llama31_8b_instruct,mmlu_redux_2,general_knowledge,model_correct,same_benchmark,32,tier1,queued,bulk_ready
llama31_8b_instruct,mmlu_redux_2,general_knowledge,model_incorrect,same_benchmark,0,tier1,queued,bulk_ready
llama31_8b_instruct,mmlu_redux_2,general_knowledge,model_incorrect,same_benchmark,1,tier1,queued,bulk_ready
llama31_8b_instruct,mmlu_redux_2,general_knowledge,model_incorrect,same_benchmark,2,tier1,queued,bulk_ready
llama31_8b_instruct,mmlu_redux_2,general_knowledge,model_incorrect,same_benchmark,4,tier1,queued,bulk_ready
llama31_8b_instruct,mmlu_redux_2,general_knowledge,model_incorrect,same_benchmark,8,tier1,queued,bulk_ready
llama31_8b_instruct,mmlu_redux_2,general_knowledge,model_incorrect,same_benchmark,16,tier1,queued,bulk_ready
llama31_8b_instruct,mmlu_redux_2,general_knowledge,model_incorrect,same_benchmark,32,tier1,queued,bulk_ready
llama31_8b_instruct,mmlu_redux_2,general_knowledge,model_correct,same_domain_other_benchmark,0,tier1,queued,bulk_ready
llama31_8b_instruct,mmlu_redux_2,general_knowledge,model_correct,same_domain_other_benchmark,1,tier1,queued,bulk_ready
llama31_8b_instruct,mmlu_redux_2,general_knowledge,model_correct,same_domain_other_benchmark,2,tier1,queued,bulk_ready
llama31_8b_instruct,mmlu_redux_2,general_knowledge,model_correct,same_domain_other_benchmark,4,tier1,queued,bulk_ready
llama31_8b_instruct,mmlu_redux_2,general_knowledge,model_correct,same_domain_other_benchmark,8,tier1,queued,bulk_ready
llama31_8b_instruct,mmlu_redux_2,general_knowledge,model_correct,same_domain_other_benchmark,16,tier1,queued,bulk_ready
llama31_8b_instruct,mmlu_redux_2,general_knowledge,model_correct,same_domain_other_benchmark,32,tier1,queued,bulk_ready
llama31_8b_instruct,mmlu_redux_2,general_knowledge,model_incorrect,same_domain_other_benchmark,0,tier1,queued,bulk_ready
llama31_8b_instruct,mmlu_redux_2,general_knowledge,model_incorrect,same_domain_other_benchmark,1,tier1,queued,bulk_ready
llama31_8b_instruct,mmlu_redux_2,general_knowledge,model_incorrect,same_domain_other_benchmark,2,tier1,queued,bulk_ready
llama31_8b_instruct,mmlu_redux_2,general_knowledge,model_incorrect,same_domain_other_benchmark,4,tier1,queued,bulk_ready
llama31_8b_instruct,mmlu_redux_2,general_knowledge,model_incorrect,same_domain_other_benchmark,8,tier1,queued,bulk_ready
llama31_8b_instruct,mmlu_redux_2,general_knowledge,model_incorrect,same_domain_other_benchmark,16,tier1,queued,bulk_ready
llama31_8b_instruct,mmlu_redux_2,general_knowledge,model_incorrect,same_domain_other_benchmark,32,tier1,queued,bulk_ready
llama31_8b_instruct,mmlu_redux_2,general_knowledge,model_correct,cross_domain,0,tier1,queued,bulk_ready
llama31_8b_instruct,mmlu_redux_2,general_knowledge,model_correct,cross_domain,1,tier1,queued,bulk_ready
llama31_8b_instruct,mmlu_redux_2,general_knowledge,model_correct,cross_domain,2,tier1,queued,bulk_ready
llama31_8b_instruct,mmlu_redux_2,general_knowledge,model_correct,cross_domain,4,tier1,queued,bulk_ready
llama31_8b_instruct,mmlu_redux_2,general_knowledge,model_correct,cross_domain,8,tier1,queued,bulk_ready
llama31_8b_instruct,mmlu_redux_2,general_knowledge,model_correct,cross_domain,16,tier1,queued,bulk_ready
llama31_8b_instruct,mmlu_redux_2,general_knowledge,model_correct,cross_domain,32,tier1,queued,bulk_ready
llama31_8b_instruct,mmlu_redux_2,general_knowledge,model_incorrect,cross_domain,0,tier1,queued,bulk_ready
llama31_8b_instruct,mmlu_redux_2,general_knowledge,model_incorrect,cross_domain,1,tier1,queued,bulk_ready
llama31_8b_instruct,mmlu_redux_2,general_knowledge,model_incorrect,cross_domain,2,tier1,queued,bulk_ready
llama31_8b_instruct,mmlu_redux_2,general_knowledge,model_incorrect,cross_domain,4,tier1,queued,bulk_ready
llama31_8b_instruct,mmlu_redux_2,general_knowledge,model_incorrect,cross_domain,8,tier1,queued,bulk_ready
llama31_8b_instruct,mmlu_redux_2,general_knowledge,model_incorrect,cross_domain,16,tier1,queued,bulk_ready
llama31_8b_instruct,mmlu_redux_2,general_knowledge,model_incorrect,cross_domain,32,tier1,queued,bulk_ready
llama31_8b_instruct,hellaswag,commonsense,model_correct,same_benchmark,0,tier1,queued,bulk_ready
llama31_8b_instruct,hellaswag,commonsense,model_correct,same_benchmark,1,tier1,queued,bulk_ready
llama31_8b_instruct,hellaswag,commonsense,model_correct,same_benchmark,2,tier1,queued,bulk_ready
llama31_8b_instruct,hellaswag,commonsense,model_correct,same_benchmark,4,tier1,queued,bulk_ready
llama31_8b_instruct,hellaswag,commonsense,model_correct,same_benchmark,8,tier1,queued,bulk_ready
llama31_8b_instruct,hellaswag,commonsense,model_correct,same_benchmark,16,tier1,queued,bulk_ready
llama31_8b_instruct,hellaswag,commonsense,model_correct,same_benchmark,32,tier1,queued,bulk_ready
llama31_8b_instruct,hellaswag,commonsense,model_incorrect,same_benchmark,0,tier1,queued,bulk_ready
llama31_8b_instruct,hellaswag,commonsense,model_incorrect,same_benchmark,1,tier1,queued,bulk_ready
llama31_8b_instruct,hellaswag,commonsense,model_incorrect,same_benchmark,2,tier1,queued,bulk_ready
llama31_8b_instruct,hellaswag,commonsense,model_incorrect,same_benchmark,4,tier1,queued,bulk_ready
llama31_8b_instruct,hellaswag,commonsense,model_incorrect,same_benchmark,8,tier1,queued,bulk_ready
llama31_8b_instruct,hellaswag,commonsense,model_incorrect,same_benchmark,16,tier1,queued,bulk_ready
llama31_8b_instruct,hellaswag,commonsense,model_incorrect,same_benchmark,32,tier1,queued,bulk_ready
llama31_8b_instruct,hellaswag,commonsense,model_correct,same_domain_other_benchmark,0,tier1,queued,bulk_ready
llama31_8b_instruct,hellaswag,commonsense,model_correct,same_domain_other_benchmark,1,tier1,queued,bulk_ready
llama31_8b_instruct,hellaswag,commonsense,model_correct,same_domain_other_benchmark,2,tier1,queued,bulk_ready
llama31_8b_instruct,hellaswag,commonsense,model_correct,same_domain_other_benchmark,4,tier1,queued,bulk_ready
llama31_8b_instruct,hellaswag,commonsense,model_correct,same_domain_other_benchmark,8,tier1,queued,bulk_ready
llama31_8b_instruct,hellaswag,commonsense,model_correct,same_domain_other_benchmark,16,tier1,queued,bulk_ready
llama31_8b_instruct,hellaswag,commonsense,model_correct,same_domain_other_benchmark,32,tier1,queued,bulk_ready
llama31_8b_instruct,hellaswag,commonsense,model_incorrect,same_domain_other_benchmark,0,tier1,queued,bulk_ready
llama31_8b_instruct,hellaswag,commonsense,model_incorrect,same_domain_other_benchmark,1,tier1,queued,bulk_ready
llama31_8b_instruct,hellaswag,commonsense,model_incorrect,same_domain_other_benchmark,2,tier1,queued,bulk_ready
llama31_8b_instruct,hellaswag,commonsense,model_incorrect,same_domain_other_benchmark,4,tier1,queued,bulk_ready
llama31_8b_instruct,hellaswag,commonsense,model_incorrect,same_domain_other_benchmark,8,tier1,queued,bulk_ready
llama31_8b_instruct,hellaswag,commonsense,model_incorrect,same_domain_other_benchmark,16,tier1,queued,bulk_ready
llama31_8b_instruct,hellaswag,commonsense,model_incorrect,same_domain_other_benchmark,32,tier1,queued,bulk_ready
llama31_8b_instruct,hellaswag,commonsense,model_correct,cross_domain,0,tier1,queued,bulk_ready
llama31_8b_instruct,hellaswag,commonsense,model_correct,cross_domain,1,tier1,queued,bulk_ready
llama31_8b_instruct,hellaswag,commonsense,model_correct,cross_domain,2,tier1,queued,bulk_ready
llama31_8b_instruct,hellaswag,commonsense,model_correct,cross_domain,4,tier1,queued,bulk_ready
llama31_8b_instruct,hellaswag,commonsense,model_correct,cross_domain,8,tier1,queued,bulk_ready
llama31_8b_instruct,hellaswag,commonsense,model_correct,cross_domain,16,tier1,queued,bulk_ready
llama31_8b_instruct,hellaswag,commonsense,model_correct,cross_domain,32,tier1,queued,bulk_ready
llama31_8b_instruct,hellaswag,commonsense,model_incorrect,cross_domain,0,tier1,queued,bulk_ready
llama31_8b_instruct,hellaswag,commonsense,model_incorrect,cross_domain,1,tier1,queued,bulk_ready
llama31_8b_instruct,hellaswag,commonsense,model_incorrect,cross_domain,2,tier1,queued,bulk_ready
llama31_8b_instruct,hellaswag,commonsense,model_incorrect,cross_domain,4,tier1,queued,bulk_ready
llama31_8b_instruct,hellaswag,commonsense,model_incorrect,cross_domain,8,tier1,queued,bulk_ready
llama31_8b_instruct,hellaswag,commonsense,model_incorrect,cross_domain,16,tier1,queued,bulk_ready
llama31_8b_instruct,hellaswag,commonsense,model_incorrect,cross_domain,32,tier1,queued,bulk_ready
llama31_8b_instruct,piqa,commonsense,model_correct,same_benchmark,0,tier1,queued,bulk_ready
llama31_8b_instruct,piqa,commonsense,model_correct,same_benchmark,1,tier1,queued,bulk_ready
llama31_8b_instruct,piqa,commonsense,model_correct,same_benchmark,2,tier1,queued,bulk_ready
llama31_8b_instruct,piqa,commonsense,model_correct,same_benchmark,4,tier1,queued,bulk_ready
llama31_8b_instruct,piqa,commonsense,model_correct,same_benchmark,8,tier1,queued,bulk_ready
llama31_8b_instruct,piqa,commonsense,model_correct,same_benchmark,16,tier1,queued,bulk_ready
llama31_8b_instruct,piqa,commonsense,model_correct,same_benchmark,32,tier1,queued,bulk_ready
llama31_8b_instruct,piqa,commonsense,model_incorrect,same_benchmark,0,tier1,queued,bulk_ready
llama31_8b_instruct,piqa,commonsense,model_incorrect,same_benchmark,1,tier1,queued,bulk_ready
llama31_8b_instruct,piqa,commonsense,model_incorrect,same_benchmark,2,tier1,queued,bulk_ready
llama31_8b_instruct,piqa,commonsense,model_incorrect,same_benchmark,4,tier1,queued,bulk_ready
llama31_8b_instruct,piqa,commonsense,model_incorrect,same_benchmark,8,tier1,queued,bulk_ready
llama31_8b_instruct,piqa,commonsense,model_incorrect,same_benchmark,16,tier1,queued,bulk_ready
llama31_8b_instruct,piqa,commonsense,model_incorrect,same_benchmark,32,tier1,queued,bulk_ready
llama31_8b_instruct,piqa,commonsense,model_correct,same_domain_other_benchmark,0,tier1,queued,bulk_ready
llama31_8b_instruct,piqa,commonsense,model_correct,same_domain_other_benchmark,1,tier1,queued,bulk_ready
llama31_8b_instruct,piqa,commonsense,model_correct,same_domain_other_benchmark,2,tier1,queued,bulk_ready
llama31_8b_instruct,piqa,commonsense,model_correct,same_domain_other_benchmark,4,tier1,queued,bulk_ready
llama31_8b_instruct,piqa,commonsense,model_correct,same_domain_other_benchmark,8,tier1,queued,bulk_ready
llama31_8b_instruct,piqa,commonsense,model_correct,same_domain_other_benchmark,16,tier1,queued,bulk_ready
llama31_8b_instruct,piqa,commonsense,model_correct,same_domain_other_benchmark,32,tier1,queued,bulk_ready
llama31_8b_instruct,piqa,commonsense,model_incorrect,same_domain_other_benchmark,0,tier1,queued,bulk_ready
llama31_8b_instruct,piqa,commonsense,model_incorrect,same_domain_other_benchmark,1,tier1,queued,bulk_ready
llama31_8b_instruct,piqa,commonsense,model_incorrect,same_domain_other_benchmark,2,tier1,queued,bulk_ready
llama31_8b_instruct,piqa,commonsense,model_incorrect,same_domain_other_benchmark,4,tier1,queued,bulk_ready
llama31_8b_instruct,piqa,commonsense,model_incorrect,same_domain_other_benchmark,8,tier1,queued,bulk_ready
llama31_8b_instruct,piqa,commonsense,model_incorrect,same_domain_other_benchmark,16,tier1,queued,bulk_ready
llama31_8b_instruct,piqa,commonsense,model_incorrect,same_domain_other_benchmark,32,tier1,queued,bulk_ready
llama31_8b_instruct,piqa,commonsense,model_correct,cross_domain,0,tier1,queued,bulk_ready
llama31_8b_instruct,piqa,commonsense,model_correct,cross_domain,1,tier1,queued,bulk_ready
llama31_8b_instruct,piqa,commonsense,model_correct,cross_domain,2,tier1,queued,bulk_ready
llama31_8b_instruct,piqa,commonsense,model_correct,cross_domain,4,tier1,queued,bulk_ready
llama31_8b_instruct,piqa,commonsense,model_correct,cross_domain,8,tier1,queued,bulk_ready
llama31_8b_instruct,piqa,commonsense,model_correct,cross_domain,16,tier1,queued,bulk_ready
llama31_8b_instruct,piqa,commonsense,model_correct,cross_domain,32,tier1,queued,bulk_ready
llama31_8b_instruct,piqa,commonsense,model_incorrect,cross_domain,0,tier1,queued,bulk_ready
llama31_8b_instruct,piqa,commonsense,model_incorrect,cross_domain,1,tier1,queued,bulk_ready
llama31_8b_instruct,piqa,commonsense,model_incorrect,cross_domain,2,tier1,queued,bulk_ready
llama31_8b_instruct,piqa,commonsense,model_incorrect,cross_domain,4,tier1,queued,bulk_ready
llama31_8b_instruct,piqa,commonsense,model_incorrect,cross_domain,8,tier1,queued,bulk_ready
llama31_8b_instruct,piqa,commonsense,model_incorrect,cross_domain,16,tier1,queued,bulk_ready
llama31_8b_instruct,piqa,commonsense,model_incorrect,cross_domain,32,tier1,queued,bulk_ready
llama31_8b_instruct,boolq,factual_reading,model_correct,same_benchmark,0,tier1,queued,bulk_ready
llama31_8b_instruct,boolq,factual_reading,model_correct,same_benchmark,1,tier1,queued,bulk_ready
llama31_8b_instruct,boolq,factual_reading,model_correct,same_benchmark,2,tier1,queued,bulk_ready
llama31_8b_instruct,boolq,factual_reading,model_correct,same_benchmark,4,tier1,queued,bulk_ready
llama31_8b_instruct,boolq,factual_reading,model_correct,same_benchmark,8,tier1,queued,bulk_ready
llama31_8b_instruct,boolq,factual_reading,model_correct,same_benchmark,16,tier1,queued,bulk_ready
llama31_8b_instruct,boolq,factual_reading,model_correct,same_benchmark,32,tier1,queued,bulk_ready
llama31_8b_instruct,boolq,factual_reading,model_incorrect,same_benchmark,0,tier1,queued,bulk_ready
llama31_8b_instruct,boolq,factual_reading,model_incorrect,same_benchmark,1,tier1,queued,bulk_ready
llama31_8b_instruct,boolq,factual_reading,model_incorrect,same_benchmark,2,tier1,queued,bulk_ready
llama31_8b_instruct,boolq,factual_reading,model_incorrect,same_benchmark,4,tier1,queued,bulk_ready
llama31_8b_instruct,boolq,factual_reading,model_incorrect,same_benchmark,8,tier1,queued,bulk_ready
llama31_8b_instruct,boolq,factual_reading,model_incorrect,same_benchmark,16,tier1,queued,bulk_ready
llama31_8b_instruct,boolq,factual_reading,model_incorrect,same_benchmark,32,tier1,queued,bulk_ready
llama31_8b_instruct,boolq,factual_reading,model_correct,same_domain_other_benchmark,0,tier1,queued,bulk_ready
llama31_8b_instruct,boolq,factual_reading,model_correct,same_domain_other_benchmark,1,tier1,queued,bulk_ready
llama31_8b_instruct,boolq,factual_reading,model_correct,same_domain_other_benchmark,2,tier1,queued,bulk_ready
llama31_8b_instruct,boolq,factual_reading,model_correct,same_domain_other_benchmark,4,tier1,queued,bulk_ready
llama31_8b_instruct,boolq,factual_reading,model_correct,same_domain_other_benchmark,8,tier1,queued,bulk_ready
llama31_8b_instruct,boolq,factual_reading,model_correct,same_domain_other_benchmark,16,tier1,queued,bulk_ready
llama31_8b_instruct,boolq,factual_reading,model_correct,same_domain_other_benchmark,32,tier1,queued,bulk_ready
llama31_8b_instruct,boolq,factual_reading,model_incorrect,same_domain_other_benchmark,0,tier1,queued,bulk_ready
llama31_8b_instruct,boolq,factual_reading,model_incorrect,same_domain_other_benchmark,1,tier1,queued,bulk_ready
llama31_8b_instruct,boolq,factual_reading,model_incorrect,same_domain_other_benchmark,2,tier1,queued,bulk_ready
llama31_8b_instruct,boolq,factual_reading,model_incorrect,same_domain_other_benchmark,4,tier1,queued,bulk_ready
llama31_8b_instruct,boolq,factual_reading,model_incorrect,same_domain_other_benchmark,8,tier1,queued,bulk_ready
llama31_8b_instruct,boolq,factual_reading,model_incorrect,same_domain_other_benchmark,16,tier1,queued,bulk_ready
llama31_8b_instruct,boolq,factual_reading,model_incorrect,same_domain_other_benchmark,32,tier1,queued,bulk_ready
llama31_8b_instruct,boolq,factual_reading,model_correct,cross_domain,0,tier1,queued,bulk_ready
llama31_8b_instruct,boolq,factual_reading,model_correct,cross_domain,1,tier1,queued,bulk_ready
llama31_8b_instruct,boolq,factual_reading,model_correct,cross_domain,2,tier1,queued,bulk_ready
llama31_8b_instruct,boolq,factual_reading,model_correct,cross_domain,4,tier1,queued,bulk_ready
llama31_8b_instruct,boolq,factual_reading,model_correct,cross_domain,8,tier1,queued,bulk_ready
llama31_8b_instruct,boolq,factual_reading,model_correct,cross_domain,16,tier1,queued,bulk_ready
llama31_8b_instruct,boolq,factual_reading,model_correct,cross_domain,32,tier1,queued,bulk_ready
llama31_8b_instruct,boolq,factual_reading,model_incorrect,cross_domain,0,tier1,queued,bulk_ready
llama31_8b_instruct,boolq,factual_reading,model_incorrect,cross_domain,1,tier1,queued,bulk_ready
llama31_8b_instruct,boolq,factual_reading,model_incorrect,cross_domain,2,tier1,queued,bulk_ready
llama31_8b_instruct,boolq,factual_reading,model_incorrect,cross_domain,4,tier1,queued,bulk_ready
llama31_8b_instruct,boolq,factual_reading,model_incorrect,cross_domain,8,tier1,queued,bulk_ready
llama31_8b_instruct,boolq,factual_reading,model_incorrect,cross_domain,16,tier1,queued,bulk_ready
llama31_8b_instruct,boolq,factual_reading,model_incorrect,cross_domain,32,tier1,queued,bulk_ready
llama31_8b_instruct,truthfulqa_mc,factual_reading,model_correct,same_benchmark,0,tier1,queued,bulk_ready
llama31_8b_instruct,truthfulqa_mc,factual_reading,model_correct,same_benchmark,1,tier1,queued,bulk_ready
llama31_8b_instruct,truthfulqa_mc,factual_reading,model_correct,same_benchmark,2,tier1,queued,bulk_ready
llama31_8b_instruct,truthfulqa_mc,factual_reading,model_correct,same_benchmark,4,tier1,queued,bulk_ready
llama31_8b_instruct,truthfulqa_mc,factual_reading,model_correct,same_benchmark,8,tier1,queued,bulk_ready
llama31_8b_instruct,truthfulqa_mc,factual_reading,model_correct,same_benchmark,16,tier1,queued,bulk_ready
llama31_8b_instruct,truthfulqa_mc,factual_reading,model_correct,same_benchmark,32,tier1,queued,bulk_ready
llama31_8b_instruct,truthfulqa_mc,factual_reading,model_incorrect,same_benchmark,0,tier1,queued,bulk_ready
llama31_8b_instruct,truthfulqa_mc,factual_reading,model_incorrect,same_benchmark,1,tier1,queued,bulk_ready
llama31_8b_instruct,truthfulqa_mc,factual_reading,model_incorrect,same_benchmark,2,tier1,queued,bulk_ready
llama31_8b_instruct,truthfulqa_mc,factual_reading,model_incorrect,same_benchmark,4,tier1,queued,bulk_ready
llama31_8b_instruct,truthfulqa_mc,factual_reading,model_incorrect,same_benchmark,8,tier1,queued,bulk_ready
llama31_8b_instruct,truthfulqa_mc,factual_reading,model_incorrect,same_benchmark,16,tier1,queued,bulk_ready
llama31_8b_instruct,truthfulqa_mc,factual_reading,model_incorrect,same_benchmark,32,tier1,queued,bulk_ready
llama31_8b_instruct,truthfulqa_mc,factual_reading,model_correct,same_domain_other_benchmark,0,tier1,queued,bulk_ready
llama31_8b_instruct,truthfulqa_mc,factual_reading,model_correct,same_domain_other_benchmark,1,tier1,queued,bulk_ready
llama31_8b_instruct,truthfulqa_mc,factual_reading,model_correct,same_domain_other_benchmark,2,tier1,queued,bulk_ready
llama31_8b_instruct,truthfulqa_mc,factual_reading,model_correct,same_domain_other_benchmark,4,tier1,queued,bulk_ready
llama31_8b_instruct,truthfulqa_mc,factual_reading,model_correct,same_domain_other_benchmark,8,tier1,queued,bulk_ready
llama31_8b_instruct,truthfulqa_mc,factual_reading,model_correct,same_domain_other_benchmark,16,tier1,queued,bulk_ready
llama31_8b_instruct,truthfulqa_mc,factual_reading,model_correct,same_domain_other_benchmark,32,tier1,queued,bulk_ready
llama31_8b_instruct,truthfulqa_mc,factual_reading,model_incorrect,same_domain_other_benchmark,0,tier1,queued,bulk_ready
llama31_8b_instruct,truthfulqa_mc,factual_reading,model_incorrect,same_domain_other_benchmark,1,tier1,queued,bulk_ready
llama31_8b_instruct,truthfulqa_mc,factual_reading,model_incorrect,same_domain_other_benchmark,2,tier1,queued,bulk_ready
llama31_8b_instruct,truthfulqa_mc,factual_reading,model_incorrect,same_domain_other_benchmark,4,tier1,queued,bulk_ready
llama31_8b_instruct,truthfulqa_mc,factual_reading,model_incorrect,same_domain_other_benchmark,8,tier1,queued,bulk_ready
llama31_8b_instruct,truthfulqa_mc,factual_reading,model_incorrect,same_domain_other_benchmark,16,tier1,queued,bulk_ready
llama31_8b_instruct,truthfulqa_mc,factual_reading,model_incorrect,same_domain_other_benchmark,32,tier1,queued,bulk_ready
llama31_8b_instruct,truthfulqa_mc,factual_reading,model_correct,cross_domain,0,tier1,queued,bulk_ready
llama31_8b_instruct,truthfulqa_mc,factual_reading,model_correct,cross_domain,1,tier1,queued,bulk_ready
llama31_8b_instruct,truthfulqa_mc,factual_reading,model_correct,cross_domain,2,tier1,queued,bulk_ready
llama31_8b_instruct,truthfulqa_mc,factual_reading,model_correct,cross_domain,4,tier1,queued,bulk_ready
llama31_8b_instruct,truthfulqa_mc,factual_reading,model_correct,cross_domain,8,tier1,queued,bulk_ready
llama31_8b_instruct,truthfulqa_mc,factual_reading,model_correct,cross_domain,16,tier1,queued,bulk_ready
llama31_8b_instruct,truthfulqa_mc,factual_reading,model_correct,cross_domain,32,tier1,queued,bulk_ready
llama31_8b_instruct,truthfulqa_mc,factual_reading,model_incorrect,cross_domain,0,tier1,queued,bulk_ready
llama31_8b_instruct,truthfulqa_mc,factual_reading,model_incorrect,cross_domain,1,tier1,queued,bulk_ready
llama31_8b_instruct,truthfulqa_mc,factual_reading,model_incorrect,cross_domain,2,tier1,queued,bulk_ready
llama31_8b_instruct,truthfulqa_mc,factual_reading,model_incorrect,cross_domain,4,tier1,queued,bulk_ready
llama31_8b_instruct,truthfulqa_mc,factual_reading,model_incorrect,cross_domain,8,tier1,queued,bulk_ready
llama31_8b_instruct,truthfulqa_mc,factual_reading,model_incorrect,cross_domain,16,tier1,queued,bulk_ready
llama31_8b_instruct,truthfulqa_mc,factual_reading,model_incorrect,cross_domain,32,tier1,queued,bulk_ready
mistral7b_instruct_v03,gsm8k,math,model_correct,same_benchmark,0,tier1,queued,bulk_ready
mistral7b_instruct_v03,gsm8k,math,model_correct,same_benchmark,1,tier1,queued,bulk_ready
mistral7b_instruct_v03,gsm8k,math,model_correct,same_benchmark,2,tier1,queued,bulk_ready
mistral7b_instruct_v03,gsm8k,math,model_correct,same_benchmark,4,tier1,queued,bulk_ready
mistral7b_instruct_v03,gsm8k,math,model_correct,same_benchmark,8,tier1,queued,bulk_ready
mistral7b_instruct_v03,gsm8k,math,model_correct,same_benchmark,16,tier1,queued,bulk_ready
mistral7b_instruct_v03,gsm8k,math,model_correct,same_benchmark,32,tier1,queued,bulk_ready
mistral7b_instruct_v03,gsm8k,math,model_incorrect,same_benchmark,0,tier1,queued,bulk_ready
mistral7b_instruct_v03,gsm8k,math,model_incorrect,same_benchmark,1,tier1,queued,bulk_ready
mistral7b_instruct_v03,gsm8k,math,model_incorrect,same_benchmark,2,tier1,queued,bulk_ready
mistral7b_instruct_v03,gsm8k,math,model_incorrect,same_benchmark,4,tier1,queued,bulk_ready
mistral7b_instruct_v03,gsm8k,math,model_incorrect,same_benchmark,8,tier1,queued,bulk_ready
mistral7b_instruct_v03,gsm8k,math,model_incorrect,same_benchmark,16,tier1,queued,bulk_ready
mistral7b_instruct_v03,gsm8k,math,model_incorrect,same_benchmark,32,tier1,queued,bulk_ready
mistral7b_instruct_v03,gsm8k,math,model_correct,same_domain_other_benchmark,0,tier1,queued,bulk_ready
mistral7b_instruct_v03,gsm8k,math,model_correct,same_domain_other_benchmark,1,tier1,queued,bulk_ready
mistral7b_instruct_v03,gsm8k,math,model_correct,same_domain_other_benchmark,2,tier1,queued,bulk_ready
mistral7b_instruct_v03,gsm8k,math,model_correct,same_domain_other_benchmark,4,tier1,queued,bulk_ready
mistral7b_instruct_v03,gsm8k,math,model_correct,same_domain_other_benchmark,8,tier1,queued,bulk_ready
mistral7b_instruct_v03,gsm8k,math,model_correct,same_domain_other_benchmark,16,tier1,queued,bulk_ready
mistral7b_instruct_v03,gsm8k,math,model_correct,same_domain_other_benchmark,32,tier1,queued,bulk_ready
mistral7b_instruct_v03,gsm8k,math,model_incorrect,same_domain_other_benchmark,0,tier1,queued,bulk_ready
mistral7b_instruct_v03,gsm8k,math,model_incorrect,same_domain_other_benchmark,1,tier1,queued,bulk_ready
mistral7b_instruct_v03,gsm8k,math,model_incorrect,same_domain_other_benchmark,2,tier1,queued,bulk_ready
mistral7b_instruct_v03,gsm8k,math,model_incorrect,same_domain_other_benchmark,4,tier1,queued,bulk_ready
mistral7b_instruct_v03,gsm8k,math,model_incorrect,same_domain_other_benchmark,8,tier1,queued,bulk_ready
mistral7b_instruct_v03,gsm8k,math,model_incorrect,same_domain_other_benchmark,16,tier1,queued,bulk_ready
mistral7b_instruct_v03,gsm8k,math,model_incorrect,same_domain_other_benchmark,32,tier1,queued,bulk_ready
mistral7b_instruct_v03,gsm8k,math,model_correct,cross_domain,0,tier1,queued,bulk_ready
mistral7b_instruct_v03,gsm8k,math,model_correct,cross_domain,1,tier1,queued,bulk_ready
mistral7b_instruct_v03,gsm8k,math,model_correct,cross_domain,2,tier1,queued,bulk_ready
mistral7b_instruct_v03,gsm8k,math,model_correct,cross_domain,4,tier1,queued,bulk_ready
mistral7b_instruct_v03,gsm8k,math,model_correct,cross_domain,8,tier1,queued,bulk_ready
mistral7b_instruct_v03,gsm8k,math,model_correct,cross_domain,16,tier1,queued,bulk_ready
mistral7b_instruct_v03,gsm8k,math,model_correct,cross_domain,32,tier1,queued,bulk_ready
mistral7b_instruct_v03,gsm8k,math,model_incorrect,cross_domain,0,tier1,queued,bulk_ready
mistral7b_instruct_v03,gsm8k,math,model_incorrect,cross_domain,1,tier1,queued,bulk_ready
mistral7b_instruct_v03,gsm8k,math,model_incorrect,cross_domain,2,tier1,queued,bulk_ready
mistral7b_instruct_v03,gsm8k,math,model_incorrect,cross_domain,4,tier1,queued,bulk_ready
mistral7b_instruct_v03,gsm8k,math,model_incorrect,cross_domain,8,tier1,queued,bulk_ready
mistral7b_instruct_v03,gsm8k,math,model_incorrect,cross_domain,16,tier1,queued,bulk_ready
mistral7b_instruct_v03,gsm8k,math,model_incorrect,cross_domain,32,tier1,queued,bulk_ready
mistral7b_instruct_v03,math500,math,model_correct,same_benchmark,0,tier1,queued,bulk_ready
mistral7b_instruct_v03,math500,math,model_correct,same_benchmark,1,tier1,queued,bulk_ready
mistral7b_instruct_v03,math500,math,model_correct,same_benchmark,2,tier1,queued,bulk_ready
mistral7b_instruct_v03,math500,math,model_correct,same_benchmark,4,tier1,queued,bulk_ready
mistral7b_instruct_v03,math500,math,model_correct,same_benchmark,8,tier1,queued,bulk_ready
mistral7b_instruct_v03,math500,math,model_correct,same_benchmark,16,tier1,queued,bulk_ready
mistral7b_instruct_v03,math500,math,model_correct,same_benchmark,32,tier1,queued,bulk_ready
mistral7b_instruct_v03,math500,math,model_incorrect,same_benchmark,0,tier1,queued,bulk_ready
mistral7b_instruct_v03,math500,math,model_incorrect,same_benchmark,1,tier1,queued,bulk_ready
mistral7b_instruct_v03,math500,math,model_incorrect,same_benchmark,2,tier1,queued,bulk_ready
mistral7b_instruct_v03,math500,math,model_incorrect,same_benchmark,4,tier1,queued,bulk_ready
mistral7b_instruct_v03,math500,math,model_incorrect,same_benchmark,8,tier1,queued,bulk_ready
mistral7b_instruct_v03,math500,math,model_incorrect,same_benchmark,16,tier1,queued,bulk_ready
mistral7b_instruct_v03,math500,math,model_incorrect,same_benchmark,32,tier1,queued,bulk_ready
mistral7b_instruct_v03,math500,math,model_correct,same_domain_other_benchmark,0,tier1,queued,bulk_ready
mistral7b_instruct_v03,math500,math,model_correct,same_domain_other_benchmark,1,tier1,queued,bulk_ready
mistral7b_instruct_v03,math500,math,model_correct,same_domain_other_benchmark,2,tier1,queued,bulk_ready
mistral7b_instruct_v03,math500,math,model_correct,same_domain_other_benchmark,4,tier1,queued,bulk_ready
mistral7b_instruct_v03,math500,math,model_correct,same_domain_other_benchmark,8,tier1,queued,bulk_ready
mistral7b_instruct_v03,math500,math,model_correct,same_domain_other_benchmark,16,tier1,queued,bulk_ready
mistral7b_instruct_v03,math500,math,model_correct,same_domain_other_benchmark,32,tier1,queued,bulk_ready
mistral7b_instruct_v03,math500,math,model_incorrect,same_domain_other_benchmark,0,tier1,queued,bulk_ready
mistral7b_instruct_v03,math500,math,model_incorrect,same_domain_other_benchmark,1,tier1,queued,bulk_ready
mistral7b_instruct_v03,math500,math,model_incorrect,same_domain_other_benchmark,2,tier1,queued,bulk_ready
mistral7b_instruct_v03,math500,math,model_incorrect,same_domain_other_benchmark,4,tier1,queued,bulk_ready
mistral7b_instruct_v03,math500,math,model_incorrect,same_domain_other_benchmark,8,tier1,queued,bulk_ready
mistral7b_instruct_v03,math500,math,model_incorrect,same_domain_other_benchmark,16,tier1,queued,bulk_ready
mistral7b_instruct_v03,math500,math,model_incorrect,same_domain_other_benchmark,32,tier1,queued,bulk_ready
mistral7b_instruct_v03,math500,math,model_correct,cross_domain,0,tier1,queued,bulk_ready
mistral7b_instruct_v03,math500,math,model_correct,cross_domain,1,tier1,queued,bulk_ready
mistral7b_instruct_v03,math500,math,model_correct,cross_domain,2,tier1,queued,bulk_ready
mistral7b_instruct_v03,math500,math,model_correct,cross_domain,4,tier1,queued,bulk_ready
mistral7b_instruct_v03,math500,math,model_correct,cross_domain,8,tier1,queued,bulk_ready
mistral7b_instruct_v03,math500,math,model_correct,cross_domain,16,tier1,queued,bulk_ready
mistral7b_instruct_v03,math500,math,model_correct,cross_domain,32,tier1,queued,bulk_ready
mistral7b_instruct_v03,math500,math,model_incorrect,cross_domain,0,tier1,queued,bulk_ready
mistral7b_instruct_v03,math500,math,model_incorrect,cross_domain,1,tier1,queued,bulk_ready
mistral7b_instruct_v03,math500,math,model_incorrect,cross_domain,2,tier1,queued,bulk_ready
mistral7b_instruct_v03,math500,math,model_incorrect,cross_domain,4,tier1,queued,bulk_ready
mistral7b_instruct_v03,math500,math,model_incorrect,cross_domain,8,tier1,queued,bulk_ready
mistral7b_instruct_v03,math500,math,model_incorrect,cross_domain,16,tier1,queued,bulk_ready
mistral7b_instruct_v03,math500,math,model_incorrect,cross_domain,32,tier1,queued,bulk_ready
mistral7b_instruct_v03,gpqa,science,model_correct,same_benchmark,0,tier1,queued,bulk_ready
mistral7b_instruct_v03,gpqa,science,model_correct,same_benchmark,1,tier1,queued,bulk_ready
mistral7b_instruct_v03,gpqa,science,model_correct,same_benchmark,2,tier1,queued,bulk_ready
mistral7b_instruct_v03,gpqa,science,model_correct,same_benchmark,4,tier1,queued,bulk_ready
mistral7b_instruct_v03,gpqa,science,model_correct,same_benchmark,8,tier1,queued,bulk_ready
mistral7b_instruct_v03,gpqa,science,model_correct,same_benchmark,16,tier1,queued,bulk_ready
mistral7b_instruct_v03,gpqa,science,model_correct,same_benchmark,32,tier1,queued,bulk_ready
mistral7b_instruct_v03,gpqa,science,model_incorrect,same_benchmark,0,tier1,queued,bulk_ready
mistral7b_instruct_v03,gpqa,science,model_incorrect,same_benchmark,1,tier1,queued,bulk_ready
mistral7b_instruct_v03,gpqa,science,model_incorrect,same_benchmark,2,tier1,queued,bulk_ready
mistral7b_instruct_v03,gpqa,science,model_incorrect,same_benchmark,4,tier1,queued,bulk_ready
mistral7b_instruct_v03,gpqa,science,model_incorrect,same_benchmark,8,tier1,queued,bulk_ready
mistral7b_instruct_v03,gpqa,science,model_incorrect,same_benchmark,16,tier1,queued,bulk_ready
mistral7b_instruct_v03,gpqa,science,model_incorrect,same_benchmark,32,tier1,queued,bulk_ready
mistral7b_instruct_v03,gpqa,science,model_correct,same_domain_other_benchmark,0,tier1,queued,bulk_ready
mistral7b_instruct_v03,gpqa,science,model_correct,same_domain_other_benchmark,1,tier1,queued,bulk_ready
mistral7b_instruct_v03,gpqa,science,model_correct,same_domain_other_benchmark,2,tier1,queued,bulk_ready
mistral7b_instruct_v03,gpqa,science,model_correct,same_domain_other_benchmark,4,tier1,queued,bulk_ready
mistral7b_instruct_v03,gpqa,science,model_correct,same_domain_other_benchmark,8,tier1,queued,bulk_ready
mistral7b_instruct_v03,gpqa,science,model_correct,same_domain_other_benchmark,16,tier1,queued,bulk_ready
mistral7b_instruct_v03,gpqa,science,model_correct,same_domain_other_benchmark,32,tier1,queued,bulk_ready
mistral7b_instruct_v03,gpqa,science,model_incorrect,same_domain_other_benchmark,0,tier1,queued,bulk_ready
mistral7b_instruct_v03,gpqa,science,model_incorrect,same_domain_other_benchmark,1,tier1,queued,bulk_ready
mistral7b_instruct_v03,gpqa,science,model_incorrect,same_domain_other_benchmark,2,tier1,queued,bulk_ready
mistral7b_instruct_v03,gpqa,science,model_incorrect,same_domain_other_benchmark,4,tier1,queued,bulk_ready
mistral7b_instruct_v03,gpqa,science,model_incorrect,same_domain_other_benchmark,8,tier1,queued,bulk_ready
mistral7b_instruct_v03,gpqa,science,model_incorrect,same_domain_other_benchmark,16,tier1,queued,bulk_ready
mistral7b_instruct_v03,gpqa,science,model_incorrect,same_domain_other_benchmark,32,tier1,queued,bulk_ready
mistral7b_instruct_v03,gpqa,science,model_correct,cross_domain,0,tier1,queued,bulk_ready
mistral7b_instruct_v03,gpqa,science,model_correct,cross_domain,1,tier1,queued,bulk_ready
mistral7b_instruct_v03,gpqa,science,model_correct,cross_domain,2,tier1,queued,bulk_ready
mistral7b_instruct_v03,gpqa,science,model_correct,cross_domain,4,tier1,queued,bulk_ready
mistral7b_instruct_v03,gpqa,science,model_correct,cross_domain,8,tier1,queued,bulk_ready
mistral7b_instruct_v03,gpqa,science,model_correct,cross_domain,16,tier1,queued,bulk_ready
mistral7b_instruct_v03,gpqa,science,model_correct,cross_domain,32,tier1,queued,bulk_ready
mistral7b_instruct_v03,gpqa,science,model_incorrect,cross_domain,0,tier1,queued,bulk_ready
mistral7b_instruct_v03,gpqa,science,model_incorrect,cross_domain,1,tier1,queued,bulk_ready
mistral7b_instruct_v03,gpqa,science,model_incorrect,cross_domain,2,tier1,queued,bulk_ready
mistral7b_instruct_v03,gpqa,science,model_incorrect,cross_domain,4,tier1,queued,bulk_ready
mistral7b_instruct_v03,gpqa,science,model_incorrect,cross_domain,8,tier1,queued,bulk_ready
mistral7b_instruct_v03,gpqa,science,model_incorrect,cross_domain,16,tier1,queued,bulk_ready
mistral7b_instruct_v03,gpqa,science,model_incorrect,cross_domain,32,tier1,queued,bulk_ready
mistral7b_instruct_v03,arc_challenge,science,model_correct,same_benchmark,0,tier1,queued,bulk_ready
mistral7b_instruct_v03,arc_challenge,science,model_correct,same_benchmark,1,tier1,queued,bulk_ready
mistral7b_instruct_v03,arc_challenge,science,model_correct,same_benchmark,2,tier1,queued,bulk_ready
mistral7b_instruct_v03,arc_challenge,science,model_correct,same_benchmark,4,tier1,queued,bulk_ready
mistral7b_instruct_v03,arc_challenge,science,model_correct,same_benchmark,8,tier1,queued,bulk_ready
mistral7b_instruct_v03,arc_challenge,science,model_correct,same_benchmark,16,tier1,queued,bulk_ready
mistral7b_instruct_v03,arc_challenge,science,model_correct,same_benchmark,32,tier1,queued,bulk_ready
mistral7b_instruct_v03,arc_challenge,science,model_incorrect,same_benchmark,0,tier1,queued,bulk_ready
mistral7b_instruct_v03,arc_challenge,science,model_incorrect,same_benchmark,1,tier1,queued,bulk_ready
mistral7b_instruct_v03,arc_challenge,science,model_incorrect,same_benchmark,2,tier1,queued,bulk_ready
mistral7b_instruct_v03,arc_challenge,science,model_incorrect,same_benchmark,4,tier1,queued,bulk_ready
mistral7b_instruct_v03,arc_challenge,science,model_incorrect,same_benchmark,8,tier1,queued,bulk_ready
mistral7b_instruct_v03,arc_challenge,science,model_incorrect,same_benchmark,16,tier1,queued,bulk_ready
mistral7b_instruct_v03,arc_challenge,science,model_incorrect,same_benchmark,32,tier1,queued,bulk_ready
mistral7b_instruct_v03,arc_challenge,science,model_correct,same_domain_other_benchmark,0,tier1,queued,bulk_ready
mistral7b_instruct_v03,arc_challenge,science,model_correct,same_domain_other_benchmark,1,tier1,queued,bulk_ready
mistral7b_instruct_v03,arc_challenge,science,model_correct,same_domain_other_benchmark,2,tier1,queued,bulk_ready
mistral7b_instruct_v03,arc_challenge,science,model_correct,same_domain_other_benchmark,4,tier1,queued,bulk_ready
mistral7b_instruct_v03,arc_challenge,science,model_correct,same_domain_other_benchmark,8,tier1,queued,bulk_ready
mistral7b_instruct_v03,arc_challenge,science,model_correct,same_domain_other_benchmark,16,tier1,queued,bulk_ready
mistral7b_instruct_v03,arc_challenge,science,model_correct,same_domain_other_benchmark,32,tier1,queued,bulk_ready
mistral7b_instruct_v03,arc_challenge,science,model_incorrect,same_domain_other_benchmark,0,tier1,queued,bulk_ready
mistral7b_instruct_v03,arc_challenge,science,model_incorrect,same_domain_other_benchmark,1,tier1,queued,bulk_ready
mistral7b_instruct_v03,arc_challenge,science,model_incorrect,same_domain_other_benchmark,2,tier1,queued,bulk_ready
mistral7b_instruct_v03,arc_challenge,science,model_incorrect,same_domain_other_benchmark,4,tier1,queued,bulk_ready
mistral7b_instruct_v03,arc_challenge,science,model_incorrect,same_domain_other_benchmark,8,tier1,queued,bulk_ready
mistral7b_instruct_v03,arc_challenge,science,model_incorrect,same_domain_other_benchmark,16,tier1,queued,bulk_ready
mistral7b_instruct_v03,arc_challenge,science,model_incorrect,same_domain_other_benchmark,32,tier1,queued,bulk_ready
mistral7b_instruct_v03,arc_challenge,science,model_correct,cross_domain,0,tier1,queued,bulk_ready
mistral7b_instruct_v03,arc_challenge,science,model_correct,cross_domain,1,tier1,queued,bulk_ready
mistral7b_instruct_v03,arc_challenge,science,model_correct,cross_domain,2,tier1,queued,bulk_ready
mistral7b_instruct_v03,arc_challenge,science,model_correct,cross_domain,4,tier1,queued,bulk_ready
mistral7b_instruct_v03,arc_challenge,science,model_correct,cross_domain,8,tier1,queued,bulk_ready
mistral7b_instruct_v03,arc_challenge,science,model_correct,cross_domain,16,tier1,queued,bulk_ready
mistral7b_instruct_v03,arc_challenge,science,model_correct,cross_domain,32,tier1,queued,bulk_ready
mistral7b_instruct_v03,arc_challenge,science,model_incorrect,cross_domain,0,tier1,queued,bulk_ready
mistral7b_instruct_v03,arc_challenge,science,model_incorrect,cross_domain,1,tier1,queued,bulk_ready
mistral7b_instruct_v03,arc_challenge,science,model_incorrect,cross_domain,2,tier1,queued,bulk_ready
mistral7b_instruct_v03,arc_challenge,science,model_incorrect,cross_domain,4,tier1,queued,bulk_ready
mistral7b_instruct_v03,arc_challenge,science,model_incorrect,cross_domain,8,tier1,queued,bulk_ready
mistral7b_instruct_v03,arc_challenge,science,model_incorrect,cross_domain,16,tier1,queued,bulk_ready
mistral7b_instruct_v03,arc_challenge,science,model_incorrect,cross_domain,32,tier1,queued,bulk_ready
mistral7b_instruct_v03,mmlu_pro,general_knowledge,model_correct,same_benchmark,0,tier1,queued,bulk_ready
mistral7b_instruct_v03,mmlu_pro,general_knowledge,model_correct,same_benchmark,1,tier1,queued,bulk_ready
mistral7b_instruct_v03,mmlu_pro,general_knowledge,model_correct,same_benchmark,2,tier1,queued,bulk_ready
mistral7b_instruct_v03,mmlu_pro,general_knowledge,model_correct,same_benchmark,4,tier1,queued,bulk_ready
mistral7b_instruct_v03,mmlu_pro,general_knowledge,model_correct,same_benchmark,8,tier1,queued,bulk_ready
mistral7b_instruct_v03,mmlu_pro,general_knowledge,model_correct,same_benchmark,16,tier1,queued,bulk_ready
mistral7b_instruct_v03,mmlu_pro,general_knowledge,model_correct,same_benchmark,32,tier1,queued,bulk_ready
mistral7b_instruct_v03,mmlu_pro,general_knowledge,model_incorrect,same_benchmark,0,tier1,queued,bulk_ready
mistral7b_instruct_v03,mmlu_pro,general_knowledge,model_incorrect,same_benchmark,1,tier1,queued,bulk_ready
mistral7b_instruct_v03,mmlu_pro,general_knowledge,model_incorrect,same_benchmark,2,tier1,queued,bulk_ready
mistral7b_instruct_v03,mmlu_pro,general_knowledge,model_incorrect,same_benchmark,4,tier1,queued,bulk_ready
mistral7b_instruct_v03,mmlu_pro,general_knowledge,model_incorrect,same_benchmark,8,tier1,queued,bulk_ready
mistral7b_instruct_v03,mmlu_pro,general_knowledge,model_incorrect,same_benchmark,16,tier1,queued,bulk_ready
mistral7b_instruct_v03,mmlu_pro,general_knowledge,model_incorrect,same_benchmark,32,tier1,queued,bulk_ready
mistral7b_instruct_v03,mmlu_pro,general_knowledge,model_correct,same_domain_other_benchmark,0,tier1,queued,bulk_ready
mistral7b_instruct_v03,mmlu_pro,general_knowledge,model_correct,same_domain_other_benchmark,1,tier1,queued,bulk_ready
mistral7b_instruct_v03,mmlu_pro,general_knowledge,model_correct,same_domain_other_benchmark,2,tier1,queued,bulk_ready
mistral7b_instruct_v03,mmlu_pro,general_knowledge,model_correct,same_domain_other_benchmark,4,tier1,queued,bulk_ready
mistral7b_instruct_v03,mmlu_pro,general_knowledge,model_correct,same_domain_other_benchmark,8,tier1,queued,bulk_ready
mistral7b_instruct_v03,mmlu_pro,general_knowledge,model_correct,same_domain_other_benchmark,16,tier1,queued,bulk_ready
mistral7b_instruct_v03,mmlu_pro,general_knowledge,model_correct,same_domain_other_benchmark,32,tier1,queued,bulk_ready
mistral7b_instruct_v03,mmlu_pro,general_knowledge,model_incorrect,same_domain_other_benchmark,0,tier1,queued,bulk_ready
mistral7b_instruct_v03,mmlu_pro,general_knowledge,model_incorrect,same_domain_other_benchmark,1,tier1,queued,bulk_ready
mistral7b_instruct_v03,mmlu_pro,general_knowledge,model_incorrect,same_domain_other_benchmark,2,tier1,queued,bulk_ready
mistral7b_instruct_v03,mmlu_pro,general_knowledge,model_incorrect,same_domain_other_benchmark,4,tier1,queued,bulk_ready
mistral7b_instruct_v03,mmlu_pro,general_knowledge,model_incorrect,same_domain_other_benchmark,8,tier1,queued,bulk_ready
mistral7b_instruct_v03,mmlu_pro,general_knowledge,model_incorrect,same_domain_other_benchmark,16,tier1,queued,bulk_ready
mistral7b_instruct_v03,mmlu_pro,general_knowledge,model_incorrect,same_domain_other_benchmark,32,tier1,queued,bulk_ready
mistral7b_instruct_v03,mmlu_pro,general_knowledge,model_correct,cross_domain,0,tier1,queued,bulk_ready
mistral7b_instruct_v03,mmlu_pro,general_knowledge,model_correct,cross_domain,1,tier1,queued,bulk_ready
mistral7b_instruct_v03,mmlu_pro,general_knowledge,model_correct,cross_domain,2,tier1,queued,bulk_ready
mistral7b_instruct_v03,mmlu_pro,general_knowledge,model_correct,cross_domain,4,tier1,queued,bulk_ready
mistral7b_instruct_v03,mmlu_pro,general_knowledge,model_correct,cross_domain,8,tier1,queued,bulk_ready
mistral7b_instruct_v03,mmlu_pro,general_knowledge,model_correct,cross_domain,16,tier1,queued,bulk_ready
mistral7b_instruct_v03,mmlu_pro,general_knowledge,model_correct,cross_domain,32,tier1,queued,bulk_ready
mistral7b_instruct_v03,mmlu_pro,general_knowledge,model_incorrect,cross_domain,0,tier1,queued,bulk_ready
mistral7b_instruct_v03,mmlu_pro,general_knowledge,model_incorrect,cross_domain,1,tier1,queued,bulk_ready
mistral7b_instruct_v03,mmlu_pro,general_knowledge,model_incorrect,cross_domain,2,tier1,queued,bulk_ready
mistral7b_instruct_v03,mmlu_pro,general_knowledge,model_incorrect,cross_domain,4,tier1,queued,bulk_ready
mistral7b_instruct_v03,mmlu_pro,general_knowledge,model_incorrect,cross_domain,8,tier1,queued,bulk_ready
mistral7b_instruct_v03,mmlu_pro,general_knowledge,model_incorrect,cross_domain,16,tier1,queued,bulk_ready
mistral7b_instruct_v03,mmlu_pro,general_knowledge,model_incorrect,cross_domain,32,tier1,queued,bulk_ready
mistral7b_instruct_v03,mmlu_redux_2,general_knowledge,model_correct,same_benchmark,0,tier1,queued,bulk_ready
mistral7b_instruct_v03,mmlu_redux_2,general_knowledge,model_correct,same_benchmark,1,tier1,queued,bulk_ready
mistral7b_instruct_v03,mmlu_redux_2,general_knowledge,model_correct,same_benchmark,2,tier1,queued,bulk_ready
mistral7b_instruct_v03,mmlu_redux_2,general_knowledge,model_correct,same_benchmark,4,tier1,queued,bulk_ready
mistral7b_instruct_v03,mmlu_redux_2,general_knowledge,model_correct,same_benchmark,8,tier1,queued,bulk_ready
mistral7b_instruct_v03,mmlu_redux_2,general_knowledge,model_correct,same_benchmark,16,tier1,queued,bulk_ready
mistral7b_instruct_v03,mmlu_redux_2,general_knowledge,model_correct,same_benchmark,32,tier1,queued,bulk_ready
mistral7b_instruct_v03,mmlu_redux_2,general_knowledge,model_incorrect,same_benchmark,0,tier1,queued,bulk_ready
mistral7b_instruct_v03,mmlu_redux_2,general_knowledge,model_incorrect,same_benchmark,1,tier1,queued,bulk_ready
mistral7b_instruct_v03,mmlu_redux_2,general_knowledge,model_incorrect,same_benchmark,2,tier1,queued,bulk_ready
mistral7b_instruct_v03,mmlu_redux_2,general_knowledge,model_incorrect,same_benchmark,4,tier1,queued,bulk_ready
mistral7b_instruct_v03,mmlu_redux_2,general_knowledge,model_incorrect,same_benchmark,8,tier1,queued,bulk_ready
mistral7b_instruct_v03,mmlu_redux_2,general_knowledge,model_incorrect,same_benchmark,16,tier1,queued,bulk_ready
mistral7b_instruct_v03,mmlu_redux_2,general_knowledge,model_incorrect,same_benchmark,32,tier1,queued,bulk_ready
mistral7b_instruct_v03,mmlu_redux_2,general_knowledge,model_correct,same_domain_other_benchmark,0,tier1,queued,bulk_ready
mistral7b_instruct_v03,mmlu_redux_2,general_knowledge,model_correct,same_domain_other_benchmark,1,tier1,queued,bulk_ready
mistral7b_instruct_v03,mmlu_redux_2,general_knowledge,model_correct,same_domain_other_benchmark,2,tier1,queued,bulk_ready
mistral7b_instruct_v03,mmlu_redux_2,general_knowledge,model_correct,same_domain_other_benchmark,4,tier1,queued,bulk_ready
mistral7b_instruct_v03,mmlu_redux_2,general_knowledge,model_correct,same_domain_other_benchmark,8,tier1,queued,bulk_ready
mistral7b_instruct_v03,mmlu_redux_2,general_knowledge,model_correct,same_domain_other_benchmark,16,tier1,queued,bulk_ready
mistral7b_instruct_v03,mmlu_redux_2,general_knowledge,model_correct,same_domain_other_benchmark,32,tier1,queued,bulk_ready
mistral7b_instruct_v03,mmlu_redux_2,general_knowledge,model_incorrect,same_domain_other_benchmark,0,tier1,queued,bulk_ready
mistral7b_instruct_v03,mmlu_redux_2,general_knowledge,model_incorrect,same_domain_other_benchmark,1,tier1,queued,bulk_ready
mistral7b_instruct_v03,mmlu_redux_2,general_knowledge,model_incorrect,same_domain_other_benchmark,2,tier1,queued,bulk_ready
mistral7b_instruct_v03,mmlu_redux_2,general_knowledge,model_incorrect,same_domain_other_benchmark,4,tier1,queued,bulk_ready
mistral7b_instruct_v03,mmlu_redux_2,general_knowledge,model_incorrect,same_domain_other_benchmark,8,tier1,queued,bulk_ready
mistral7b_instruct_v03,mmlu_redux_2,general_knowledge,model_incorrect,same_domain_other_benchmark,16,tier1,queued,bulk_ready
mistral7b_instruct_v03,mmlu_redux_2,general_knowledge,model_incorrect,same_domain_other_benchmark,32,tier1,queued,bulk_ready
mistral7b_instruct_v03,mmlu_redux_2,general_knowledge,model_correct,cross_domain,0,tier1,queued,bulk_ready
mistral7b_instruct_v03,mmlu_redux_2,general_knowledge,model_correct,cross_domain,1,tier1,queued,bulk_ready
mistral7b_instruct_v03,mmlu_redux_2,general_knowledge,model_correct,cross_domain,2,tier1,queued,bulk_ready
mistral7b_instruct_v03,mmlu_redux_2,general_knowledge,model_correct,cross_domain,4,tier1,queued,bulk_ready
mistral7b_instruct_v03,mmlu_redux_2,general_knowledge,model_correct,cross_domain,8,tier1,queued,bulk_ready
mistral7b_instruct_v03,mmlu_redux_2,general_knowledge,model_correct,cross_domain,16,tier1,queued,bulk_ready
mistral7b_instruct_v03,mmlu_redux_2,general_knowledge,model_correct,cross_domain,32,tier1,queued,bulk_ready
mistral7b_instruct_v03,mmlu_redux_2,general_knowledge,model_incorrect,cross_domain,0,tier1,queued,bulk_ready
mistral7b_instruct_v03,mmlu_redux_2,general_knowledge,model_incorrect,cross_domain,1,tier1,queued,bulk_ready
mistral7b_instruct_v03,mmlu_redux_2,general_knowledge,model_incorrect,cross_domain,2,tier1,queued,bulk_ready
mistral7b_instruct_v03,mmlu_redux_2,general_knowledge,model_incorrect,cross_domain,4,tier1,queued,bulk_ready
mistral7b_instruct_v03,mmlu_redux_2,general_knowledge,model_incorrect,cross_domain,8,tier1,queued,bulk_ready
mistral7b_instruct_v03,mmlu_redux_2,general_knowledge,model_incorrect,cross_domain,16,tier1,queued,bulk_ready
mistral7b_instruct_v03,mmlu_redux_2,general_knowledge,model_incorrect,cross_domain,32,tier1,queued,bulk_ready
mistral7b_instruct_v03,hellaswag,commonsense,model_correct,same_benchmark,0,tier1,queued,bulk_ready
mistral7b_instruct_v03,hellaswag,commonsense,model_correct,same_benchmark,1,tier1,queued,bulk_ready
mistral7b_instruct_v03,hellaswag,commonsense,model_correct,same_benchmark,2,tier1,queued,bulk_ready
mistral7b_instruct_v03,hellaswag,commonsense,model_correct,same_benchmark,4,tier1,queued,bulk_ready
mistral7b_instruct_v03,hellaswag,commonsense,model_correct,same_benchmark,8,tier1,queued,bulk_ready
mistral7b_instruct_v03,hellaswag,commonsense,model_correct,same_benchmark,16,tier1,queued,bulk_ready
mistral7b_instruct_v03,hellaswag,commonsense,model_correct,same_benchmark,32,tier1,queued,bulk_ready
mistral7b_instruct_v03,hellaswag,commonsense,model_incorrect,same_benchmark,0,tier1,queued,bulk_ready
mistral7b_instruct_v03,hellaswag,commonsense,model_incorrect,same_benchmark,1,tier1,queued,bulk_ready
mistral7b_instruct_v03,hellaswag,commonsense,model_incorrect,same_benchmark,2,tier1,queued,bulk_ready
mistral7b_instruct_v03,hellaswag,commonsense,model_incorrect,same_benchmark,4,tier1,queued,bulk_ready
mistral7b_instruct_v03,hellaswag,commonsense,model_incorrect,same_benchmark,8,tier1,queued,bulk_ready
mistral7b_instruct_v03,hellaswag,commonsense,model_incorrect,same_benchmark,16,tier1,queued,bulk_ready
mistral7b_instruct_v03,hellaswag,commonsense,model_incorrect,same_benchmark,32,tier1,queued,bulk_ready
mistral7b_instruct_v03,hellaswag,commonsense,model_correct,same_domain_other_benchmark,0,tier1,queued,bulk_ready
mistral7b_instruct_v03,hellaswag,commonsense,model_correct,same_domain_other_benchmark,1,tier1,queued,bulk_ready
mistral7b_instruct_v03,hellaswag,commonsense,model_correct,same_domain_other_benchmark,2,tier1,queued,bulk_ready
mistral7b_instruct_v03,hellaswag,commonsense,model_correct,same_domain_other_benchmark,4,tier1,queued,bulk_ready
mistral7b_instruct_v03,hellaswag,commonsense,model_correct,same_domain_other_benchmark,8,tier1,queued,bulk_ready
mistral7b_instruct_v03,hellaswag,commonsense,model_correct,same_domain_other_benchmark,16,tier1,queued,bulk_ready
mistral7b_instruct_v03,hellaswag,commonsense,model_correct,same_domain_other_benchmark,32,tier1,queued,bulk_ready
mistral7b_instruct_v03,hellaswag,commonsense,model_incorrect,same_domain_other_benchmark,0,tier1,queued,bulk_ready
mistral7b_instruct_v03,hellaswag,commonsense,model_incorrect,same_domain_other_benchmark,1,tier1,queued,bulk_ready
mistral7b_instruct_v03,hellaswag,commonsense,model_incorrect,same_domain_other_benchmark,2,tier1,queued,bulk_ready
mistral7b_instruct_v03,hellaswag,commonsense,model_incorrect,same_domain_other_benchmark,4,tier1,queued,bulk_ready
mistral7b_instruct_v03,hellaswag,commonsense,model_incorrect,same_domain_other_benchmark,8,tier1,queued,bulk_ready
mistral7b_instruct_v03,hellaswag,commonsense,model_incorrect,same_domain_other_benchmark,16,tier1,queued,bulk_ready
mistral7b_instruct_v03,hellaswag,commonsense,model_incorrect,same_domain_other_benchmark,32,tier1,queued,bulk_ready
mistral7b_instruct_v03,hellaswag,commonsense,model_correct,cross_domain,0,tier1,queued,bulk_ready
mistral7b_instruct_v03,hellaswag,commonsense,model_correct,cross_domain,1,tier1,queued,bulk_ready
mistral7b_instruct_v03,hellaswag,commonsense,model_correct,cross_domain,2,tier1,queued,bulk_ready
mistral7b_instruct_v03,hellaswag,commonsense,model_correct,cross_domain,4,tier1,queued,bulk_ready
mistral7b_instruct_v03,hellaswag,commonsense,model_correct,cross_domain,8,tier1,queued,bulk_ready
mistral7b_instruct_v03,hellaswag,commonsense,model_correct,cross_domain,16,tier1,queued,bulk_ready
mistral7b_instruct_v03,hellaswag,commonsense,model_correct,cross_domain,32,tier1,queued,bulk_ready
mistral7b_instruct_v03,hellaswag,commonsense,model_incorrect,cross_domain,0,tier1,queued,bulk_ready
mistral7b_instruct_v03,hellaswag,commonsense,model_incorrect,cross_domain,1,tier1,queued,bulk_ready
mistral7b_instruct_v03,hellaswag,commonsense,model_incorrect,cross_domain,2,tier1,queued,bulk_ready
mistral7b_instruct_v03,hellaswag,commonsense,model_incorrect,cross_domain,4,tier1,queued,bulk_ready
mistral7b_instruct_v03,hellaswag,commonsense,model_incorrect,cross_domain,8,tier1,queued,bulk_ready
mistral7b_instruct_v03,hellaswag,commonsense,model_incorrect,cross_domain,16,tier1,queued,bulk_ready
mistral7b_instruct_v03,hellaswag,commonsense,model_incorrect,cross_domain,32,tier1,queued,bulk_ready
mistral7b_instruct_v03,piqa,commonsense,model_correct,same_benchmark,0,tier1,queued,bulk_ready
mistral7b_instruct_v03,piqa,commonsense,model_correct,same_benchmark,1,tier1,queued,bulk_ready
mistral7b_instruct_v03,piqa,commonsense,model_correct,same_benchmark,2,tier1,queued,bulk_ready
mistral7b_instruct_v03,piqa,commonsense,model_correct,same_benchmark,4,tier1,queued,bulk_ready
mistral7b_instruct_v03,piqa,commonsense,model_correct,same_benchmark,8,tier1,queued,bulk_ready
mistral7b_instruct_v03,piqa,commonsense,model_correct,same_benchmark,16,tier1,queued,bulk_ready
mistral7b_instruct_v03,piqa,commonsense,model_correct,same_benchmark,32,tier1,queued,bulk_ready
mistral7b_instruct_v03,piqa,commonsense,model_incorrect,same_benchmark,0,tier1,queued,bulk_ready
mistral7b_instruct_v03,piqa,commonsense,model_incorrect,same_benchmark,1,tier1,queued,bulk_ready
mistral7b_instruct_v03,piqa,commonsense,model_incorrect,same_benchmark,2,tier1,queued,bulk_ready
mistral7b_instruct_v03,piqa,commonsense,model_incorrect,same_benchmark,4,tier1,queued,bulk_ready
mistral7b_instruct_v03,piqa,commonsense,model_incorrect,same_benchmark,8,tier1,queued,bulk_ready
mistral7b_instruct_v03,piqa,commonsense,model_incorrect,same_benchmark,16,tier1,queued,bulk_ready
mistral7b_instruct_v03,piqa,commonsense,model_incorrect,same_benchmark,32,tier1,queued,bulk_ready
mistral7b_instruct_v03,piqa,commonsense,model_correct,same_domain_other_benchmark,0,tier1,queued,bulk_ready
mistral7b_instruct_v03,piqa,commonsense,model_correct,same_domain_other_benchmark,1,tier1,queued,bulk_ready
mistral7b_instruct_v03,piqa,commonsense,model_correct,same_domain_other_benchmark,2,tier1,queued,bulk_ready
mistral7b_instruct_v03,piqa,commonsense,model_correct,same_domain_other_benchmark,4,tier1,queued,bulk_ready
mistral7b_instruct_v03,piqa,commonsense,model_correct,same_domain_other_benchmark,8,tier1,queued,bulk_ready
mistral7b_instruct_v03,piqa,commonsense,model_correct,same_domain_other_benchmark,16,tier1,queued,bulk_ready
mistral7b_instruct_v03,piqa,commonsense,model_correct,same_domain_other_benchmark,32,tier1,queued,bulk_ready
mistral7b_instruct_v03,piqa,commonsense,model_incorrect,same_domain_other_benchmark,0,tier1,queued,bulk_ready
mistral7b_instruct_v03,piqa,commonsense,model_incorrect,same_domain_other_benchmark,1,tier1,queued,bulk_ready
mistral7b_instruct_v03,piqa,commonsense,model_incorrect,same_domain_other_benchmark,2,tier1,queued,bulk_ready
mistral7b_instruct_v03,piqa,commonsense,model_incorrect,same_domain_other_benchmark,4,tier1,queued,bulk_ready
mistral7b_instruct_v03,piqa,commonsense,model_incorrect,same_domain_other_benchmark,8,tier1,queued,bulk_ready
mistral7b_instruct_v03,piqa,commonsense,model_incorrect,same_domain_other_benchmark,16,tier1,queued,bulk_ready
mistral7b_instruct_v03,piqa,commonsense,model_incorrect,same_domain_other_benchmark,32,tier1,queued,bulk_ready
mistral7b_instruct_v03,piqa,commonsense,model_correct,cross_domain,0,tier1,queued,bulk_ready
mistral7b_instruct_v03,piqa,commonsense,model_correct,cross_domain,1,tier1,queued,bulk_ready
mistral7b_instruct_v03,piqa,commonsense,model_correct,cross_domain,2,tier1,queued,bulk_ready
mistral7b_instruct_v03,piqa,commonsense,model_correct,cross_domain,4,tier1,queued,bulk_ready
mistral7b_instruct_v03,piqa,commonsense,model_correct,cross_domain,8,tier1,queued,bulk_ready
mistral7b_instruct_v03,piqa,commonsense,model_correct,cross_domain,16,tier1,queued,bulk_ready
mistral7b_instruct_v03,piqa,commonsense,model_correct,cross_domain,32,tier1,queued,bulk_ready
mistral7b_instruct_v03,piqa,commonsense,model_incorrect,cross_domain,0,tier1,queued,bulk_ready
mistral7b_instruct_v03,piqa,commonsense,model_incorrect,cross_domain,1,tier1,queued,bulk_ready
mistral7b_instruct_v03,piqa,commonsense,model_incorrect,cross_domain,2,tier1,queued,bulk_ready
mistral7b_instruct_v03,piqa,commonsense,model_incorrect,cross_domain,4,tier1,queued,bulk_ready
mistral7b_instruct_v03,piqa,commonsense,model_incorrect,cross_domain,8,tier1,queued,bulk_ready
mistral7b_instruct_v03,piqa,commonsense,model_incorrect,cross_domain,16,tier1,queued,bulk_ready
mistral7b_instruct_v03,piqa,commonsense,model_incorrect,cross_domain,32,tier1,queued,bulk_ready
mistral7b_instruct_v03,boolq,factual_reading,model_correct,same_benchmark,0,tier1,queued,bulk_ready
mistral7b_instruct_v03,boolq,factual_reading,model_correct,same_benchmark,1,tier1,queued,bulk_ready
mistral7b_instruct_v03,boolq,factual_reading,model_correct,same_benchmark,2,tier1,queued,bulk_ready
mistral7b_instruct_v03,boolq,factual_reading,model_correct,same_benchmark,4,tier1,queued,bulk_ready
mistral7b_instruct_v03,boolq,factual_reading,model_correct,same_benchmark,8,tier1,queued,bulk_ready
mistral7b_instruct_v03,boolq,factual_reading,model_correct,same_benchmark,16,tier1,queued,bulk_ready
mistral7b_instruct_v03,boolq,factual_reading,model_correct,same_benchmark,32,tier1,queued,bulk_ready
mistral7b_instruct_v03,boolq,factual_reading,model_incorrect,same_benchmark,0,tier1,queued,bulk_ready
mistral7b_instruct_v03,boolq,factual_reading,model_incorrect,same_benchmark,1,tier1,queued,bulk_ready
mistral7b_instruct_v03,boolq,factual_reading,model_incorrect,same_benchmark,2,tier1,queued,bulk_ready
mistral7b_instruct_v03,boolq,factual_reading,model_incorrect,same_benchmark,4,tier1,queued,bulk_ready
mistral7b_instruct_v03,boolq,factual_reading,model_incorrect,same_benchmark,8,tier1,queued,bulk_ready
mistral7b_instruct_v03,boolq,factual_reading,model_incorrect,same_benchmark,16,tier1,queued,bulk_ready
mistral7b_instruct_v03,boolq,factual_reading,model_incorrect,same_benchmark,32,tier1,queued,bulk_ready
mistral7b_instruct_v03,boolq,factual_reading,model_correct,same_domain_other_benchmark,0,tier1,queued,bulk_ready
mistral7b_instruct_v03,boolq,factual_reading,model_correct,same_domain_other_benchmark,1,tier1,queued,bulk_ready
mistral7b_instruct_v03,boolq,factual_reading,model_correct,same_domain_other_benchmark,2,tier1,queued,bulk_ready
mistral7b_instruct_v03,boolq,factual_reading,model_correct,same_domain_other_benchmark,4,tier1,queued,bulk_ready
mistral7b_instruct_v03,boolq,factual_reading,model_correct,same_domain_other_benchmark,8,tier1,queued,bulk_ready
mistral7b_instruct_v03,boolq,factual_reading,model_correct,same_domain_other_benchmark,16,tier1,queued,bulk_ready
mistral7b_instruct_v03,boolq,factual_reading,model_correct,same_domain_other_benchmark,32,tier1,queued,bulk_ready
mistral7b_instruct_v03,boolq,factual_reading,model_incorrect,same_domain_other_benchmark,0,tier1,queued,bulk_ready
mistral7b_instruct_v03,boolq,factual_reading,model_incorrect,same_domain_other_benchmark,1,tier1,queued,bulk_ready
mistral7b_instruct_v03,boolq,factual_reading,model_incorrect,same_domain_other_benchmark,2,tier1,queued,bulk_ready
mistral7b_instruct_v03,boolq,factual_reading,model_incorrect,same_domain_other_benchmark,4,tier1,queued,bulk_ready
mistral7b_instruct_v03,boolq,factual_reading,model_incorrect,same_domain_other_benchmark,8,tier1,queued,bulk_ready
mistral7b_instruct_v03,boolq,factual_reading,model_incorrect,same_domain_other_benchmark,16,tier1,queued,bulk_ready
mistral7b_instruct_v03,boolq,factual_reading,model_incorrect,same_domain_other_benchmark,32,tier1,queued,bulk_ready
mistral7b_instruct_v03,boolq,factual_reading,model_correct,cross_domain,0,tier1,queued,bulk_ready
mistral7b_instruct_v03,boolq,factual_reading,model_correct,cross_domain,1,tier1,queued,bulk_ready
mistral7b_instruct_v03,boolq,factual_reading,model_correct,cross_domain,2,tier1,queued,bulk_ready
mistral7b_instruct_v03,boolq,factual_reading,model_correct,cross_domain,4,tier1,queued,bulk_ready
mistral7b_instruct_v03,boolq,factual_reading,model_correct,cross_domain,8,tier1,queued,bulk_ready
mistral7b_instruct_v03,boolq,factual_reading,model_correct,cross_domain,16,tier1,queued,bulk_ready
mistral7b_instruct_v03,boolq,factual_reading,model_correct,cross_domain,32,tier1,queued,bulk_ready
mistral7b_instruct_v03,boolq,factual_reading,model_incorrect,cross_domain,0,tier1,queued,bulk_ready
mistral7b_instruct_v03,boolq,factual_reading,model_incorrect,cross_domain,1,tier1,queued,bulk_ready
mistral7b_instruct_v03,boolq,factual_reading,model_incorrect,cross_domain,2,tier1,queued,bulk_ready
mistral7b_instruct_v03,boolq,factual_reading,model_incorrect,cross_domain,4,tier1,queued,bulk_ready
mistral7b_instruct_v03,boolq,factual_reading,model_incorrect,cross_domain,8,tier1,queued,bulk_ready
mistral7b_instruct_v03,boolq,factual_reading,model_incorrect,cross_domain,16,tier1,queued,bulk_ready
mistral7b_instruct_v03,boolq,factual_reading,model_incorrect,cross_domain,32,tier1,queued,bulk_ready
mistral7b_instruct_v03,truthfulqa_mc,factual_reading,model_correct,same_benchmark,0,tier1,queued,bulk_ready
mistral7b_instruct_v03,truthfulqa_mc,factual_reading,model_correct,same_benchmark,1,tier1,queued,bulk_ready
mistral7b_instruct_v03,truthfulqa_mc,factual_reading,model_correct,same_benchmark,2,tier1,queued,bulk_ready
mistral7b_instruct_v03,truthfulqa_mc,factual_reading,model_correct,same_benchmark,4,tier1,queued,bulk_ready
mistral7b_instruct_v03,truthfulqa_mc,factual_reading,model_correct,same_benchmark,8,tier1,queued,bulk_ready
mistral7b_instruct_v03,truthfulqa_mc,factual_reading,model_correct,same_benchmark,16,tier1,queued,bulk_ready
mistral7b_instruct_v03,truthfulqa_mc,factual_reading,model_correct,same_benchmark,32,tier1,queued,bulk_ready
mistral7b_instruct_v03,truthfulqa_mc,factual_reading,model_incorrect,same_benchmark,0,tier1,queued,bulk_ready
mistral7b_instruct_v03,truthfulqa_mc,factual_reading,model_incorrect,same_benchmark,1,tier1,queued,bulk_ready
mistral7b_instruct_v03,truthfulqa_mc,factual_reading,model_incorrect,same_benchmark,2,tier1,queued,bulk_ready
mistral7b_instruct_v03,truthfulqa_mc,factual_reading,model_incorrect,same_benchmark,4,tier1,queued,bulk_ready
mistral7b_instruct_v03,truthfulqa_mc,factual_reading,model_incorrect,same_benchmark,8,tier1,queued,bulk_ready
mistral7b_instruct_v03,truthfulqa_mc,factual_reading,model_incorrect,same_benchmark,16,tier1,queued,bulk_ready
mistral7b_instruct_v03,truthfulqa_mc,factual_reading,model_incorrect,same_benchmark,32,tier1,queued,bulk_ready
mistral7b_instruct_v03,truthfulqa_mc,factual_reading,model_correct,same_domain_other_benchmark,0,tier1,queued,bulk_ready
mistral7b_instruct_v03,truthfulqa_mc,factual_reading,model_correct,same_domain_other_benchmark,1,tier1,queued,bulk_ready
mistral7b_instruct_v03,truthfulqa_mc,factual_reading,model_correct,same_domain_other_benchmark,2,tier1,queued,bulk_ready
mistral7b_instruct_v03,truthfulqa_mc,factual_reading,model_correct,same_domain_other_benchmark,4,tier1,queued,bulk_ready
mistral7b_instruct_v03,truthfulqa_mc,factual_reading,model_correct,same_domain_other_benchmark,8,tier1,queued,bulk_ready
mistral7b_instruct_v03,truthfulqa_mc,factual_reading,model_correct,same_domain_other_benchmark,16,tier1,queued,bulk_ready
mistral7b_instruct_v03,truthfulqa_mc,factual_reading,model_correct,same_domain_other_benchmark,32,tier1,queued,bulk_ready
mistral7b_instruct_v03,truthfulqa_mc,factual_reading,model_incorrect,same_domain_other_benchmark,0,tier1,queued,bulk_ready
mistral7b_instruct_v03,truthfulqa_mc,factual_reading,model_incorrect,same_domain_other_benchmark,1,tier1,queued,bulk_ready
mistral7b_instruct_v03,truthfulqa_mc,factual_reading,model_incorrect,same_domain_other_benchmark,2,tier1,queued,bulk_ready
mistral7b_instruct_v03,truthfulqa_mc,factual_reading,model_incorrect,same_domain_other_benchmark,4,tier1,queued,bulk_ready
mistral7b_instruct_v03,truthfulqa_mc,factual_reading,model_incorrect,same_domain_other_benchmark,8,tier1,queued,bulk_ready
mistral7b_instruct_v03,truthfulqa_mc,factual_reading,model_incorrect,same_domain_other_benchmark,16,tier1,queued,bulk_ready
mistral7b_instruct_v03,truthfulqa_mc,factual_reading,model_incorrect,same_domain_other_benchmark,32,tier1,queued,bulk_ready
mistral7b_instruct_v03,truthfulqa_mc,factual_reading,model_correct,cross_domain,0,tier1,queued,bulk_ready
mistral7b_instruct_v03,truthfulqa_mc,factual_reading,model_correct,cross_domain,1,tier1,queued,bulk_ready
mistral7b_instruct_v03,truthfulqa_mc,factual_reading,model_correct,cross_domain,2,tier1,queued,bulk_ready
mistral7b_instruct_v03,truthfulqa_mc,factual_reading,model_correct,cross_domain,4,tier1,queued,bulk_ready
mistral7b_instruct_v03,truthfulqa_mc,factual_reading,model_correct,cross_domain,8,tier1,queued,bulk_ready
mistral7b_instruct_v03,truthfulqa_mc,factual_reading,model_correct,cross_domain,16,tier1,queued,bulk_ready
mistral7b_instruct_v03,truthfulqa_mc,factual_reading,model_correct,cross_domain,32,tier1,queued,bulk_ready
mistral7b_instruct_v03,truthfulqa_mc,factual_reading,model_incorrect,cross_domain,0,tier1,queued,bulk_ready
mistral7b_instruct_v03,truthfulqa_mc,factual_reading,model_incorrect,cross_domain,1,tier1,queued,bulk_ready
mistral7b_instruct_v03,truthfulqa_mc,factual_reading,model_incorrect,cross_domain,2,tier1,queued,bulk_ready
mistral7b_instruct_v03,truthfulqa_mc,factual_reading,model_incorrect,cross_domain,4,tier1,queued,bulk_ready
mistral7b_instruct_v03,truthfulqa_mc,factual_reading,model_incorrect,cross_domain,8,tier1,queued,bulk_ready
mistral7b_instruct_v03,truthfulqa_mc,factual_reading,model_incorrect,cross_domain,16,tier1,queued,bulk_ready
mistral7b_instruct_v03,truthfulqa_mc,factual_reading,model_incorrect,cross_domain,32,tier1,queued,bulk_ready
gemma2_9b_it,gsm8k,math,model_correct,same_benchmark,0,tier1,blocked,retry_blocked
gemma2_9b_it,gsm8k,math,model_correct,same_benchmark,1,tier1,blocked,retry_blocked
gemma2_9b_it,gsm8k,math,model_correct,same_benchmark,2,tier1,blocked,retry_blocked
gemma2_9b_it,gsm8k,math,model_correct,same_benchmark,4,tier1,blocked,retry_blocked
gemma2_9b_it,gsm8k,math,model_correct,same_benchmark,8,tier1,blocked,retry_blocked
gemma2_9b_it,gsm8k,math,model_correct,same_benchmark,16,tier1,blocked,retry_blocked
gemma2_9b_it,gsm8k,math,model_correct,same_benchmark,32,tier1,blocked,retry_blocked
gemma2_9b_it,gsm8k,math,model_incorrect,same_benchmark,0,tier1,blocked,retry_blocked
gemma2_9b_it,gsm8k,math,model_incorrect,same_benchmark,1,tier1,blocked,retry_blocked
gemma2_9b_it,gsm8k,math,model_incorrect,same_benchmark,2,tier1,blocked,retry_blocked
gemma2_9b_it,gsm8k,math,model_incorrect,same_benchmark,4,tier1,blocked,retry_blocked
gemma2_9b_it,gsm8k,math,model_incorrect,same_benchmark,8,tier1,blocked,retry_blocked
gemma2_9b_it,gsm8k,math,model_incorrect,same_benchmark,16,tier1,blocked,retry_blocked
gemma2_9b_it,gsm8k,math,model_incorrect,same_benchmark,32,tier1,blocked,retry_blocked
gemma2_9b_it,gsm8k,math,model_correct,same_domain_other_benchmark,0,tier1,blocked,retry_blocked
gemma2_9b_it,gsm8k,math,model_correct,same_domain_other_benchmark,1,tier1,blocked,retry_blocked
gemma2_9b_it,gsm8k,math,model_correct,same_domain_other_benchmark,2,tier1,blocked,retry_blocked
gemma2_9b_it,gsm8k,math,model_correct,same_domain_other_benchmark,4,tier1,blocked,retry_blocked
gemma2_9b_it,gsm8k,math,model_correct,same_domain_other_benchmark,8,tier1,blocked,retry_blocked
gemma2_9b_it,gsm8k,math,model_correct,same_domain_other_benchmark,16,tier1,blocked,retry_blocked
gemma2_9b_it,gsm8k,math,model_correct,same_domain_other_benchmark,32,tier1,blocked,retry_blocked
gemma2_9b_it,gsm8k,math,model_incorrect,same_domain_other_benchmark,0,tier1,blocked,retry_blocked
gemma2_9b_it,gsm8k,math,model_incorrect,same_domain_other_benchmark,1,tier1,blocked,retry_blocked
gemma2_9b_it,gsm8k,math,model_incorrect,same_domain_other_benchmark,2,tier1,blocked,retry_blocked
gemma2_9b_it,gsm8k,math,model_incorrect,same_domain_other_benchmark,4,tier1,blocked,retry_blocked
gemma2_9b_it,gsm8k,math,model_incorrect,same_domain_other_benchmark,8,tier1,blocked,retry_blocked
gemma2_9b_it,gsm8k,math,model_incorrect,same_domain_other_benchmark,16,tier1,blocked,retry_blocked
gemma2_9b_it,gsm8k,math,model_incorrect,same_domain_other_benchmark,32,tier1,blocked,retry_blocked
gemma2_9b_it,gsm8k,math,model_correct,cross_domain,0,tier1,blocked,retry_blocked
gemma2_9b_it,gsm8k,math,model_correct,cross_domain,1,tier1,blocked,retry_blocked
gemma2_9b_it,gsm8k,math,model_correct,cross_domain,2,tier1,blocked,retry_blocked
gemma2_9b_it,gsm8k,math,model_correct,cross_domain,4,tier1,blocked,retry_blocked
gemma2_9b_it,gsm8k,math,model_correct,cross_domain,8,tier1,blocked,retry_blocked
gemma2_9b_it,gsm8k,math,model_correct,cross_domain,16,tier1,blocked,retry_blocked
gemma2_9b_it,gsm8k,math,model_correct,cross_domain,32,tier1,blocked,retry_blocked
gemma2_9b_it,gsm8k,math,model_incorrect,cross_domain,0,tier1,blocked,retry_blocked
gemma2_9b_it,gsm8k,math,model_incorrect,cross_domain,1,tier1,blocked,retry_blocked
gemma2_9b_it,gsm8k,math,model_incorrect,cross_domain,2,tier1,blocked,retry_blocked
gemma2_9b_it,gsm8k,math,model_incorrect,cross_domain,4,tier1,blocked,retry_blocked
gemma2_9b_it,gsm8k,math,model_incorrect,cross_domain,8,tier1,blocked,retry_blocked
gemma2_9b_it,gsm8k,math,model_incorrect,cross_domain,16,tier1,blocked,retry_blocked
gemma2_9b_it,gsm8k,math,model_incorrect,cross_domain,32,tier1,blocked,retry_blocked
gemma2_9b_it,math500,math,model_correct,same_benchmark,0,tier1,blocked,retry_blocked
gemma2_9b_it,math500,math,model_correct,same_benchmark,1,tier1,blocked,retry_blocked
gemma2_9b_it,math500,math,model_correct,same_benchmark,2,tier1,blocked,retry_blocked
gemma2_9b_it,math500,math,model_correct,same_benchmark,4,tier1,blocked,retry_blocked
gemma2_9b_it,math500,math,model_correct,same_benchmark,8,tier1,blocked,retry_blocked
gemma2_9b_it,math500,math,model_correct,same_benchmark,16,tier1,blocked,retry_blocked
gemma2_9b_it,math500,math,model_correct,same_benchmark,32,tier1,blocked,retry_blocked
gemma2_9b_it,math500,math,model_incorrect,same_benchmark,0,tier1,blocked,retry_blocked
gemma2_9b_it,math500,math,model_incorrect,same_benchmark,1,tier1,blocked,retry_blocked
gemma2_9b_it,math500,math,model_incorrect,same_benchmark,2,tier1,blocked,retry_blocked
gemma2_9b_it,math500,math,model_incorrect,same_benchmark,4,tier1,blocked,retry_blocked
gemma2_9b_it,math500,math,model_incorrect,same_benchmark,8,tier1,blocked,retry_blocked
gemma2_9b_it,math500,math,model_incorrect,same_benchmark,16,tier1,blocked,retry_blocked
gemma2_9b_it,math500,math,model_incorrect,same_benchmark,32,tier1,blocked,retry_blocked
gemma2_9b_it,math500,math,model_correct,same_domain_other_benchmark,0,tier1,blocked,retry_blocked
gemma2_9b_it,math500,math,model_correct,same_domain_other_benchmark,1,tier1,blocked,retry_blocked
gemma2_9b_it,math500,math,model_correct,same_domain_other_benchmark,2,tier1,blocked,retry_blocked
gemma2_9b_it,math500,math,model_correct,same_domain_other_benchmark,4,tier1,blocked,retry_blocked
gemma2_9b_it,math500,math,model_correct,same_domain_other_benchmark,8,tier1,blocked,retry_blocked
gemma2_9b_it,math500,math,model_correct,same_domain_other_benchmark,16,tier1,blocked,retry_blocked
gemma2_9b_it,math500,math,model_correct,same_domain_other_benchmark,32,tier1,blocked,retry_blocked
gemma2_9b_it,math500,math,model_incorrect,same_domain_other_benchmark,0,tier1,blocked,retry_blocked
gemma2_9b_it,math500,math,model_incorrect,same_domain_other_benchmark,1,tier1,blocked,retry_blocked
gemma2_9b_it,math500,math,model_incorrect,same_domain_other_benchmark,2,tier1,blocked,retry_blocked
gemma2_9b_it,math500,math,model_incorrect,same_domain_other_benchmark,4,tier1,blocked,retry_blocked
gemma2_9b_it,math500,math,model_incorrect,same_domain_other_benchmark,8,tier1,blocked,retry_blocked
gemma2_9b_it,math500,math,model_incorrect,same_domain_other_benchmark,16,tier1,blocked,retry_blocked
gemma2_9b_it,math500,math,model_incorrect,same_domain_other_benchmark,32,tier1,blocked,retry_blocked
gemma2_9b_it,math500,math,model_correct,cross_domain,0,tier1,blocked,retry_blocked
gemma2_9b_it,math500,math,model_correct,cross_domain,1,tier1,blocked,retry_blocked
gemma2_9b_it,math500,math,model_correct,cross_domain,2,tier1,blocked,retry_blocked
gemma2_9b_it,math500,math,model_correct,cross_domain,4,tier1,blocked,retry_blocked
gemma2_9b_it,math500,math,model_correct,cross_domain,8,tier1,blocked,retry_blocked
gemma2_9b_it,math500,math,model_correct,cross_domain,16,tier1,blocked,retry_blocked
gemma2_9b_it,math500,math,model_correct,cross_domain,32,tier1,blocked,retry_blocked
gemma2_9b_it,math500,math,model_incorrect,cross_domain,0,tier1,blocked,retry_blocked
gemma2_9b_it,math500,math,model_incorrect,cross_domain,1,tier1,blocked,retry_blocked
gemma2_9b_it,math500,math,model_incorrect,cross_domain,2,tier1,blocked,retry_blocked
gemma2_9b_it,math500,math,model_incorrect,cross_domain,4,tier1,blocked,retry_blocked
gemma2_9b_it,math500,math,model_incorrect,cross_domain,8,tier1,blocked,retry_blocked
gemma2_9b_it,math500,math,model_incorrect,cross_domain,16,tier1,blocked,retry_blocked
gemma2_9b_it,math500,math,model_incorrect,cross_domain,32,tier1,blocked,retry_blocked
gemma2_9b_it,gpqa,science,model_correct,same_benchmark,0,tier1,blocked,retry_blocked
gemma2_9b_it,gpqa,science,model_correct,same_benchmark,1,tier1,blocked,retry_blocked
gemma2_9b_it,gpqa,science,model_correct,same_benchmark,2,tier1,blocked,retry_blocked
gemma2_9b_it,gpqa,science,model_correct,same_benchmark,4,tier1,blocked,retry_blocked
gemma2_9b_it,gpqa,science,model_correct,same_benchmark,8,tier1,blocked,retry_blocked
gemma2_9b_it,gpqa,science,model_correct,same_benchmark,16,tier1,blocked,retry_blocked
gemma2_9b_it,gpqa,science,model_correct,same_benchmark,32,tier1,blocked,retry_blocked
gemma2_9b_it,gpqa,science,model_incorrect,same_benchmark,0,tier1,blocked,retry_blocked
gemma2_9b_it,gpqa,science,model_incorrect,same_benchmark,1,tier1,blocked,retry_blocked
gemma2_9b_it,gpqa,science,model_incorrect,same_benchmark,2,tier1,blocked,retry_blocked
gemma2_9b_it,gpqa,science,model_incorrect,same_benchmark,4,tier1,blocked,retry_blocked
gemma2_9b_it,gpqa,science,model_incorrect,same_benchmark,8,tier1,blocked,retry_blocked
gemma2_9b_it,gpqa,science,model_incorrect,same_benchmark,16,tier1,blocked,retry_blocked
gemma2_9b_it,gpqa,science,model_incorrect,same_benchmark,32,tier1,blocked,retry_blocked
gemma2_9b_it,gpqa,science,model_correct,same_domain_other_benchmark,0,tier1,blocked,retry_blocked
gemma2_9b_it,gpqa,science,model_correct,same_domain_other_benchmark,1,tier1,blocked,retry_blocked
gemma2_9b_it,gpqa,science,model_correct,same_domain_other_benchmark,2,tier1,blocked,retry_blocked
gemma2_9b_it,gpqa,science,model_correct,same_domain_other_benchmark,4,tier1,blocked,retry_blocked
gemma2_9b_it,gpqa,science,model_correct,same_domain_other_benchmark,8,tier1,blocked,retry_blocked
gemma2_9b_it,gpqa,science,model_correct,same_domain_other_benchmark,16,tier1,blocked,retry_blocked
gemma2_9b_it,gpqa,science,model_correct,same_domain_other_benchmark,32,tier1,blocked,retry_blocked
gemma2_9b_it,gpqa,science,model_incorrect,same_domain_other_benchmark,0,tier1,blocked,retry_blocked
gemma2_9b_it,gpqa,science,model_incorrect,same_domain_other_benchmark,1,tier1,blocked,retry_blocked
gemma2_9b_it,gpqa,science,model_incorrect,same_domain_other_benchmark,2,tier1,blocked,retry_blocked
gemma2_9b_it,gpqa,science,model_incorrect,same_domain_other_benchmark,4,tier1,blocked,retry_blocked
gemma2_9b_it,gpqa,science,model_incorrect,same_domain_other_benchmark,8,tier1,blocked,retry_blocked
gemma2_9b_it,gpqa,science,model_incorrect,same_domain_other_benchmark,16,tier1,blocked,retry_blocked
gemma2_9b_it,gpqa,science,model_incorrect,same_domain_other_benchmark,32,tier1,blocked,retry_blocked
gemma2_9b_it,gpqa,science,model_correct,cross_domain,0,tier1,blocked,retry_blocked
gemma2_9b_it,gpqa,science,model_correct,cross_domain,1,tier1,blocked,retry_blocked
gemma2_9b_it,gpqa,science,model_correct,cross_domain,2,tier1,blocked,retry_blocked
gemma2_9b_it,gpqa,science,model_correct,cross_domain,4,tier1,blocked,retry_blocked
gemma2_9b_it,gpqa,science,model_correct,cross_domain,8,tier1,blocked,retry_blocked
gemma2_9b_it,gpqa,science,model_correct,cross_domain,16,tier1,blocked,retry_blocked
gemma2_9b_it,gpqa,science,model_correct,cross_domain,32,tier1,blocked,retry_blocked
gemma2_9b_it,gpqa,science,model_incorrect,cross_domain,0,tier1,blocked,retry_blocked
gemma2_9b_it,gpqa,science,model_incorrect,cross_domain,1,tier1,blocked,retry_blocked
gemma2_9b_it,gpqa,science,model_incorrect,cross_domain,2,tier1,blocked,retry_blocked
gemma2_9b_it,gpqa,science,model_incorrect,cross_domain,4,tier1,blocked,retry_blocked
gemma2_9b_it,gpqa,science,model_incorrect,cross_domain,8,tier1,blocked,retry_blocked
gemma2_9b_it,gpqa,science,model_incorrect,cross_domain,16,tier1,blocked,retry_blocked
gemma2_9b_it,gpqa,science,model_incorrect,cross_domain,32,tier1,blocked,retry_blocked
gemma2_9b_it,arc_challenge,science,model_correct,same_benchmark,0,tier1,blocked,retry_blocked
gemma2_9b_it,arc_challenge,science,model_correct,same_benchmark,1,tier1,blocked,retry_blocked
gemma2_9b_it,arc_challenge,science,model_correct,same_benchmark,2,tier1,blocked,retry_blocked
gemma2_9b_it,arc_challenge,science,model_correct,same_benchmark,4,tier1,blocked,retry_blocked
gemma2_9b_it,arc_challenge,science,model_correct,same_benchmark,8,tier1,blocked,retry_blocked
gemma2_9b_it,arc_challenge,science,model_correct,same_benchmark,16,tier1,blocked,retry_blocked
gemma2_9b_it,arc_challenge,science,model_correct,same_benchmark,32,tier1,blocked,retry_blocked
gemma2_9b_it,arc_challenge,science,model_incorrect,same_benchmark,0,tier1,blocked,retry_blocked
gemma2_9b_it,arc_challenge,science,model_incorrect,same_benchmark,1,tier1,blocked,retry_blocked
gemma2_9b_it,arc_challenge,science,model_incorrect,same_benchmark,2,tier1,blocked,retry_blocked
gemma2_9b_it,arc_challenge,science,model_incorrect,same_benchmark,4,tier1,blocked,retry_blocked
gemma2_9b_it,arc_challenge,science,model_incorrect,same_benchmark,8,tier1,blocked,retry_blocked
gemma2_9b_it,arc_challenge,science,model_incorrect,same_benchmark,16,tier1,blocked,retry_blocked
gemma2_9b_it,arc_challenge,science,model_incorrect,same_benchmark,32,tier1,blocked,retry_blocked
gemma2_9b_it,arc_challenge,science,model_correct,same_domain_other_benchmark,0,tier1,blocked,retry_blocked
gemma2_9b_it,arc_challenge,science,model_correct,same_domain_other_benchmark,1,tier1,blocked,retry_blocked
gemma2_9b_it,arc_challenge,science,model_correct,same_domain_other_benchmark,2,tier1,blocked,retry_blocked
gemma2_9b_it,arc_challenge,science,model_correct,same_domain_other_benchmark,4,tier1,blocked,retry_blocked
gemma2_9b_it,arc_challenge,science,model_correct,same_domain_other_benchmark,8,tier1,blocked,retry_blocked
gemma2_9b_it,arc_challenge,science,model_correct,same_domain_other_benchmark,16,tier1,blocked,retry_blocked
gemma2_9b_it,arc_challenge,science,model_correct,same_domain_other_benchmark,32,tier1,blocked,retry_blocked
gemma2_9b_it,arc_challenge,science,model_incorrect,same_domain_other_benchmark,0,tier1,blocked,retry_blocked
gemma2_9b_it,arc_challenge,science,model_incorrect,same_domain_other_benchmark,1,tier1,blocked,retry_blocked
gemma2_9b_it,arc_challenge,science,model_incorrect,same_domain_other_benchmark,2,tier1,blocked,retry_blocked
gemma2_9b_it,arc_challenge,science,model_incorrect,same_domain_other_benchmark,4,tier1,blocked,retry_blocked
gemma2_9b_it,arc_challenge,science,model_incorrect,same_domain_other_benchmark,8,tier1,blocked,retry_blocked
gemma2_9b_it,arc_challenge,science,model_incorrect,same_domain_other_benchmark,16,tier1,blocked,retry_blocked
gemma2_9b_it,arc_challenge,science,model_incorrect,same_domain_other_benchmark,32,tier1,blocked,retry_blocked
gemma2_9b_it,arc_challenge,science,model_correct,cross_domain,0,tier1,blocked,retry_blocked
gemma2_9b_it,arc_challenge,science,model_correct,cross_domain,1,tier1,blocked,retry_blocked
gemma2_9b_it,arc_challenge,science,model_correct,cross_domain,2,tier1,blocked,retry_blocked
gemma2_9b_it,arc_challenge,science,model_correct,cross_domain,4,tier1,blocked,retry_blocked
gemma2_9b_it,arc_challenge,science,model_correct,cross_domain,8,tier1,blocked,retry_blocked
gemma2_9b_it,arc_challenge,science,model_correct,cross_domain,16,tier1,blocked,retry_blocked
gemma2_9b_it,arc_challenge,science,model_correct,cross_domain,32,tier1,blocked,retry_blocked
gemma2_9b_it,arc_challenge,science,model_incorrect,cross_domain,0,tier1,blocked,retry_blocked
gemma2_9b_it,arc_challenge,science,model_incorrect,cross_domain,1,tier1,blocked,retry_blocked
gemma2_9b_it,arc_challenge,science,model_incorrect,cross_domain,2,tier1,blocked,retry_blocked
gemma2_9b_it,arc_challenge,science,model_incorrect,cross_domain,4,tier1,blocked,retry_blocked
gemma2_9b_it,arc_challenge,science,model_incorrect,cross_domain,8,tier1,blocked,retry_blocked
gemma2_9b_it,arc_challenge,science,model_incorrect,cross_domain,16,tier1,blocked,retry_blocked
gemma2_9b_it,arc_challenge,science,model_incorrect,cross_domain,32,tier1,blocked,retry_blocked
gemma2_9b_it,mmlu_pro,general_knowledge,model_correct,same_benchmark,0,tier1,blocked,retry_blocked
gemma2_9b_it,mmlu_pro,general_knowledge,model_correct,same_benchmark,1,tier1,blocked,retry_blocked
gemma2_9b_it,mmlu_pro,general_knowledge,model_correct,same_benchmark,2,tier1,blocked,retry_blocked
gemma2_9b_it,mmlu_pro,general_knowledge,model_correct,same_benchmark,4,tier1,blocked,retry_blocked
gemma2_9b_it,mmlu_pro,general_knowledge,model_correct,same_benchmark,8,tier1,blocked,retry_blocked
gemma2_9b_it,mmlu_pro,general_knowledge,model_correct,same_benchmark,16,tier1,blocked,retry_blocked
gemma2_9b_it,mmlu_pro,general_knowledge,model_correct,same_benchmark,32,tier1,blocked,retry_blocked
gemma2_9b_it,mmlu_pro,general_knowledge,model_incorrect,same_benchmark,0,tier1,blocked,retry_blocked
gemma2_9b_it,mmlu_pro,general_knowledge,model_incorrect,same_benchmark,1,tier1,blocked,retry_blocked
gemma2_9b_it,mmlu_pro,general_knowledge,model_incorrect,same_benchmark,2,tier1,blocked,retry_blocked
gemma2_9b_it,mmlu_pro,general_knowledge,model_incorrect,same_benchmark,4,tier1,blocked,retry_blocked
gemma2_9b_it,mmlu_pro,general_knowledge,model_incorrect,same_benchmark,8,tier1,blocked,retry_blocked
gemma2_9b_it,mmlu_pro,general_knowledge,model_incorrect,same_benchmark,16,tier1,blocked,retry_blocked
gemma2_9b_it,mmlu_pro,general_knowledge,model_incorrect,same_benchmark,32,tier1,blocked,retry_blocked
gemma2_9b_it,mmlu_pro,general_knowledge,model_correct,same_domain_other_benchmark,0,tier1,blocked,retry_blocked
gemma2_9b_it,mmlu_pro,general_knowledge,model_correct,same_domain_other_benchmark,1,tier1,blocked,retry_blocked
gemma2_9b_it,mmlu_pro,general_knowledge,model_correct,same_domain_other_benchmark,2,tier1,blocked,retry_blocked
gemma2_9b_it,mmlu_pro,general_knowledge,model_correct,same_domain_other_benchmark,4,tier1,blocked,retry_blocked
gemma2_9b_it,mmlu_pro,general_knowledge,model_correct,same_domain_other_benchmark,8,tier1,blocked,retry_blocked
gemma2_9b_it,mmlu_pro,general_knowledge,model_correct,same_domain_other_benchmark,16,tier1,blocked,retry_blocked
gemma2_9b_it,mmlu_pro,general_knowledge,model_correct,same_domain_other_benchmark,32,tier1,blocked,retry_blocked
gemma2_9b_it,mmlu_pro,general_knowledge,model_incorrect,same_domain_other_benchmark,0,tier1,blocked,retry_blocked
gemma2_9b_it,mmlu_pro,general_knowledge,model_incorrect,same_domain_other_benchmark,1,tier1,blocked,retry_blocked
gemma2_9b_it,mmlu_pro,general_knowledge,model_incorrect,same_domain_other_benchmark,2,tier1,blocked,retry_blocked
gemma2_9b_it,mmlu_pro,general_knowledge,model_incorrect,same_domain_other_benchmark,4,tier1,blocked,retry_blocked
gemma2_9b_it,mmlu_pro,general_knowledge,model_incorrect,same_domain_other_benchmark,8,tier1,blocked,retry_blocked
gemma2_9b_it,mmlu_pro,general_knowledge,model_incorrect,same_domain_other_benchmark,16,tier1,blocked,retry_blocked
gemma2_9b_it,mmlu_pro,general_knowledge,model_incorrect,same_domain_other_benchmark,32,tier1,blocked,retry_blocked
gemma2_9b_it,mmlu_pro,general_knowledge,model_correct,cross_domain,0,tier1,blocked,retry_blocked
gemma2_9b_it,mmlu_pro,general_knowledge,model_correct,cross_domain,1,tier1,blocked,retry_blocked
gemma2_9b_it,mmlu_pro,general_knowledge,model_correct,cross_domain,2,tier1,blocked,retry_blocked
gemma2_9b_it,mmlu_pro,general_knowledge,model_correct,cross_domain,4,tier1,blocked,retry_blocked
gemma2_9b_it,mmlu_pro,general_knowledge,model_correct,cross_domain,8,tier1,blocked,retry_blocked
gemma2_9b_it,mmlu_pro,general_knowledge,model_correct,cross_domain,16,tier1,blocked,retry_blocked
gemma2_9b_it,mmlu_pro,general_knowledge,model_correct,cross_domain,32,tier1,blocked,retry_blocked
gemma2_9b_it,mmlu_pro,general_knowledge,model_incorrect,cross_domain,0,tier1,blocked,retry_blocked
gemma2_9b_it,mmlu_pro,general_knowledge,model_incorrect,cross_domain,1,tier1,blocked,retry_blocked
gemma2_9b_it,mmlu_pro,general_knowledge,model_incorrect,cross_domain,2,tier1,blocked,retry_blocked
gemma2_9b_it,mmlu_pro,general_knowledge,model_incorrect,cross_domain,4,tier1,blocked,retry_blocked
gemma2_9b_it,mmlu_pro,general_knowledge,model_incorrect,cross_domain,8,tier1,blocked,retry_blocked
gemma2_9b_it,mmlu_pro,general_knowledge,model_incorrect,cross_domain,16,tier1,blocked,retry_blocked
gemma2_9b_it,mmlu_pro,general_knowledge,model_incorrect,cross_domain,32,tier1,blocked,retry_blocked
gemma2_9b_it,mmlu_redux_2,general_knowledge,model_correct,same_benchmark,0,tier1,blocked,retry_blocked
gemma2_9b_it,mmlu_redux_2,general_knowledge,model_correct,same_benchmark,1,tier1,blocked,retry_blocked
gemma2_9b_it,mmlu_redux_2,general_knowledge,model_correct,same_benchmark,2,tier1,blocked,retry_blocked
gemma2_9b_it,mmlu_redux_2,general_knowledge,model_correct,same_benchmark,4,tier1,blocked,retry_blocked
gemma2_9b_it,mmlu_redux_2,general_knowledge,model_correct,same_benchmark,8,tier1,blocked,retry_blocked
gemma2_9b_it,mmlu_redux_2,general_knowledge,model_correct,same_benchmark,16,tier1,blocked,retry_blocked
gemma2_9b_it,mmlu_redux_2,general_knowledge,model_correct,same_benchmark,32,tier1,blocked,retry_blocked
gemma2_9b_it,mmlu_redux_2,general_knowledge,model_incorrect,same_benchmark,0,tier1,blocked,retry_blocked
gemma2_9b_it,mmlu_redux_2,general_knowledge,model_incorrect,same_benchmark,1,tier1,blocked,retry_blocked
gemma2_9b_it,mmlu_redux_2,general_knowledge,model_incorrect,same_benchmark,2,tier1,blocked,retry_blocked
gemma2_9b_it,mmlu_redux_2,general_knowledge,model_incorrect,same_benchmark,4,tier1,blocked,retry_blocked
gemma2_9b_it,mmlu_redux_2,general_knowledge,model_incorrect,same_benchmark,8,tier1,blocked,retry_blocked
gemma2_9b_it,mmlu_redux_2,general_knowledge,model_incorrect,same_benchmark,16,tier1,blocked,retry_blocked
gemma2_9b_it,mmlu_redux_2,general_knowledge,model_incorrect,same_benchmark,32,tier1,blocked,retry_blocked
gemma2_9b_it,mmlu_redux_2,general_knowledge,model_correct,same_domain_other_benchmark,0,tier1,blocked,retry_blocked
gemma2_9b_it,mmlu_redux_2,general_knowledge,model_correct,same_domain_other_benchmark,1,tier1,blocked,retry_blocked
gemma2_9b_it,mmlu_redux_2,general_knowledge,model_correct,same_domain_other_benchmark,2,tier1,blocked,retry_blocked
gemma2_9b_it,mmlu_redux_2,general_knowledge,model_correct,same_domain_other_benchmark,4,tier1,blocked,retry_blocked
gemma2_9b_it,mmlu_redux_2,general_knowledge,model_correct,same_domain_other_benchmark,8,tier1,blocked,retry_blocked
gemma2_9b_it,mmlu_redux_2,general_knowledge,model_correct,same_domain_other_benchmark,16,tier1,blocked,retry_blocked
gemma2_9b_it,mmlu_redux_2,general_knowledge,model_correct,same_domain_other_benchmark,32,tier1,blocked,retry_blocked
gemma2_9b_it,mmlu_redux_2,general_knowledge,model_incorrect,same_domain_other_benchmark,0,tier1,blocked,retry_blocked
gemma2_9b_it,mmlu_redux_2,general_knowledge,model_incorrect,same_domain_other_benchmark,1,tier1,blocked,retry_blocked
gemma2_9b_it,mmlu_redux_2,general_knowledge,model_incorrect,same_domain_other_benchmark,2,tier1,blocked,retry_blocked
gemma2_9b_it,mmlu_redux_2,general_knowledge,model_incorrect,same_domain_other_benchmark,4,tier1,blocked,retry_blocked
gemma2_9b_it,mmlu_redux_2,general_knowledge,model_incorrect,same_domain_other_benchmark,8,tier1,blocked,retry_blocked
gemma2_9b_it,mmlu_redux_2,general_knowledge,model_incorrect,same_domain_other_benchmark,16,tier1,blocked,retry_blocked
gemma2_9b_it,mmlu_redux_2,general_knowledge,model_incorrect,same_domain_other_benchmark,32,tier1,blocked,retry_blocked
gemma2_9b_it,mmlu_redux_2,general_knowledge,model_correct,cross_domain,0,tier1,blocked,retry_blocked
gemma2_9b_it,mmlu_redux_2,general_knowledge,model_correct,cross_domain,1,tier1,blocked,retry_blocked
gemma2_9b_it,mmlu_redux_2,general_knowledge,model_correct,cross_domain,2,tier1,blocked,retry_blocked
gemma2_9b_it,mmlu_redux_2,general_knowledge,model_correct,cross_domain,4,tier1,blocked,retry_blocked
gemma2_9b_it,mmlu_redux_2,general_knowledge,model_correct,cross_domain,8,tier1,blocked,retry_blocked
gemma2_9b_it,mmlu_redux_2,general_knowledge,model_correct,cross_domain,16,tier1,blocked,retry_blocked
gemma2_9b_it,mmlu_redux_2,general_knowledge,model_correct,cross_domain,32,tier1,blocked,retry_blocked
gemma2_9b_it,mmlu_redux_2,general_knowledge,model_incorrect,cross_domain,0,tier1,blocked,retry_blocked
gemma2_9b_it,mmlu_redux_2,general_knowledge,model_incorrect,cross_domain,1,tier1,blocked,retry_blocked
gemma2_9b_it,mmlu_redux_2,general_knowledge,model_incorrect,cross_domain,2,tier1,blocked,retry_blocked
gemma2_9b_it,mmlu_redux_2,general_knowledge,model_incorrect,cross_domain,4,tier1,blocked,retry_blocked
gemma2_9b_it,mmlu_redux_2,general_knowledge,model_incorrect,cross_domain,8,tier1,blocked,retry_blocked
gemma2_9b_it,mmlu_redux_2,general_knowledge,model_incorrect,cross_domain,16,tier1,blocked,retry_blocked
gemma2_9b_it,mmlu_redux_2,general_knowledge,model_incorrect,cross_domain,32,tier1,blocked,retry_blocked
gemma2_9b_it,hellaswag,commonsense,model_correct,same_benchmark,0,tier1,blocked,retry_blocked
gemma2_9b_it,hellaswag,commonsense,model_correct,same_benchmark,1,tier1,blocked,retry_blocked
gemma2_9b_it,hellaswag,commonsense,model_correct,same_benchmark,2,tier1,blocked,retry_blocked
gemma2_9b_it,hellaswag,commonsense,model_correct,same_benchmark,4,tier1,blocked,retry_blocked
gemma2_9b_it,hellaswag,commonsense,model_correct,same_benchmark,8,tier1,blocked,retry_blocked
gemma2_9b_it,hellaswag,commonsense,model_correct,same_benchmark,16,tier1,blocked,retry_blocked
gemma2_9b_it,hellaswag,commonsense,model_correct,same_benchmark,32,tier1,blocked,retry_blocked
gemma2_9b_it,hellaswag,commonsense,model_incorrect,same_benchmark,0,tier1,blocked,retry_blocked
gemma2_9b_it,hellaswag,commonsense,model_incorrect,same_benchmark,1,tier1,blocked,retry_blocked
gemma2_9b_it,hellaswag,commonsense,model_incorrect,same_benchmark,2,tier1,blocked,retry_blocked
gemma2_9b_it,hellaswag,commonsense,model_incorrect,same_benchmark,4,tier1,blocked,retry_blocked
gemma2_9b_it,hellaswag,commonsense,model_incorrect,same_benchmark,8,tier1,blocked,retry_blocked
gemma2_9b_it,hellaswag,commonsense,model_incorrect,same_benchmark,16,tier1,blocked,retry_blocked
gemma2_9b_it,hellaswag,commonsense,model_incorrect,same_benchmark,32,tier1,blocked,retry_blocked
gemma2_9b_it,hellaswag,commonsense,model_correct,same_domain_other_benchmark,0,tier1,blocked,retry_blocked
gemma2_9b_it,hellaswag,commonsense,model_correct,same_domain_other_benchmark,1,tier1,blocked,retry_blocked
gemma2_9b_it,hellaswag,commonsense,model_correct,same_domain_other_benchmark,2,tier1,blocked,retry_blocked
gemma2_9b_it,hellaswag,commonsense,model_correct,same_domain_other_benchmark,4,tier1,blocked,retry_blocked
gemma2_9b_it,hellaswag,commonsense,model_correct,same_domain_other_benchmark,8,tier1,blocked,retry_blocked
gemma2_9b_it,hellaswag,commonsense,model_correct,same_domain_other_benchmark,16,tier1,blocked,retry_blocked
gemma2_9b_it,hellaswag,commonsense,model_correct,same_domain_other_benchmark,32,tier1,blocked,retry_blocked
gemma2_9b_it,hellaswag,commonsense,model_incorrect,same_domain_other_benchmark,0,tier1,blocked,retry_blocked
gemma2_9b_it,hellaswag,commonsense,model_incorrect,same_domain_other_benchmark,1,tier1,blocked,retry_blocked
gemma2_9b_it,hellaswag,commonsense,model_incorrect,same_domain_other_benchmark,2,tier1,blocked,retry_blocked
gemma2_9b_it,hellaswag,commonsense,model_incorrect,same_domain_other_benchmark,4,tier1,blocked,retry_blocked
gemma2_9b_it,hellaswag,commonsense,model_incorrect,same_domain_other_benchmark,8,tier1,blocked,retry_blocked
gemma2_9b_it,hellaswag,commonsense,model_incorrect,same_domain_other_benchmark,16,tier1,blocked,retry_blocked
gemma2_9b_it,hellaswag,commonsense,model_incorrect,same_domain_other_benchmark,32,tier1,blocked,retry_blocked
gemma2_9b_it,hellaswag,commonsense,model_correct,cross_domain,0,tier1,blocked,retry_blocked
gemma2_9b_it,hellaswag,commonsense,model_correct,cross_domain,1,tier1,blocked,retry_blocked
gemma2_9b_it,hellaswag,commonsense,model_correct,cross_domain,2,tier1,blocked,retry_blocked
gemma2_9b_it,hellaswag,commonsense,model_correct,cross_domain,4,tier1,blocked,retry_blocked
gemma2_9b_it,hellaswag,commonsense,model_correct,cross_domain,8,tier1,blocked,retry_blocked
gemma2_9b_it,hellaswag,commonsense,model_correct,cross_domain,16,tier1,blocked,retry_blocked
gemma2_9b_it,hellaswag,commonsense,model_correct,cross_domain,32,tier1,blocked,retry_blocked
gemma2_9b_it,hellaswag,commonsense,model_incorrect,cross_domain,0,tier1,blocked,retry_blocked
gemma2_9b_it,hellaswag,commonsense,model_incorrect,cross_domain,1,tier1,blocked,retry_blocked
gemma2_9b_it,hellaswag,commonsense,model_incorrect,cross_domain,2,tier1,blocked,retry_blocked
gemma2_9b_it,hellaswag,commonsense,model_incorrect,cross_domain,4,tier1,blocked,retry_blocked
gemma2_9b_it,hellaswag,commonsense,model_incorrect,cross_domain,8,tier1,blocked,retry_blocked
gemma2_9b_it,hellaswag,commonsense,model_incorrect,cross_domain,16,tier1,blocked,retry_blocked
gemma2_9b_it,hellaswag,commonsense,model_incorrect,cross_domain,32,tier1,blocked,retry_blocked
gemma2_9b_it,piqa,commonsense,model_correct,same_benchmark,0,tier1,blocked,retry_blocked
gemma2_9b_it,piqa,commonsense,model_correct,same_benchmark,1,tier1,blocked,retry_blocked
gemma2_9b_it,piqa,commonsense,model_correct,same_benchmark,2,tier1,blocked,retry_blocked
gemma2_9b_it,piqa,commonsense,model_correct,same_benchmark,4,tier1,blocked,retry_blocked
gemma2_9b_it,piqa,commonsense,model_correct,same_benchmark,8,tier1,blocked,retry_blocked
gemma2_9b_it,piqa,commonsense,model_correct,same_benchmark,16,tier1,blocked,retry_blocked
gemma2_9b_it,piqa,commonsense,model_correct,same_benchmark,32,tier1,blocked,retry_blocked
gemma2_9b_it,piqa,commonsense,model_incorrect,same_benchmark,0,tier1,blocked,retry_blocked
gemma2_9b_it,piqa,commonsense,model_incorrect,same_benchmark,1,tier1,blocked,retry_blocked
gemma2_9b_it,piqa,commonsense,model_incorrect,same_benchmark,2,tier1,blocked,retry_blocked
gemma2_9b_it,piqa,commonsense,model_incorrect,same_benchmark,4,tier1,blocked,retry_blocked
gemma2_9b_it,piqa,commonsense,model_incorrect,same_benchmark,8,tier1,blocked,retry_blocked
gemma2_9b_it,piqa,commonsense,model_incorrect,same_benchmark,16,tier1,blocked,retry_blocked
gemma2_9b_it,piqa,commonsense,model_incorrect,same_benchmark,32,tier1,blocked,retry_blocked
gemma2_9b_it,piqa,commonsense,model_correct,same_domain_other_benchmark,0,tier1,blocked,retry_blocked
gemma2_9b_it,piqa,commonsense,model_correct,same_domain_other_benchmark,1,tier1,blocked,retry_blocked
gemma2_9b_it,piqa,commonsense,model_correct,same_domain_other_benchmark,2,tier1,blocked,retry_blocked
gemma2_9b_it,piqa,commonsense,model_correct,same_domain_other_benchmark,4,tier1,blocked,retry_blocked
gemma2_9b_it,piqa,commonsense,model_correct,same_domain_other_benchmark,8,tier1,blocked,retry_blocked
gemma2_9b_it,piqa,commonsense,model_correct,same_domain_other_benchmark,16,tier1,blocked,retry_blocked
gemma2_9b_it,piqa,commonsense,model_correct,same_domain_other_benchmark,32,tier1,blocked,retry_blocked
gemma2_9b_it,piqa,commonsense,model_incorrect,same_domain_other_benchmark,0,tier1,blocked,retry_blocked
gemma2_9b_it,piqa,commonsense,model_incorrect,same_domain_other_benchmark,1,tier1,blocked,retry_blocked
gemma2_9b_it,piqa,commonsense,model_incorrect,same_domain_other_benchmark,2,tier1,blocked,retry_blocked
gemma2_9b_it,piqa,commonsense,model_incorrect,same_domain_other_benchmark,4,tier1,blocked,retry_blocked
gemma2_9b_it,piqa,commonsense,model_incorrect,same_domain_other_benchmark,8,tier1,blocked,retry_blocked
gemma2_9b_it,piqa,commonsense,model_incorrect,same_domain_other_benchmark,16,tier1,blocked,retry_blocked
gemma2_9b_it,piqa,commonsense,model_incorrect,same_domain_other_benchmark,32,tier1,blocked,retry_blocked
gemma2_9b_it,piqa,commonsense,model_correct,cross_domain,0,tier1,blocked,retry_blocked
gemma2_9b_it,piqa,commonsense,model_correct,cross_domain,1,tier1,blocked,retry_blocked
gemma2_9b_it,piqa,commonsense,model_correct,cross_domain,2,tier1,blocked,retry_blocked
gemma2_9b_it,piqa,commonsense,model_correct,cross_domain,4,tier1,blocked,retry_blocked
gemma2_9b_it,piqa,commonsense,model_correct,cross_domain,8,tier1,blocked,retry_blocked
gemma2_9b_it,piqa,commonsense,model_correct,cross_domain,16,tier1,blocked,retry_blocked
gemma2_9b_it,piqa,commonsense,model_correct,cross_domain,32,tier1,blocked,retry_blocked
gemma2_9b_it,piqa,commonsense,model_incorrect,cross_domain,0,tier1,blocked,retry_blocked
gemma2_9b_it,piqa,commonsense,model_incorrect,cross_domain,1,tier1,blocked,retry_blocked
gemma2_9b_it,piqa,commonsense,model_incorrect,cross_domain,2,tier1,blocked,retry_blocked
gemma2_9b_it,piqa,commonsense,model_incorrect,cross_domain,4,tier1,blocked,retry_blocked
gemma2_9b_it,piqa,commonsense,model_incorrect,cross_domain,8,tier1,blocked,retry_blocked
gemma2_9b_it,piqa,commonsense,model_incorrect,cross_domain,16,tier1,blocked,retry_blocked
gemma2_9b_it,piqa,commonsense,model_incorrect,cross_domain,32,tier1,blocked,retry_blocked
gemma2_9b_it,boolq,factual_reading,model_correct,same_benchmark,0,tier1,blocked,retry_blocked
gemma2_9b_it,boolq,factual_reading,model_correct,same_benchmark,1,tier1,blocked,retry_blocked
gemma2_9b_it,boolq,factual_reading,model_correct,same_benchmark,2,tier1,blocked,retry_blocked
gemma2_9b_it,boolq,factual_reading,model_correct,same_benchmark,4,tier1,blocked,retry_blocked
gemma2_9b_it,boolq,factual_reading,model_correct,same_benchmark,8,tier1,blocked,retry_blocked
gemma2_9b_it,boolq,factual_reading,model_correct,same_benchmark,16,tier1,blocked,retry_blocked
gemma2_9b_it,boolq,factual_reading,model_correct,same_benchmark,32,tier1,blocked,retry_blocked
gemma2_9b_it,boolq,factual_reading,model_incorrect,same_benchmark,0,tier1,blocked,retry_blocked
gemma2_9b_it,boolq,factual_reading,model_incorrect,same_benchmark,1,tier1,blocked,retry_blocked
gemma2_9b_it,boolq,factual_reading,model_incorrect,same_benchmark,2,tier1,blocked,retry_blocked
gemma2_9b_it,boolq,factual_reading,model_incorrect,same_benchmark,4,tier1,blocked,retry_blocked
gemma2_9b_it,boolq,factual_reading,model_incorrect,same_benchmark,8,tier1,blocked,retry_blocked
gemma2_9b_it,boolq,factual_reading,model_incorrect,same_benchmark,16,tier1,blocked,retry_blocked
gemma2_9b_it,boolq,factual_reading,model_incorrect,same_benchmark,32,tier1,blocked,retry_blocked
gemma2_9b_it,boolq,factual_reading,model_correct,same_domain_other_benchmark,0,tier1,blocked,retry_blocked
gemma2_9b_it,boolq,factual_reading,model_correct,same_domain_other_benchmark,1,tier1,blocked,retry_blocked
gemma2_9b_it,boolq,factual_reading,model_correct,same_domain_other_benchmark,2,tier1,blocked,retry_blocked
gemma2_9b_it,boolq,factual_reading,model_correct,same_domain_other_benchmark,4,tier1,blocked,retry_blocked
gemma2_9b_it,boolq,factual_reading,model_correct,same_domain_other_benchmark,8,tier1,blocked,retry_blocked
gemma2_9b_it,boolq,factual_reading,model_correct,same_domain_other_benchmark,16,tier1,blocked,retry_blocked
gemma2_9b_it,boolq,factual_reading,model_correct,same_domain_other_benchmark,32,tier1,blocked,retry_blocked
gemma2_9b_it,boolq,factual_reading,model_incorrect,same_domain_other_benchmark,0,tier1,blocked,retry_blocked
gemma2_9b_it,boolq,factual_reading,model_incorrect,same_domain_other_benchmark,1,tier1,blocked,retry_blocked
gemma2_9b_it,boolq,factual_reading,model_incorrect,same_domain_other_benchmark,2,tier1,blocked,retry_blocked
gemma2_9b_it,boolq,factual_reading,model_incorrect,same_domain_other_benchmark,4,tier1,blocked,retry_blocked
gemma2_9b_it,boolq,factual_reading,model_incorrect,same_domain_other_benchmark,8,tier1,blocked,retry_blocked
gemma2_9b_it,boolq,factual_reading,model_incorrect,same_domain_other_benchmark,16,tier1,blocked,retry_blocked
gemma2_9b_it,boolq,factual_reading,model_incorrect,same_domain_other_benchmark,32,tier1,blocked,retry_blocked
gemma2_9b_it,boolq,factual_reading,model_correct,cross_domain,0,tier1,blocked,retry_blocked
gemma2_9b_it,boolq,factual_reading,model_correct,cross_domain,1,tier1,blocked,retry_blocked
gemma2_9b_it,boolq,factual_reading,model_correct,cross_domain,2,tier1,blocked,retry_blocked
gemma2_9b_it,boolq,factual_reading,model_correct,cross_domain,4,tier1,blocked,retry_blocked
gemma2_9b_it,boolq,factual_reading,model_correct,cross_domain,8,tier1,blocked,retry_blocked
gemma2_9b_it,boolq,factual_reading,model_correct,cross_domain,16,tier1,blocked,retry_blocked
gemma2_9b_it,boolq,factual_reading,model_correct,cross_domain,32,tier1,blocked,retry_blocked
gemma2_9b_it,boolq,factual_reading,model_incorrect,cross_domain,0,tier1,blocked,retry_blocked
gemma2_9b_it,boolq,factual_reading,model_incorrect,cross_domain,1,tier1,blocked,retry_blocked
gemma2_9b_it,boolq,factual_reading,model_incorrect,cross_domain,2,tier1,blocked,retry_blocked
gemma2_9b_it,boolq,factual_reading,model_incorrect,cross_domain,4,tier1,blocked,retry_blocked
gemma2_9b_it,boolq,factual_reading,model_incorrect,cross_domain,8,tier1,blocked,retry_blocked
gemma2_9b_it,boolq,factual_reading,model_incorrect,cross_domain,16,tier1,blocked,retry_blocked
gemma2_9b_it,boolq,factual_reading,model_incorrect,cross_domain,32,tier1,blocked,retry_blocked
gemma2_9b_it,truthfulqa_mc,factual_reading,model_correct,same_benchmark,0,tier1,blocked,retry_blocked
gemma2_9b_it,truthfulqa_mc,factual_reading,model_correct,same_benchmark,1,tier1,blocked,retry_blocked
gemma2_9b_it,truthfulqa_mc,factual_reading,model_correct,same_benchmark,2,tier1,blocked,retry_blocked
gemma2_9b_it,truthfulqa_mc,factual_reading,model_correct,same_benchmark,4,tier1,blocked,retry_blocked
gemma2_9b_it,truthfulqa_mc,factual_reading,model_correct,same_benchmark,8,tier1,blocked,retry_blocked
gemma2_9b_it,truthfulqa_mc,factual_reading,model_correct,same_benchmark,16,tier1,blocked,retry_blocked
gemma2_9b_it,truthfulqa_mc,factual_reading,model_correct,same_benchmark,32,tier1,blocked,retry_blocked
gemma2_9b_it,truthfulqa_mc,factual_reading,model_incorrect,same_benchmark,0,tier1,blocked,retry_blocked
gemma2_9b_it,truthfulqa_mc,factual_reading,model_incorrect,same_benchmark,1,tier1,blocked,retry_blocked
gemma2_9b_it,truthfulqa_mc,factual_reading,model_incorrect,same_benchmark,2,tier1,blocked,retry_blocked
gemma2_9b_it,truthfulqa_mc,factual_reading,model_incorrect,same_benchmark,4,tier1,blocked,retry_blocked
gemma2_9b_it,truthfulqa_mc,factual_reading,model_incorrect,same_benchmark,8,tier1,blocked,retry_blocked
gemma2_9b_it,truthfulqa_mc,factual_reading,model_incorrect,same_benchmark,16,tier1,blocked,retry_blocked
gemma2_9b_it,truthfulqa_mc,factual_reading,model_incorrect,same_benchmark,32,tier1,blocked,retry_blocked
gemma2_9b_it,truthfulqa_mc,factual_reading,model_correct,same_domain_other_benchmark,0,tier1,blocked,retry_blocked
gemma2_9b_it,truthfulqa_mc,factual_reading,model_correct,same_domain_other_benchmark,1,tier1,blocked,retry_blocked
gemma2_9b_it,truthfulqa_mc,factual_reading,model_correct,same_domain_other_benchmark,2,tier1,blocked,retry_blocked
gemma2_9b_it,truthfulqa_mc,factual_reading,model_correct,same_domain_other_benchmark,4,tier1,blocked,retry_blocked
gemma2_9b_it,truthfulqa_mc,factual_reading,model_correct,same_domain_other_benchmark,8,tier1,blocked,retry_blocked
gemma2_9b_it,truthfulqa_mc,factual_reading,model_correct,same_domain_other_benchmark,16,tier1,blocked,retry_blocked
gemma2_9b_it,truthfulqa_mc,factual_reading,model_correct,same_domain_other_benchmark,32,tier1,blocked,retry_blocked
gemma2_9b_it,truthfulqa_mc,factual_reading,model_incorrect,same_domain_other_benchmark,0,tier1,blocked,retry_blocked
gemma2_9b_it,truthfulqa_mc,factual_reading,model_incorrect,same_domain_other_benchmark,1,tier1,blocked,retry_blocked
gemma2_9b_it,truthfulqa_mc,factual_reading,model_incorrect,same_domain_other_benchmark,2,tier1,blocked,retry_blocked
gemma2_9b_it,truthfulqa_mc,factual_reading,model_incorrect,same_domain_other_benchmark,4,tier1,blocked,retry_blocked
gemma2_9b_it,truthfulqa_mc,factual_reading,model_incorrect,same_domain_other_benchmark,8,tier1,blocked,retry_blocked
gemma2_9b_it,truthfulqa_mc,factual_reading,model_incorrect,same_domain_other_benchmark,16,tier1,blocked,retry_blocked
gemma2_9b_it,truthfulqa_mc,factual_reading,model_incorrect,same_domain_other_benchmark,32,tier1,blocked,retry_blocked
gemma2_9b_it,truthfulqa_mc,factual_reading,model_correct,cross_domain,0,tier1,blocked,retry_blocked
gemma2_9b_it,truthfulqa_mc,factual_reading,model_correct,cross_domain,1,tier1,blocked,retry_blocked
gemma2_9b_it,truthfulqa_mc,factual_reading,model_correct,cross_domain,2,tier1,blocked,retry_blocked
gemma2_9b_it,truthfulqa_mc,factual_reading,model_correct,cross_domain,4,tier1,blocked,retry_blocked
gemma2_9b_it,truthfulqa_mc,factual_reading,model_correct,cross_domain,8,tier1,blocked,retry_blocked
gemma2_9b_it,truthfulqa_mc,factual_reading,model_correct,cross_domain,16,tier1,blocked,retry_blocked
gemma2_9b_it,truthfulqa_mc,factual_reading,model_correct,cross_domain,32,tier1,blocked,retry_blocked
gemma2_9b_it,truthfulqa_mc,factual_reading,model_incorrect,cross_domain,0,tier1,blocked,retry_blocked
gemma2_9b_it,truthfulqa_mc,factual_reading,model_incorrect,cross_domain,1,tier1,blocked,retry_blocked
gemma2_9b_it,truthfulqa_mc,factual_reading,model_incorrect,cross_domain,2,tier1,blocked,retry_blocked
gemma2_9b_it,truthfulqa_mc,factual_reading,model_incorrect,cross_domain,4,tier1,blocked,retry_blocked
gemma2_9b_it,truthfulqa_mc,factual_reading,model_incorrect,cross_domain,8,tier1,blocked,retry_blocked
gemma2_9b_it,truthfulqa_mc,factual_reading,model_incorrect,cross_domain,16,tier1,blocked,retry_blocked
gemma2_9b_it,truthfulqa_mc,factual_reading,model_incorrect,cross_domain,32,tier1,blocked,retry_blocked
phi4_mini_instruct,gsm8k,math,model_correct,same_benchmark,0,tier1,queued,bulk_ready
phi4_mini_instruct,gsm8k,math,model_correct,same_benchmark,1,tier1,queued,bulk_ready
phi4_mini_instruct,gsm8k,math,model_correct,same_benchmark,2,tier1,queued,bulk_ready
phi4_mini_instruct,gsm8k,math,model_correct,same_benchmark,4,tier1,queued,bulk_ready
phi4_mini_instruct,gsm8k,math,model_correct,same_benchmark,8,tier1,queued,bulk_ready
phi4_mini_instruct,gsm8k,math,model_correct,same_benchmark,16,tier1,queued,bulk_ready
phi4_mini_instruct,gsm8k,math,model_correct,same_benchmark,32,tier1,queued,bulk_ready
phi4_mini_instruct,gsm8k,math,model_incorrect,same_benchmark,0,tier1,queued,bulk_ready
phi4_mini_instruct,gsm8k,math,model_incorrect,same_benchmark,1,tier1,queued,bulk_ready
phi4_mini_instruct,gsm8k,math,model_incorrect,same_benchmark,2,tier1,queued,bulk_ready
phi4_mini_instruct,gsm8k,math,model_incorrect,same_benchmark,4,tier1,queued,bulk_ready
phi4_mini_instruct,gsm8k,math,model_incorrect,same_benchmark,8,tier1,queued,bulk_ready
phi4_mini_instruct,gsm8k,math,model_incorrect,same_benchmark,16,tier1,queued,bulk_ready
phi4_mini_instruct,gsm8k,math,model_incorrect,same_benchmark,32,tier1,queued,bulk_ready
phi4_mini_instruct,gsm8k,math,model_correct,same_domain_other_benchmark,0,tier1,queued,bulk_ready
phi4_mini_instruct,gsm8k,math,model_correct,same_domain_other_benchmark,1,tier1,queued,bulk_ready
phi4_mini_instruct,gsm8k,math,model_correct,same_domain_other_benchmark,2,tier1,queued,bulk_ready
phi4_mini_instruct,gsm8k,math,model_correct,same_domain_other_benchmark,4,tier1,queued,bulk_ready
phi4_mini_instruct,gsm8k,math,model_correct,same_domain_other_benchmark,8,tier1,queued,bulk_ready
phi4_mini_instruct,gsm8k,math,model_correct,same_domain_other_benchmark,16,tier1,queued,bulk_ready
phi4_mini_instruct,gsm8k,math,model_correct,same_domain_other_benchmark,32,tier1,queued,bulk_ready
phi4_mini_instruct,gsm8k,math,model_incorrect,same_domain_other_benchmark,0,tier1,queued,bulk_ready
phi4_mini_instruct,gsm8k,math,model_incorrect,same_domain_other_benchmark,1,tier1,queued,bulk_ready
phi4_mini_instruct,gsm8k,math,model_incorrect,same_domain_other_benchmark,2,tier1,queued,bulk_ready
phi4_mini_instruct,gsm8k,math,model_incorrect,same_domain_other_benchmark,4,tier1,queued,bulk_ready
phi4_mini_instruct,gsm8k,math,model_incorrect,same_domain_other_benchmark,8,tier1,queued,bulk_ready
phi4_mini_instruct,gsm8k,math,model_incorrect,same_domain_other_benchmark,16,tier1,queued,bulk_ready
phi4_mini_instruct,gsm8k,math,model_incorrect,same_domain_other_benchmark,32,tier1,queued,bulk_ready
phi4_mini_instruct,gsm8k,math,model_correct,cross_domain,0,tier1,queued,bulk_ready
phi4_mini_instruct,gsm8k,math,model_correct,cross_domain,1,tier1,queued,bulk_ready
phi4_mini_instruct,gsm8k,math,model_correct,cross_domain,2,tier1,queued,bulk_ready
phi4_mini_instruct,gsm8k,math,model_correct,cross_domain,4,tier1,queued,bulk_ready
phi4_mini_instruct,gsm8k,math,model_correct,cross_domain,8,tier1,queued,bulk_ready
phi4_mini_instruct,gsm8k,math,model_correct,cross_domain,16,tier1,queued,bulk_ready
phi4_mini_instruct,gsm8k,math,model_correct,cross_domain,32,tier1,queued,bulk_ready
phi4_mini_instruct,gsm8k,math,model_incorrect,cross_domain,0,tier1,queued,bulk_ready
phi4_mini_instruct,gsm8k,math,model_incorrect,cross_domain,1,tier1,queued,bulk_ready
phi4_mini_instruct,gsm8k,math,model_incorrect,cross_domain,2,tier1,queued,bulk_ready
phi4_mini_instruct,gsm8k,math,model_incorrect,cross_domain,4,tier1,queued,bulk_ready
phi4_mini_instruct,gsm8k,math,model_incorrect,cross_domain,8,tier1,queued,bulk_ready
phi4_mini_instruct,gsm8k,math,model_incorrect,cross_domain,16,tier1,queued,bulk_ready
phi4_mini_instruct,gsm8k,math,model_incorrect,cross_domain,32,tier1,queued,bulk_ready
phi4_mini_instruct,math500,math,model_correct,same_benchmark,0,tier1,queued,bulk_ready
phi4_mini_instruct,math500,math,model_correct,same_benchmark,1,tier1,queued,bulk_ready
phi4_mini_instruct,math500,math,model_correct,same_benchmark,2,tier1,queued,bulk_ready
phi4_mini_instruct,math500,math,model_correct,same_benchmark,4,tier1,queued,bulk_ready
phi4_mini_instruct,math500,math,model_correct,same_benchmark,8,tier1,queued,bulk_ready
phi4_mini_instruct,math500,math,model_correct,same_benchmark,16,tier1,queued,bulk_ready
phi4_mini_instruct,math500,math,model_correct,same_benchmark,32,tier1,queued,bulk_ready
phi4_mini_instruct,math500,math,model_incorrect,same_benchmark,0,tier1,queued,bulk_ready
phi4_mini_instruct,math500,math,model_incorrect,same_benchmark,1,tier1,queued,bulk_ready
phi4_mini_instruct,math500,math,model_incorrect,same_benchmark,2,tier1,queued,bulk_ready
phi4_mini_instruct,math500,math,model_incorrect,same_benchmark,4,tier1,queued,bulk_ready
phi4_mini_instruct,math500,math,model_incorrect,same_benchmark,8,tier1,queued,bulk_ready
phi4_mini_instruct,math500,math,model_incorrect,same_benchmark,16,tier1,queued,bulk_ready
phi4_mini_instruct,math500,math,model_incorrect,same_benchmark,32,tier1,queued,bulk_ready
phi4_mini_instruct,math500,math,model_correct,same_domain_other_benchmark,0,tier1,queued,bulk_ready
phi4_mini_instruct,math500,math,model_correct,same_domain_other_benchmark,1,tier1,queued,bulk_ready
phi4_mini_instruct,math500,math,model_correct,same_domain_other_benchmark,2,tier1,queued,bulk_ready
phi4_mini_instruct,math500,math,model_correct,same_domain_other_benchmark,4,tier1,queued,bulk_ready
phi4_mini_instruct,math500,math,model_correct,same_domain_other_benchmark,8,tier1,queued,bulk_ready
phi4_mini_instruct,math500,math,model_correct,same_domain_other_benchmark,16,tier1,queued,bulk_ready
phi4_mini_instruct,math500,math,model_correct,same_domain_other_benchmark,32,tier1,queued,bulk_ready
phi4_mini_instruct,math500,math,model_incorrect,same_domain_other_benchmark,0,tier1,queued,bulk_ready
phi4_mini_instruct,math500,math,model_incorrect,same_domain_other_benchmark,1,tier1,queued,bulk_ready
phi4_mini_instruct,math500,math,model_incorrect,same_domain_other_benchmark,2,tier1,queued,bulk_ready
phi4_mini_instruct,math500,math,model_incorrect,same_domain_other_benchmark,4,tier1,queued,bulk_ready
phi4_mini_instruct,math500,math,model_incorrect,same_domain_other_benchmark,8,tier1,queued,bulk_ready
phi4_mini_instruct,math500,math,model_incorrect,same_domain_other_benchmark,16,tier1,queued,bulk_ready
phi4_mini_instruct,math500,math,model_incorrect,same_domain_other_benchmark,32,tier1,queued,bulk_ready
phi4_mini_instruct,math500,math,model_correct,cross_domain,0,tier1,queued,bulk_ready
phi4_mini_instruct,math500,math,model_correct,cross_domain,1,tier1,queued,bulk_ready
phi4_mini_instruct,math500,math,model_correct,cross_domain,2,tier1,queued,bulk_ready
phi4_mini_instruct,math500,math,model_correct,cross_domain,4,tier1,queued,bulk_ready
phi4_mini_instruct,math500,math,model_correct,cross_domain,8,tier1,queued,bulk_ready
phi4_mini_instruct,math500,math,model_correct,cross_domain,16,tier1,queued,bulk_ready
phi4_mini_instruct,math500,math,model_correct,cross_domain,32,tier1,queued,bulk_ready
phi4_mini_instruct,math500,math,model_incorrect,cross_domain,0,tier1,queued,bulk_ready
phi4_mini_instruct,math500,math,model_incorrect,cross_domain,1,tier1,queued,bulk_ready
phi4_mini_instruct,math500,math,model_incorrect,cross_domain,2,tier1,queued,bulk_ready
phi4_mini_instruct,math500,math,model_incorrect,cross_domain,4,tier1,queued,bulk_ready
phi4_mini_instruct,math500,math,model_incorrect,cross_domain,8,tier1,queued,bulk_ready
phi4_mini_instruct,math500,math,model_incorrect,cross_domain,16,tier1,queued,bulk_ready
phi4_mini_instruct,math500,math,model_incorrect,cross_domain,32,tier1,queued,bulk_ready
phi4_mini_instruct,gpqa,science,model_correct,same_benchmark,0,tier1,queued,bulk_ready
phi4_mini_instruct,gpqa,science,model_correct,same_benchmark,1,tier1,queued,bulk_ready
phi4_mini_instruct,gpqa,science,model_correct,same_benchmark,2,tier1,queued,bulk_ready
phi4_mini_instruct,gpqa,science,model_correct,same_benchmark,4,tier1,queued,bulk_ready
phi4_mini_instruct,gpqa,science,model_correct,same_benchmark,8,tier1,queued,bulk_ready
phi4_mini_instruct,gpqa,science,model_correct,same_benchmark,16,tier1,queued,bulk_ready
phi4_mini_instruct,gpqa,science,model_correct,same_benchmark,32,tier1,queued,bulk_ready
phi4_mini_instruct,gpqa,science,model_incorrect,same_benchmark,0,tier1,queued,bulk_ready
phi4_mini_instruct,gpqa,science,model_incorrect,same_benchmark,1,tier1,queued,bulk_ready
phi4_mini_instruct,gpqa,science,model_incorrect,same_benchmark,2,tier1,queued,bulk_ready
phi4_mini_instruct,gpqa,science,model_incorrect,same_benchmark,4,tier1,queued,bulk_ready
phi4_mini_instruct,gpqa,science,model_incorrect,same_benchmark,8,tier1,queued,bulk_ready
phi4_mini_instruct,gpqa,science,model_incorrect,same_benchmark,16,tier1,queued,bulk_ready
phi4_mini_instruct,gpqa,science,model_incorrect,same_benchmark,32,tier1,queued,bulk_ready
phi4_mini_instruct,gpqa,science,model_correct,same_domain_other_benchmark,0,tier1,queued,bulk_ready
phi4_mini_instruct,gpqa,science,model_correct,same_domain_other_benchmark,1,tier1,queued,bulk_ready
phi4_mini_instruct,gpqa,science,model_correct,same_domain_other_benchmark,2,tier1,queued,bulk_ready
phi4_mini_instruct,gpqa,science,model_correct,same_domain_other_benchmark,4,tier1,queued,bulk_ready
phi4_mini_instruct,gpqa,science,model_correct,same_domain_other_benchmark,8,tier1,queued,bulk_ready
phi4_mini_instruct,gpqa,science,model_correct,same_domain_other_benchmark,16,tier1,queued,bulk_ready
phi4_mini_instruct,gpqa,science,model_correct,same_domain_other_benchmark,32,tier1,queued,bulk_ready
phi4_mini_instruct,gpqa,science,model_incorrect,same_domain_other_benchmark,0,tier1,queued,bulk_ready
phi4_mini_instruct,gpqa,science,model_incorrect,same_domain_other_benchmark,1,tier1,queued,bulk_ready
phi4_mini_instruct,gpqa,science,model_incorrect,same_domain_other_benchmark,2,tier1,queued,bulk_ready
phi4_mini_instruct,gpqa,science,model_incorrect,same_domain_other_benchmark,4,tier1,queued,bulk_ready
phi4_mini_instruct,gpqa,science,model_incorrect,same_domain_other_benchmark,8,tier1,queued,bulk_ready
phi4_mini_instruct,gpqa,science,model_incorrect,same_domain_other_benchmark,16,tier1,queued,bulk_ready
phi4_mini_instruct,gpqa,science,model_incorrect,same_domain_other_benchmark,32,tier1,queued,bulk_ready
phi4_mini_instruct,gpqa,science,model_correct,cross_domain,0,tier1,queued,bulk_ready
phi4_mini_instruct,gpqa,science,model_correct,cross_domain,1,tier1,queued,bulk_ready
phi4_mini_instruct,gpqa,science,model_correct,cross_domain,2,tier1,queued,bulk_ready
phi4_mini_instruct,gpqa,science,model_correct,cross_domain,4,tier1,queued,bulk_ready
phi4_mini_instruct,gpqa,science,model_correct,cross_domain,8,tier1,queued,bulk_ready
phi4_mini_instruct,gpqa,science,model_correct,cross_domain,16,tier1,queued,bulk_ready
phi4_mini_instruct,gpqa,science,model_correct,cross_domain,32,tier1,queued,bulk_ready
phi4_mini_instruct,gpqa,science,model_incorrect,cross_domain,0,tier1,queued,bulk_ready
phi4_mini_instruct,gpqa,science,model_incorrect,cross_domain,1,tier1,queued,bulk_ready
phi4_mini_instruct,gpqa,science,model_incorrect,cross_domain,2,tier1,queued,bulk_ready
phi4_mini_instruct,gpqa,science,model_incorrect,cross_domain,4,tier1,queued,bulk_ready
phi4_mini_instruct,gpqa,science,model_incorrect,cross_domain,8,tier1,queued,bulk_ready
phi4_mini_instruct,gpqa,science,model_incorrect,cross_domain,16,tier1,queued,bulk_ready
phi4_mini_instruct,gpqa,science,model_incorrect,cross_domain,32,tier1,queued,bulk_ready
phi4_mini_instruct,arc_challenge,science,model_correct,same_benchmark,0,tier1,queued,bulk_ready
phi4_mini_instruct,arc_challenge,science,model_correct,same_benchmark,1,tier1,queued,bulk_ready
phi4_mini_instruct,arc_challenge,science,model_correct,same_benchmark,2,tier1,queued,bulk_ready
phi4_mini_instruct,arc_challenge,science,model_correct,same_benchmark,4,tier1,queued,bulk_ready
phi4_mini_instruct,arc_challenge,science,model_correct,same_benchmark,8,tier1,queued,bulk_ready
phi4_mini_instruct,arc_challenge,science,model_correct,same_benchmark,16,tier1,queued,bulk_ready
phi4_mini_instruct,arc_challenge,science,model_correct,same_benchmark,32,tier1,queued,bulk_ready
phi4_mini_instruct,arc_challenge,science,model_incorrect,same_benchmark,0,tier1,queued,bulk_ready
phi4_mini_instruct,arc_challenge,science,model_incorrect,same_benchmark,1,tier1,queued,bulk_ready
phi4_mini_instruct,arc_challenge,science,model_incorrect,same_benchmark,2,tier1,queued,bulk_ready
phi4_mini_instruct,arc_challenge,science,model_incorrect,same_benchmark,4,tier1,queued,bulk_ready
phi4_mini_instruct,arc_challenge,science,model_incorrect,same_benchmark,8,tier1,queued,bulk_ready
phi4_mini_instruct,arc_challenge,science,model_incorrect,same_benchmark,16,tier1,queued,bulk_ready
phi4_mini_instruct,arc_challenge,science,model_incorrect,same_benchmark,32,tier1,queued,bulk_ready
phi4_mini_instruct,arc_challenge,science,model_correct,same_domain_other_benchmark,0,tier1,queued,bulk_ready
phi4_mini_instruct,arc_challenge,science,model_correct,same_domain_other_benchmark,1,tier1,queued,bulk_ready
phi4_mini_instruct,arc_challenge,science,model_correct,same_domain_other_benchmark,2,tier1,queued,bulk_ready
phi4_mini_instruct,arc_challenge,science,model_correct,same_domain_other_benchmark,4,tier1,queued,bulk_ready
phi4_mini_instruct,arc_challenge,science,model_correct,same_domain_other_benchmark,8,tier1,queued,bulk_ready
phi4_mini_instruct,arc_challenge,science,model_correct,same_domain_other_benchmark,16,tier1,queued,bulk_ready
phi4_mini_instruct,arc_challenge,science,model_correct,same_domain_other_benchmark,32,tier1,queued,bulk_ready
phi4_mini_instruct,arc_challenge,science,model_incorrect,same_domain_other_benchmark,0,tier1,queued,bulk_ready
phi4_mini_instruct,arc_challenge,science,model_incorrect,same_domain_other_benchmark,1,tier1,queued,bulk_ready
phi4_mini_instruct,arc_challenge,science,model_incorrect,same_domain_other_benchmark,2,tier1,queued,bulk_ready
phi4_mini_instruct,arc_challenge,science,model_incorrect,same_domain_other_benchmark,4,tier1,queued,bulk_ready
phi4_mini_instruct,arc_challenge,science,model_incorrect,same_domain_other_benchmark,8,tier1,queued,bulk_ready
phi4_mini_instruct,arc_challenge,science,model_incorrect,same_domain_other_benchmark,16,tier1,queued,bulk_ready
phi4_mini_instruct,arc_challenge,science,model_incorrect,same_domain_other_benchmark,32,tier1,queued,bulk_ready
phi4_mini_instruct,arc_challenge,science,model_correct,cross_domain,0,tier1,queued,bulk_ready
phi4_mini_instruct,arc_challenge,science,model_correct,cross_domain,1,tier1,queued,bulk_ready
phi4_mini_instruct,arc_challenge,science,model_correct,cross_domain,2,tier1,queued,bulk_ready
phi4_mini_instruct,arc_challenge,science,model_correct,cross_domain,4,tier1,queued,bulk_ready
phi4_mini_instruct,arc_challenge,science,model_correct,cross_domain,8,tier1,queued,bulk_ready
phi4_mini_instruct,arc_challenge,science,model_correct,cross_domain,16,tier1,queued,bulk_ready
phi4_mini_instruct,arc_challenge,science,model_correct,cross_domain,32,tier1,queued,bulk_ready
phi4_mini_instruct,arc_challenge,science,model_incorrect,cross_domain,0,tier1,queued,bulk_ready
phi4_mini_instruct,arc_challenge,science,model_incorrect,cross_domain,1,tier1,queued,bulk_ready
phi4_mini_instruct,arc_challenge,science,model_incorrect,cross_domain,2,tier1,queued,bulk_ready
phi4_mini_instruct,arc_challenge,science,model_incorrect,cross_domain,4,tier1,queued,bulk_ready
phi4_mini_instruct,arc_challenge,science,model_incorrect,cross_domain,8,tier1,queued,bulk_ready
phi4_mini_instruct,arc_challenge,science,model_incorrect,cross_domain,16,tier1,queued,bulk_ready
phi4_mini_instruct,arc_challenge,science,model_incorrect,cross_domain,32,tier1,queued,bulk_ready
phi4_mini_instruct,mmlu_pro,general_knowledge,model_correct,same_benchmark,0,tier1,queued,bulk_ready
phi4_mini_instruct,mmlu_pro,general_knowledge,model_correct,same_benchmark,1,tier1,queued,bulk_ready
phi4_mini_instruct,mmlu_pro,general_knowledge,model_correct,same_benchmark,2,tier1,queued,bulk_ready
phi4_mini_instruct,mmlu_pro,general_knowledge,model_correct,same_benchmark,4,tier1,queued,bulk_ready
phi4_mini_instruct,mmlu_pro,general_knowledge,model_correct,same_benchmark,8,tier1,queued,bulk_ready
phi4_mini_instruct,mmlu_pro,general_knowledge,model_correct,same_benchmark,16,tier1,queued,bulk_ready
phi4_mini_instruct,mmlu_pro,general_knowledge,model_correct,same_benchmark,32,tier1,queued,bulk_ready
phi4_mini_instruct,mmlu_pro,general_knowledge,model_incorrect,same_benchmark,0,tier1,queued,bulk_ready
phi4_mini_instruct,mmlu_pro,general_knowledge,model_incorrect,same_benchmark,1,tier1,queued,bulk_ready
phi4_mini_instruct,mmlu_pro,general_knowledge,model_incorrect,same_benchmark,2,tier1,queued,bulk_ready
phi4_mini_instruct,mmlu_pro,general_knowledge,model_incorrect,same_benchmark,4,tier1,queued,bulk_ready
phi4_mini_instruct,mmlu_pro,general_knowledge,model_incorrect,same_benchmark,8,tier1,queued,bulk_ready
phi4_mini_instruct,mmlu_pro,general_knowledge,model_incorrect,same_benchmark,16,tier1,queued,bulk_ready
phi4_mini_instruct,mmlu_pro,general_knowledge,model_incorrect,same_benchmark,32,tier1,queued,bulk_ready
phi4_mini_instruct,mmlu_pro,general_knowledge,model_correct,same_domain_other_benchmark,0,tier1,queued,bulk_ready
phi4_mini_instruct,mmlu_pro,general_knowledge,model_correct,same_domain_other_benchmark,1,tier1,queued,bulk_ready
phi4_mini_instruct,mmlu_pro,general_knowledge,model_correct,same_domain_other_benchmark,2,tier1,queued,bulk_ready
phi4_mini_instruct,mmlu_pro,general_knowledge,model_correct,same_domain_other_benchmark,4,tier1,queued,bulk_ready
phi4_mini_instruct,mmlu_pro,general_knowledge,model_correct,same_domain_other_benchmark,8,tier1,queued,bulk_ready
phi4_mini_instruct,mmlu_pro,general_knowledge,model_correct,same_domain_other_benchmark,16,tier1,queued,bulk_ready
phi4_mini_instruct,mmlu_pro,general_knowledge,model_correct,same_domain_other_benchmark,32,tier1,queued,bulk_ready
phi4_mini_instruct,mmlu_pro,general_knowledge,model_incorrect,same_domain_other_benchmark,0,tier1,queued,bulk_ready
phi4_mini_instruct,mmlu_pro,general_knowledge,model_incorrect,same_domain_other_benchmark,1,tier1,queued,bulk_ready
phi4_mini_instruct,mmlu_pro,general_knowledge,model_incorrect,same_domain_other_benchmark,2,tier1,queued,bulk_ready
phi4_mini_instruct,mmlu_pro,general_knowledge,model_incorrect,same_domain_other_benchmark,4,tier1,queued,bulk_ready
phi4_mini_instruct,mmlu_pro,general_knowledge,model_incorrect,same_domain_other_benchmark,8,tier1,queued,bulk_ready
phi4_mini_instruct,mmlu_pro,general_knowledge,model_incorrect,same_domain_other_benchmark,16,tier1,queued,bulk_ready
phi4_mini_instruct,mmlu_pro,general_knowledge,model_incorrect,same_domain_other_benchmark,32,tier1,queued,bulk_ready
phi4_mini_instruct,mmlu_pro,general_knowledge,model_correct,cross_domain,0,tier1,queued,bulk_ready
phi4_mini_instruct,mmlu_pro,general_knowledge,model_correct,cross_domain,1,tier1,queued,bulk_ready
phi4_mini_instruct,mmlu_pro,general_knowledge,model_correct,cross_domain,2,tier1,queued,bulk_ready
phi4_mini_instruct,mmlu_pro,general_knowledge,model_correct,cross_domain,4,tier1,queued,bulk_ready
phi4_mini_instruct,mmlu_pro,general_knowledge,model_correct,cross_domain,8,tier1,queued,bulk_ready
phi4_mini_instruct,mmlu_pro,general_knowledge,model_correct,cross_domain,16,tier1,queued,bulk_ready
phi4_mini_instruct,mmlu_pro,general_knowledge,model_correct,cross_domain,32,tier1,queued,bulk_ready
phi4_mini_instruct,mmlu_pro,general_knowledge,model_incorrect,cross_domain,0,tier1,queued,bulk_ready
phi4_mini_instruct,mmlu_pro,general_knowledge,model_incorrect,cross_domain,1,tier1,queued,bulk_ready
phi4_mini_instruct,mmlu_pro,general_knowledge,model_incorrect,cross_domain,2,tier1,queued,bulk_ready
phi4_mini_instruct,mmlu_pro,general_knowledge,model_incorrect,cross_domain,4,tier1,queued,bulk_ready
phi4_mini_instruct,mmlu_pro,general_knowledge,model_incorrect,cross_domain,8,tier1,queued,bulk_ready
phi4_mini_instruct,mmlu_pro,general_knowledge,model_incorrect,cross_domain,16,tier1,queued,bulk_ready
phi4_mini_instruct,mmlu_pro,general_knowledge,model_incorrect,cross_domain,32,tier1,queued,bulk_ready
phi4_mini_instruct,mmlu_redux_2,general_knowledge,model_correct,same_benchmark,0,tier1,queued,bulk_ready
phi4_mini_instruct,mmlu_redux_2,general_knowledge,model_correct,same_benchmark,1,tier1,queued,bulk_ready
phi4_mini_instruct,mmlu_redux_2,general_knowledge,model_correct,same_benchmark,2,tier1,queued,bulk_ready
phi4_mini_instruct,mmlu_redux_2,general_knowledge,model_correct,same_benchmark,4,tier1,queued,bulk_ready
phi4_mini_instruct,mmlu_redux_2,general_knowledge,model_correct,same_benchmark,8,tier1,queued,bulk_ready
phi4_mini_instruct,mmlu_redux_2,general_knowledge,model_correct,same_benchmark,16,tier1,queued,bulk_ready
phi4_mini_instruct,mmlu_redux_2,general_knowledge,model_correct,same_benchmark,32,tier1,queued,bulk_ready
phi4_mini_instruct,mmlu_redux_2,general_knowledge,model_incorrect,same_benchmark,0,tier1,queued,bulk_ready
phi4_mini_instruct,mmlu_redux_2,general_knowledge,model_incorrect,same_benchmark,1,tier1,queued,bulk_ready
phi4_mini_instruct,mmlu_redux_2,general_knowledge,model_incorrect,same_benchmark,2,tier1,queued,bulk_ready
phi4_mini_instruct,mmlu_redux_2,general_knowledge,model_incorrect,same_benchmark,4,tier1,queued,bulk_ready
phi4_mini_instruct,mmlu_redux_2,general_knowledge,model_incorrect,same_benchmark,8,tier1,queued,bulk_ready
phi4_mini_instruct,mmlu_redux_2,general_knowledge,model_incorrect,same_benchmark,16,tier1,queued,bulk_ready
phi4_mini_instruct,mmlu_redux_2,general_knowledge,model_incorrect,same_benchmark,32,tier1,queued,bulk_ready
phi4_mini_instruct,mmlu_redux_2,general_knowledge,model_correct,same_domain_other_benchmark,0,tier1,queued,bulk_ready
phi4_mini_instruct,mmlu_redux_2,general_knowledge,model_correct,same_domain_other_benchmark,1,tier1,queued,bulk_ready
phi4_mini_instruct,mmlu_redux_2,general_knowledge,model_correct,same_domain_other_benchmark,2,tier1,queued,bulk_ready
phi4_mini_instruct,mmlu_redux_2,general_knowledge,model_correct,same_domain_other_benchmark,4,tier1,queued,bulk_ready
phi4_mini_instruct,mmlu_redux_2,general_knowledge,model_correct,same_domain_other_benchmark,8,tier1,queued,bulk_ready
phi4_mini_instruct,mmlu_redux_2,general_knowledge,model_correct,same_domain_other_benchmark,16,tier1,queued,bulk_ready
phi4_mini_instruct,mmlu_redux_2,general_knowledge,model_correct,same_domain_other_benchmark,32,tier1,queued,bulk_ready
phi4_mini_instruct,mmlu_redux_2,general_knowledge,model_incorrect,same_domain_other_benchmark,0,tier1,queued,bulk_ready
phi4_mini_instruct,mmlu_redux_2,general_knowledge,model_incorrect,same_domain_other_benchmark,1,tier1,queued,bulk_ready
phi4_mini_instruct,mmlu_redux_2,general_knowledge,model_incorrect,same_domain_other_benchmark,2,tier1,queued,bulk_ready
phi4_mini_instruct,mmlu_redux_2,general_knowledge,model_incorrect,same_domain_other_benchmark,4,tier1,queued,bulk_ready
phi4_mini_instruct,mmlu_redux_2,general_knowledge,model_incorrect,same_domain_other_benchmark,8,tier1,queued,bulk_ready
phi4_mini_instruct,mmlu_redux_2,general_knowledge,model_incorrect,same_domain_other_benchmark,16,tier1,queued,bulk_ready
phi4_mini_instruct,mmlu_redux_2,general_knowledge,model_incorrect,same_domain_other_benchmark,32,tier1,queued,bulk_ready
phi4_mini_instruct,mmlu_redux_2,general_knowledge,model_correct,cross_domain,0,tier1,queued,bulk_ready
phi4_mini_instruct,mmlu_redux_2,general_knowledge,model_correct,cross_domain,1,tier1,queued,bulk_ready
phi4_mini_instruct,mmlu_redux_2,general_knowledge,model_correct,cross_domain,2,tier1,queued,bulk_ready
phi4_mini_instruct,mmlu_redux_2,general_knowledge,model_correct,cross_domain,4,tier1,queued,bulk_ready
phi4_mini_instruct,mmlu_redux_2,general_knowledge,model_correct,cross_domain,8,tier1,queued,bulk_ready
phi4_mini_instruct,mmlu_redux_2,general_knowledge,model_correct,cross_domain,16,tier1,queued,bulk_ready
phi4_mini_instruct,mmlu_redux_2,general_knowledge,model_correct,cross_domain,32,tier1,queued,bulk_ready
phi4_mini_instruct,mmlu_redux_2,general_knowledge,model_incorrect,cross_domain,0,tier1,queued,bulk_ready
phi4_mini_instruct,mmlu_redux_2,general_knowledge,model_incorrect,cross_domain,1,tier1,queued,bulk_ready
phi4_mini_instruct,mmlu_redux_2,general_knowledge,model_incorrect,cross_domain,2,tier1,queued,bulk_ready
phi4_mini_instruct,mmlu_redux_2,general_knowledge,model_incorrect,cross_domain,4,tier1,queued,bulk_ready
phi4_mini_instruct,mmlu_redux_2,general_knowledge,model_incorrect,cross_domain,8,tier1,queued,bulk_ready
phi4_mini_instruct,mmlu_redux_2,general_knowledge,model_incorrect,cross_domain,16,tier1,queued,bulk_ready
phi4_mini_instruct,mmlu_redux_2,general_knowledge,model_incorrect,cross_domain,32,tier1,queued,bulk_ready
phi4_mini_instruct,hellaswag,commonsense,model_correct,same_benchmark,0,tier1,queued,bulk_ready
phi4_mini_instruct,hellaswag,commonsense,model_correct,same_benchmark,1,tier1,queued,bulk_ready
phi4_mini_instruct,hellaswag,commonsense,model_correct,same_benchmark,2,tier1,queued,bulk_ready
phi4_mini_instruct,hellaswag,commonsense,model_correct,same_benchmark,4,tier1,queued,bulk_ready
phi4_mini_instruct,hellaswag,commonsense,model_correct,same_benchmark,8,tier1,queued,bulk_ready
phi4_mini_instruct,hellaswag,commonsense,model_correct,same_benchmark,16,tier1,queued,bulk_ready
phi4_mini_instruct,hellaswag,commonsense,model_correct,same_benchmark,32,tier1,queued,bulk_ready
phi4_mini_instruct,hellaswag,commonsense,model_incorrect,same_benchmark,0,tier1,queued,bulk_ready
phi4_mini_instruct,hellaswag,commonsense,model_incorrect,same_benchmark,1,tier1,queued,bulk_ready
phi4_mini_instruct,hellaswag,commonsense,model_incorrect,same_benchmark,2,tier1,queued,bulk_ready
phi4_mini_instruct,hellaswag,commonsense,model_incorrect,same_benchmark,4,tier1,queued,bulk_ready
phi4_mini_instruct,hellaswag,commonsense,model_incorrect,same_benchmark,8,tier1,queued,bulk_ready
phi4_mini_instruct,hellaswag,commonsense,model_incorrect,same_benchmark,16,tier1,queued,bulk_ready
phi4_mini_instruct,hellaswag,commonsense,model_incorrect,same_benchmark,32,tier1,queued,bulk_ready
phi4_mini_instruct,hellaswag,commonsense,model_correct,same_domain_other_benchmark,0,tier1,queued,bulk_ready
phi4_mini_instruct,hellaswag,commonsense,model_correct,same_domain_other_benchmark,1,tier1,queued,bulk_ready
phi4_mini_instruct,hellaswag,commonsense,model_correct,same_domain_other_benchmark,2,tier1,queued,bulk_ready
phi4_mini_instruct,hellaswag,commonsense,model_correct,same_domain_other_benchmark,4,tier1,queued,bulk_ready
phi4_mini_instruct,hellaswag,commonsense,model_correct,same_domain_other_benchmark,8,tier1,queued,bulk_ready
phi4_mini_instruct,hellaswag,commonsense,model_correct,same_domain_other_benchmark,16,tier1,queued,bulk_ready
phi4_mini_instruct,hellaswag,commonsense,model_correct,same_domain_other_benchmark,32,tier1,queued,bulk_ready
phi4_mini_instruct,hellaswag,commonsense,model_incorrect,same_domain_other_benchmark,0,tier1,queued,bulk_ready
phi4_mini_instruct,hellaswag,commonsense,model_incorrect,same_domain_other_benchmark,1,tier1,queued,bulk_ready
phi4_mini_instruct,hellaswag,commonsense,model_incorrect,same_domain_other_benchmark,2,tier1,queued,bulk_ready
phi4_mini_instruct,hellaswag,commonsense,model_incorrect,same_domain_other_benchmark,4,tier1,queued,bulk_ready
phi4_mini_instruct,hellaswag,commonsense,model_incorrect,same_domain_other_benchmark,8,tier1,queued,bulk_ready
phi4_mini_instruct,hellaswag,commonsense,model_incorrect,same_domain_other_benchmark,16,tier1,queued,bulk_ready
phi4_mini_instruct,hellaswag,commonsense,model_incorrect,same_domain_other_benchmark,32,tier1,queued,bulk_ready
phi4_mini_instruct,hellaswag,commonsense,model_correct,cross_domain,0,tier1,queued,bulk_ready
phi4_mini_instruct,hellaswag,commonsense,model_correct,cross_domain,1,tier1,queued,bulk_ready
phi4_mini_instruct,hellaswag,commonsense,model_correct,cross_domain,2,tier1,queued,bulk_ready
phi4_mini_instruct,hellaswag,commonsense,model_correct,cross_domain,4,tier1,queued,bulk_ready
phi4_mini_instruct,hellaswag,commonsense,model_correct,cross_domain,8,tier1,queued,bulk_ready
phi4_mini_instruct,hellaswag,commonsense,model_correct,cross_domain,16,tier1,queued,bulk_ready
phi4_mini_instruct,hellaswag,commonsense,model_correct,cross_domain,32,tier1,queued,bulk_ready
phi4_mini_instruct,hellaswag,commonsense,model_incorrect,cross_domain,0,tier1,queued,bulk_ready
phi4_mini_instruct,hellaswag,commonsense,model_incorrect,cross_domain,1,tier1,queued,bulk_ready
phi4_mini_instruct,hellaswag,commonsense,model_incorrect,cross_domain,2,tier1,queued,bulk_ready
phi4_mini_instruct,hellaswag,commonsense,model_incorrect,cross_domain,4,tier1,queued,bulk_ready
phi4_mini_instruct,hellaswag,commonsense,model_incorrect,cross_domain,8,tier1,queued,bulk_ready
phi4_mini_instruct,hellaswag,commonsense,model_incorrect,cross_domain,16,tier1,queued,bulk_ready
phi4_mini_instruct,hellaswag,commonsense,model_incorrect,cross_domain,32,tier1,queued,bulk_ready
phi4_mini_instruct,piqa,commonsense,model_correct,same_benchmark,0,tier1,queued,bulk_ready
phi4_mini_instruct,piqa,commonsense,model_correct,same_benchmark,1,tier1,queued,bulk_ready
phi4_mini_instruct,piqa,commonsense,model_correct,same_benchmark,2,tier1,queued,bulk_ready
phi4_mini_instruct,piqa,commonsense,model_correct,same_benchmark,4,tier1,queued,bulk_ready
phi4_mini_instruct,piqa,commonsense,model_correct,same_benchmark,8,tier1,queued,bulk_ready
phi4_mini_instruct,piqa,commonsense,model_correct,same_benchmark,16,tier1,queued,bulk_ready
phi4_mini_instruct,piqa,commonsense,model_correct,same_benchmark,32,tier1,queued,bulk_ready
phi4_mini_instruct,piqa,commonsense,model_incorrect,same_benchmark,0,tier1,queued,bulk_ready
phi4_mini_instruct,piqa,commonsense,model_incorrect,same_benchmark,1,tier1,queued,bulk_ready
phi4_mini_instruct,piqa,commonsense,model_incorrect,same_benchmark,2,tier1,queued,bulk_ready
phi4_mini_instruct,piqa,commonsense,model_incorrect,same_benchmark,4,tier1,queued,bulk_ready
phi4_mini_instruct,piqa,commonsense,model_incorrect,same_benchmark,8,tier1,queued,bulk_ready
phi4_mini_instruct,piqa,commonsense,model_incorrect,same_benchmark,16,tier1,queued,bulk_ready
phi4_mini_instruct,piqa,commonsense,model_incorrect,same_benchmark,32,tier1,queued,bulk_ready
phi4_mini_instruct,piqa,commonsense,model_correct,same_domain_other_benchmark,0,tier1,queued,bulk_ready
phi4_mini_instruct,piqa,commonsense,model_correct,same_domain_other_benchmark,1,tier1,queued,bulk_ready
phi4_mini_instruct,piqa,commonsense,model_correct,same_domain_other_benchmark,2,tier1,queued,bulk_ready
phi4_mini_instruct,piqa,commonsense,model_correct,same_domain_other_benchmark,4,tier1,queued,bulk_ready
phi4_mini_instruct,piqa,commonsense,model_correct,same_domain_other_benchmark,8,tier1,queued,bulk_ready
phi4_mini_instruct,piqa,commonsense,model_correct,same_domain_other_benchmark,16,tier1,queued,bulk_ready
phi4_mini_instruct,piqa,commonsense,model_correct,same_domain_other_benchmark,32,tier1,queued,bulk_ready
phi4_mini_instruct,piqa,commonsense,model_incorrect,same_domain_other_benchmark,0,tier1,queued,bulk_ready
phi4_mini_instruct,piqa,commonsense,model_incorrect,same_domain_other_benchmark,1,tier1,queued,bulk_ready
phi4_mini_instruct,piqa,commonsense,model_incorrect,same_domain_other_benchmark,2,tier1,queued,bulk_ready
phi4_mini_instruct,piqa,commonsense,model_incorrect,same_domain_other_benchmark,4,tier1,queued,bulk_ready
phi4_mini_instruct,piqa,commonsense,model_incorrect,same_domain_other_benchmark,8,tier1,queued,bulk_ready
phi4_mini_instruct,piqa,commonsense,model_incorrect,same_domain_other_benchmark,16,tier1,queued,bulk_ready
phi4_mini_instruct,piqa,commonsense,model_incorrect,same_domain_other_benchmark,32,tier1,queued,bulk_ready
phi4_mini_instruct,piqa,commonsense,model_correct,cross_domain,0,tier1,queued,bulk_ready
phi4_mini_instruct,piqa,commonsense,model_correct,cross_domain,1,tier1,queued,bulk_ready
phi4_mini_instruct,piqa,commonsense,model_correct,cross_domain,2,tier1,queued,bulk_ready
phi4_mini_instruct,piqa,commonsense,model_correct,cross_domain,4,tier1,queued,bulk_ready
phi4_mini_instruct,piqa,commonsense,model_correct,cross_domain,8,tier1,queued,bulk_ready
phi4_mini_instruct,piqa,commonsense,model_correct,cross_domain,16,tier1,queued,bulk_ready
phi4_mini_instruct,piqa,commonsense,model_correct,cross_domain,32,tier1,queued,bulk_ready
phi4_mini_instruct,piqa,commonsense,model_incorrect,cross_domain,0,tier1,queued,bulk_ready
phi4_mini_instruct,piqa,commonsense,model_incorrect,cross_domain,1,tier1,queued,bulk_ready
phi4_mini_instruct,piqa,commonsense,model_incorrect,cross_domain,2,tier1,queued,bulk_ready
phi4_mini_instruct,piqa,commonsense,model_incorrect,cross_domain,4,tier1,queued,bulk_ready
phi4_mini_instruct,piqa,commonsense,model_incorrect,cross_domain,8,tier1,queued,bulk_ready
phi4_mini_instruct,piqa,commonsense,model_incorrect,cross_domain,16,tier1,queued,bulk_ready
phi4_mini_instruct,piqa,commonsense,model_incorrect,cross_domain,32,tier1,queued,bulk_ready
phi4_mini_instruct,boolq,factual_reading,model_correct,same_benchmark,0,tier1,queued,bulk_ready
phi4_mini_instruct,boolq,factual_reading,model_correct,same_benchmark,1,tier1,queued,bulk_ready
phi4_mini_instruct,boolq,factual_reading,model_correct,same_benchmark,2,tier1,queued,bulk_ready
phi4_mini_instruct,boolq,factual_reading,model_correct,same_benchmark,4,tier1,queued,bulk_ready
phi4_mini_instruct,boolq,factual_reading,model_correct,same_benchmark,8,tier1,queued,bulk_ready
phi4_mini_instruct,boolq,factual_reading,model_correct,same_benchmark,16,tier1,queued,bulk_ready
phi4_mini_instruct,boolq,factual_reading,model_correct,same_benchmark,32,tier1,queued,bulk_ready
phi4_mini_instruct,boolq,factual_reading,model_incorrect,same_benchmark,0,tier1,queued,bulk_ready
phi4_mini_instruct,boolq,factual_reading,model_incorrect,same_benchmark,1,tier1,queued,bulk_ready
phi4_mini_instruct,boolq,factual_reading,model_incorrect,same_benchmark,2,tier1,queued,bulk_ready
phi4_mini_instruct,boolq,factual_reading,model_incorrect,same_benchmark,4,tier1,queued,bulk_ready
phi4_mini_instruct,boolq,factual_reading,model_incorrect,same_benchmark,8,tier1,queued,bulk_ready
phi4_mini_instruct,boolq,factual_reading,model_incorrect,same_benchmark,16,tier1,queued,bulk_ready
phi4_mini_instruct,boolq,factual_reading,model_incorrect,same_benchmark,32,tier1,queued,bulk_ready
phi4_mini_instruct,boolq,factual_reading,model_correct,same_domain_other_benchmark,0,tier1,queued,bulk_ready
phi4_mini_instruct,boolq,factual_reading,model_correct,same_domain_other_benchmark,1,tier1,queued,bulk_ready
phi4_mini_instruct,boolq,factual_reading,model_correct,same_domain_other_benchmark,2,tier1,queued,bulk_ready
phi4_mini_instruct,boolq,factual_reading,model_correct,same_domain_other_benchmark,4,tier1,queued,bulk_ready
phi4_mini_instruct,boolq,factual_reading,model_correct,same_domain_other_benchmark,8,tier1,queued,bulk_ready
phi4_mini_instruct,boolq,factual_reading,model_correct,same_domain_other_benchmark,16,tier1,queued,bulk_ready
phi4_mini_instruct,boolq,factual_reading,model_correct,same_domain_other_benchmark,32,tier1,queued,bulk_ready
phi4_mini_instruct,boolq,factual_reading,model_incorrect,same_domain_other_benchmark,0,tier1,queued,bulk_ready
phi4_mini_instruct,boolq,factual_reading,model_incorrect,same_domain_other_benchmark,1,tier1,queued,bulk_ready
phi4_mini_instruct,boolq,factual_reading,model_incorrect,same_domain_other_benchmark,2,tier1,queued,bulk_ready
phi4_mini_instruct,boolq,factual_reading,model_incorrect,same_domain_other_benchmark,4,tier1,queued,bulk_ready
phi4_mini_instruct,boolq,factual_reading,model_incorrect,same_domain_other_benchmark,8,tier1,queued,bulk_ready
phi4_mini_instruct,boolq,factual_reading,model_incorrect,same_domain_other_benchmark,16,tier1,queued,bulk_ready
phi4_mini_instruct,boolq,factual_reading,model_incorrect,same_domain_other_benchmark,32,tier1,queued,bulk_ready
phi4_mini_instruct,boolq,factual_reading,model_correct,cross_domain,0,tier1,queued,bulk_ready
phi4_mini_instruct,boolq,factual_reading,model_correct,cross_domain,1,tier1,queued,bulk_ready
phi4_mini_instruct,boolq,factual_reading,model_correct,cross_domain,2,tier1,queued,bulk_ready
phi4_mini_instruct,boolq,factual_reading,model_correct,cross_domain,4,tier1,queued,bulk_ready
phi4_mini_instruct,boolq,factual_reading,model_correct,cross_domain,8,tier1,queued,bulk_ready
phi4_mini_instruct,boolq,factual_reading,model_correct,cross_domain,16,tier1,queued,bulk_ready
phi4_mini_instruct,boolq,factual_reading,model_correct,cross_domain,32,tier1,queued,bulk_ready
phi4_mini_instruct,boolq,factual_reading,model_incorrect,cross_domain,0,tier1,queued,bulk_ready
phi4_mini_instruct,boolq,factual_reading,model_incorrect,cross_domain,1,tier1,queued,bulk_ready
phi4_mini_instruct,boolq,factual_reading,model_incorrect,cross_domain,2,tier1,queued,bulk_ready
phi4_mini_instruct,boolq,factual_reading,model_incorrect,cross_domain,4,tier1,queued,bulk_ready
phi4_mini_instruct,boolq,factual_reading,model_incorrect,cross_domain,8,tier1,queued,bulk_ready
phi4_mini_instruct,boolq,factual_reading,model_incorrect,cross_domain,16,tier1,queued,bulk_ready
phi4_mini_instruct,boolq,factual_reading,model_incorrect,cross_domain,32,tier1,queued,bulk_ready
phi4_mini_instruct,truthfulqa_mc,factual_reading,model_correct,same_benchmark,0,tier1,queued,bulk_ready
phi4_mini_instruct,truthfulqa_mc,factual_reading,model_correct,same_benchmark,1,tier1,queued,bulk_ready
phi4_mini_instruct,truthfulqa_mc,factual_reading,model_correct,same_benchmark,2,tier1,queued,bulk_ready
phi4_mini_instruct,truthfulqa_mc,factual_reading,model_correct,same_benchmark,4,tier1,queued,bulk_ready
phi4_mini_instruct,truthfulqa_mc,factual_reading,model_correct,same_benchmark,8,tier1,queued,bulk_ready
phi4_mini_instruct,truthfulqa_mc,factual_reading,model_correct,same_benchmark,16,tier1,queued,bulk_ready
phi4_mini_instruct,truthfulqa_mc,factual_reading,model_correct,same_benchmark,32,tier1,queued,bulk_ready
phi4_mini_instruct,truthfulqa_mc,factual_reading,model_incorrect,same_benchmark,0,tier1,queued,bulk_ready
phi4_mini_instruct,truthfulqa_mc,factual_reading,model_incorrect,same_benchmark,1,tier1,queued,bulk_ready
phi4_mini_instruct,truthfulqa_mc,factual_reading,model_incorrect,same_benchmark,2,tier1,queued,bulk_ready
phi4_mini_instruct,truthfulqa_mc,factual_reading,model_incorrect,same_benchmark,4,tier1,queued,bulk_ready
phi4_mini_instruct,truthfulqa_mc,factual_reading,model_incorrect,same_benchmark,8,tier1,queued,bulk_ready
phi4_mini_instruct,truthfulqa_mc,factual_reading,model_incorrect,same_benchmark,16,tier1,queued,bulk_ready
phi4_mini_instruct,truthfulqa_mc,factual_reading,model_incorrect,same_benchmark,32,tier1,queued,bulk_ready
phi4_mini_instruct,truthfulqa_mc,factual_reading,model_correct,same_domain_other_benchmark,0,tier1,queued,bulk_ready
phi4_mini_instruct,truthfulqa_mc,factual_reading,model_correct,same_domain_other_benchmark,1,tier1,queued,bulk_ready
phi4_mini_instruct,truthfulqa_mc,factual_reading,model_correct,same_domain_other_benchmark,2,tier1,queued,bulk_ready
phi4_mini_instruct,truthfulqa_mc,factual_reading,model_correct,same_domain_other_benchmark,4,tier1,queued,bulk_ready
phi4_mini_instruct,truthfulqa_mc,factual_reading,model_correct,same_domain_other_benchmark,8,tier1,queued,bulk_ready
phi4_mini_instruct,truthfulqa_mc,factual_reading,model_correct,same_domain_other_benchmark,16,tier1,queued,bulk_ready
phi4_mini_instruct,truthfulqa_mc,factual_reading,model_correct,same_domain_other_benchmark,32,tier1,queued,bulk_ready
phi4_mini_instruct,truthfulqa_mc,factual_reading,model_incorrect,same_domain_other_benchmark,0,tier1,queued,bulk_ready
phi4_mini_instruct,truthfulqa_mc,factual_reading,model_incorrect,same_domain_other_benchmark,1,tier1,queued,bulk_ready
phi4_mini_instruct,truthfulqa_mc,factual_reading,model_incorrect,same_domain_other_benchmark,2,tier1,queued,bulk_ready
phi4_mini_instruct,truthfulqa_mc,factual_reading,model_incorrect,same_domain_other_benchmark,4,tier1,queued,bulk_ready
phi4_mini_instruct,truthfulqa_mc,factual_reading,model_incorrect,same_domain_other_benchmark,8,tier1,queued,bulk_ready
phi4_mini_instruct,truthfulqa_mc,factual_reading,model_incorrect,same_domain_other_benchmark,16,tier1,queued,bulk_ready
phi4_mini_instruct,truthfulqa_mc,factual_reading,model_incorrect,same_domain_other_benchmark,32,tier1,queued,bulk_ready
phi4_mini_instruct,truthfulqa_mc,factual_reading,model_correct,cross_domain,0,tier1,queued,bulk_ready
phi4_mini_instruct,truthfulqa_mc,factual_reading,model_correct,cross_domain,1,tier1,queued,bulk_ready
phi4_mini_instruct,truthfulqa_mc,factual_reading,model_correct,cross_domain,2,tier1,queued,bulk_ready
phi4_mini_instruct,truthfulqa_mc,factual_reading,model_correct,cross_domain,4,tier1,queued,bulk_ready
phi4_mini_instruct,truthfulqa_mc,factual_reading,model_correct,cross_domain,8,tier1,queued,bulk_ready
phi4_mini_instruct,truthfulqa_mc,factual_reading,model_correct,cross_domain,16,tier1,queued,bulk_ready
phi4_mini_instruct,truthfulqa_mc,factual_reading,model_correct,cross_domain,32,tier1,queued,bulk_ready
phi4_mini_instruct,truthfulqa_mc,factual_reading,model_incorrect,cross_domain,0,tier1,queued,bulk_ready
phi4_mini_instruct,truthfulqa_mc,factual_reading,model_incorrect,cross_domain,1,tier1,queued,bulk_ready
phi4_mini_instruct,truthfulqa_mc,factual_reading,model_incorrect,cross_domain,2,tier1,queued,bulk_ready
phi4_mini_instruct,truthfulqa_mc,factual_reading,model_incorrect,cross_domain,4,tier1,queued,bulk_ready
phi4_mini_instruct,truthfulqa_mc,factual_reading,model_incorrect,cross_domain,8,tier1,queued,bulk_ready
phi4_mini_instruct,truthfulqa_mc,factual_reading,model_incorrect,cross_domain,16,tier1,queued,bulk_ready
phi4_mini_instruct,truthfulqa_mc,factual_reading,model_incorrect,cross_domain,32,tier1,queued,bulk_ready
mistral_small_24b_instruct_2501,gsm8k,math,model_correct,same_benchmark,0,tier1,queued,retry_tp2
mistral_small_24b_instruct_2501,gsm8k,math,model_correct,same_benchmark,1,tier1,queued,retry_tp2
mistral_small_24b_instruct_2501,gsm8k,math,model_correct,same_benchmark,2,tier1,queued,retry_tp2
mistral_small_24b_instruct_2501,gsm8k,math,model_correct,same_benchmark,4,tier1,queued,retry_tp2
mistral_small_24b_instruct_2501,gsm8k,math,model_correct,same_benchmark,8,tier1,queued,retry_tp2
mistral_small_24b_instruct_2501,gsm8k,math,model_correct,same_benchmark,16,tier1,queued,retry_tp2
mistral_small_24b_instruct_2501,gsm8k,math,model_correct,same_benchmark,32,tier1,queued,retry_tp2
mistral_small_24b_instruct_2501,gsm8k,math,model_incorrect,same_benchmark,0,tier1,queued,retry_tp2
mistral_small_24b_instruct_2501,gsm8k,math,model_incorrect,same_benchmark,1,tier1,queued,retry_tp2
mistral_small_24b_instruct_2501,gsm8k,math,model_incorrect,same_benchmark,2,tier1,queued,retry_tp2
mistral_small_24b_instruct_2501,gsm8k,math,model_incorrect,same_benchmark,4,tier1,queued,retry_tp2
mistral_small_24b_instruct_2501,gsm8k,math,model_incorrect,same_benchmark,8,tier1,queued,retry_tp2
mistral_small_24b_instruct_2501,gsm8k,math,model_incorrect,same_benchmark,16,tier1,queued,retry_tp2
mistral_small_24b_instruct_2501,gsm8k,math,model_incorrect,same_benchmark,32,tier1,queued,retry_tp2
mistral_small_24b_instruct_2501,gsm8k,math,model_correct,same_domain_other_benchmark,0,tier1,queued,retry_tp2
mistral_small_24b_instruct_2501,gsm8k,math,model_correct,same_domain_other_benchmark,1,tier1,queued,retry_tp2
mistral_small_24b_instruct_2501,gsm8k,math,model_correct,same_domain_other_benchmark,2,tier1,queued,retry_tp2
mistral_small_24b_instruct_2501,gsm8k,math,model_correct,same_domain_other_benchmark,4,tier1,queued,retry_tp2
mistral_small_24b_instruct_2501,gsm8k,math,model_correct,same_domain_other_benchmark,8,tier1,queued,retry_tp2
mistral_small_24b_instruct_2501,gsm8k,math,model_correct,same_domain_other_benchmark,16,tier1,queued,retry_tp2
mistral_small_24b_instruct_2501,gsm8k,math,model_correct,same_domain_other_benchmark,32,tier1,queued,retry_tp2
mistral_small_24b_instruct_2501,gsm8k,math,model_incorrect,same_domain_other_benchmark,0,tier1,queued,retry_tp2
mistral_small_24b_instruct_2501,gsm8k,math,model_incorrect,same_domain_other_benchmark,1,tier1,queued,retry_tp2
mistral_small_24b_instruct_2501,gsm8k,math,model_incorrect,same_domain_other_benchmark,2,tier1,queued,retry_tp2
mistral_small_24b_instruct_2501,gsm8k,math,model_incorrect,same_domain_other_benchmark,4,tier1,queued,retry_tp2
mistral_small_24b_instruct_2501,gsm8k,math,model_incorrect,same_domain_other_benchmark,8,tier1,queued,retry_tp2
mistral_small_24b_instruct_2501,gsm8k,math,model_incorrect,same_domain_other_benchmark,16,tier1,queued,retry_tp2
mistral_small_24b_instruct_2501,gsm8k,math,model_incorrect,same_domain_other_benchmark,32,tier1,queued,retry_tp2
mistral_small_24b_instruct_2501,gsm8k,math,model_correct,cross_domain,0,tier1,queued,retry_tp2
mistral_small_24b_instruct_2501,gsm8k,math,model_correct,cross_domain,1,tier1,queued,retry_tp2
mistral_small_24b_instruct_2501,gsm8k,math,model_correct,cross_domain,2,tier1,queued,retry_tp2
mistral_small_24b_instruct_2501,gsm8k,math,model_correct,cross_domain,4,tier1,queued,retry_tp2
mistral_small_24b_instruct_2501,gsm8k,math,model_correct,cross_domain,8,tier1,queued,retry_tp2
mistral_small_24b_instruct_2501,gsm8k,math,model_correct,cross_domain,16,tier1,queued,retry_tp2
mistral_small_24b_instruct_2501,gsm8k,math,model_correct,cross_domain,32,tier1,queued,retry_tp2
mistral_small_24b_instruct_2501,gsm8k,math,model_incorrect,cross_domain,0,tier1,queued,retry_tp2
mistral_small_24b_instruct_2501,gsm8k,math,model_incorrect,cross_domain,1,tier1,queued,retry_tp2
mistral_small_24b_instruct_2501,gsm8k,math,model_incorrect,cross_domain,2,tier1,queued,retry_tp2
mistral_small_24b_instruct_2501,gsm8k,math,model_incorrect,cross_domain,4,tier1,queued,retry_tp2
mistral_small_24b_instruct_2501,gsm8k,math,model_incorrect,cross_domain,8,tier1,queued,retry_tp2
mistral_small_24b_instruct_2501,gsm8k,math,model_incorrect,cross_domain,16,tier1,queued,retry_tp2
mistral_small_24b_instruct_2501,gsm8k,math,model_incorrect,cross_domain,32,tier1,queued,retry_tp2
mistral_small_24b_instruct_2501,math500,math,model_correct,same_benchmark,0,tier1,queued,retry_tp2
mistral_small_24b_instruct_2501,math500,math,model_correct,same_benchmark,1,tier1,queued,retry_tp2
mistral_small_24b_instruct_2501,math500,math,model_correct,same_benchmark,2,tier1,queued,retry_tp2
mistral_small_24b_instruct_2501,math500,math,model_correct,same_benchmark,4,tier1,queued,retry_tp2
mistral_small_24b_instruct_2501,math500,math,model_correct,same_benchmark,8,tier1,queued,retry_tp2
mistral_small_24b_instruct_2501,math500,math,model_correct,same_benchmark,16,tier1,queued,retry_tp2
mistral_small_24b_instruct_2501,math500,math,model_correct,same_benchmark,32,tier1,queued,retry_tp2
mistral_small_24b_instruct_2501,math500,math,model_incorrect,same_benchmark,0,tier1,queued,retry_tp2
mistral_small_24b_instruct_2501,math500,math,model_incorrect,same_benchmark,1,tier1,queued,retry_tp2
mistral_small_24b_instruct_2501,math500,math,model_incorrect,same_benchmark,2,tier1,queued,retry_tp2
mistral_small_24b_instruct_2501,math500,math,model_incorrect,same_benchmark,4,tier1,queued,retry_tp2
mistral_small_24b_instruct_2501,math500,math,model_incorrect,same_benchmark,8,tier1,queued,retry_tp2
mistral_small_24b_instruct_2501,math500,math,model_incorrect,same_benchmark,16,tier1,queued,retry_tp2
mistral_small_24b_instruct_2501,math500,math,model_incorrect,same_benchmark,32,tier1,queued,retry_tp2
mistral_small_24b_instruct_2501,math500,math,model_correct,same_domain_other_benchmark,0,tier1,queued,retry_tp2
mistral_small_24b_instruct_2501,math500,math,model_correct,same_domain_other_benchmark,1,tier1,queued,retry_tp2
mistral_small_24b_instruct_2501,math500,math,model_correct,same_domain_other_benchmark,2,tier1,queued,retry_tp2
mistral_small_24b_instruct_2501,math500,math,model_correct,same_domain_other_benchmark,4,tier1,queued,retry_tp2
mistral_small_24b_instruct_2501,math500,math,model_correct,same_domain_other_benchmark,8,tier1,queued,retry_tp2
mistral_small_24b_instruct_2501,math500,math,model_correct,same_domain_other_benchmark,16,tier1,queued,retry_tp2
mistral_small_24b_instruct_2501,math500,math,model_correct,same_domain_other_benchmark,32,tier1,queued,retry_tp2
mistral_small_24b_instruct_2501,math500,math,model_incorrect,same_domain_other_benchmark,0,tier1,queued,retry_tp2
mistral_small_24b_instruct_2501,math500,math,model_incorrect,same_domain_other_benchmark,1,tier1,queued,retry_tp2
mistral_small_24b_instruct_2501,math500,math,model_incorrect,same_domain_other_benchmark,2,tier1,queued,retry_tp2
mistral_small_24b_instruct_2501,math500,math,model_incorrect,same_domain_other_benchmark,4,tier1,queued,retry_tp2
mistral_small_24b_instruct_2501,math500,math,model_incorrect,same_domain_other_benchmark,8,tier1,queued,retry_tp2
mistral_small_24b_instruct_2501,math500,math,model_incorrect,same_domain_other_benchmark,16,tier1,queued,retry_tp2
mistral_small_24b_instruct_2501,math500,math,model_incorrect,same_domain_other_benchmark,32,tier1,queued,retry_tp2
mistral_small_24b_instruct_2501,math500,math,model_correct,cross_domain,0,tier1,queued,retry_tp2
mistral_small_24b_instruct_2501,math500,math,model_correct,cross_domain,1,tier1,queued,retry_tp2
mistral_small_24b_instruct_2501,math500,math,model_correct,cross_domain,2,tier1,queued,retry_tp2
mistral_small_24b_instruct_2501,math500,math,model_correct,cross_domain,4,tier1,queued,retry_tp2
mistral_small_24b_instruct_2501,math500,math,model_correct,cross_domain,8,tier1,queued,retry_tp2
mistral_small_24b_instruct_2501,math500,math,model_correct,cross_domain,16,tier1,queued,retry_tp2
mistral_small_24b_instruct_2501,math500,math,model_correct,cross_domain,32,tier1,queued,retry_tp2
mistral_small_24b_instruct_2501,math500,math,model_incorrect,cross_domain,0,tier1,queued,retry_tp2
mistral_small_24b_instruct_2501,math500,math,model_incorrect,cross_domain,1,tier1,queued,retry_tp2
mistral_small_24b_instruct_2501,math500,math,model_incorrect,cross_domain,2,tier1,queued,retry_tp2
mistral_small_24b_instruct_2501,math500,math,model_incorrect,cross_domain,4,tier1,queued,retry_tp2
mistral_small_24b_instruct_2501,math500,math,model_incorrect,cross_domain,8,tier1,queued,retry_tp2
mistral_small_24b_instruct_2501,math500,math,model_incorrect,cross_domain,16,tier1,queued,retry_tp2
mistral_small_24b_instruct_2501,math500,math,model_incorrect,cross_domain,32,tier1,queued,retry_tp2
mistral_small_24b_instruct_2501,gpqa,science,model_correct,same_benchmark,0,tier1,queued,retry_tp2
mistral_small_24b_instruct_2501,gpqa,science,model_correct,same_benchmark,1,tier1,queued,retry_tp2
mistral_small_24b_instruct_2501,gpqa,science,model_correct,same_benchmark,2,tier1,queued,retry_tp2
mistral_small_24b_instruct_2501,gpqa,science,model_correct,same_benchmark,4,tier1,queued,retry_tp2
mistral_small_24b_instruct_2501,gpqa,science,model_correct,same_benchmark,8,tier1,queued,retry_tp2
mistral_small_24b_instruct_2501,gpqa,science,model_correct,same_benchmark,16,tier1,queued,retry_tp2
mistral_small_24b_instruct_2501,gpqa,science,model_correct,same_benchmark,32,tier1,queued,retry_tp2
mistral_small_24b_instruct_2501,gpqa,science,model_incorrect,same_benchmark,0,tier1,queued,retry_tp2
mistral_small_24b_instruct_2501,gpqa,science,model_incorrect,same_benchmark,1,tier1,queued,retry_tp2
mistral_small_24b_instruct_2501,gpqa,science,model_incorrect,same_benchmark,2,tier1,queued,retry_tp2
mistral_small_24b_instruct_2501,gpqa,science,model_incorrect,same_benchmark,4,tier1,queued,retry_tp2
mistral_small_24b_instruct_2501,gpqa,science,model_incorrect,same_benchmark,8,tier1,queued,retry_tp2
mistral_small_24b_instruct_2501,gpqa,science,model_incorrect,same_benchmark,16,tier1,queued,retry_tp2
mistral_small_24b_instruct_2501,gpqa,science,model_incorrect,same_benchmark,32,tier1,queued,retry_tp2
mistral_small_24b_instruct_2501,gpqa,science,model_correct,same_domain_other_benchmark,0,tier1,queued,retry_tp2
mistral_small_24b_instruct_2501,gpqa,science,model_correct,same_domain_other_benchmark,1,tier1,queued,retry_tp2
mistral_small_24b_instruct_2501,gpqa,science,model_correct,same_domain_other_benchmark,2,tier1,queued,retry_tp2
mistral_small_24b_instruct_2501,gpqa,science,model_correct,same_domain_other_benchmark,4,tier1,queued,retry_tp2
mistral_small_24b_instruct_2501,gpqa,science,model_correct,same_domain_other_benchmark,8,tier1,queued,retry_tp2
mistral_small_24b_instruct_2501,gpqa,science,model_correct,same_domain_other_benchmark,16,tier1,queued,retry_tp2
mistral_small_24b_instruct_2501,gpqa,science,model_correct,same_domain_other_benchmark,32,tier1,queued,retry_tp2
mistral_small_24b_instruct_2501,gpqa,science,model_incorrect,same_domain_other_benchmark,0,tier1,queued,retry_tp2
mistral_small_24b_instruct_2501,gpqa,science,model_incorrect,same_domain_other_benchmark,1,tier1,queued,retry_tp2
mistral_small_24b_instruct_2501,gpqa,science,model_incorrect,same_domain_other_benchmark,2,tier1,queued,retry_tp2
mistral_small_24b_instruct_2501,gpqa,science,model_incorrect,same_domain_other_benchmark,4,tier1,queued,retry_tp2
mistral_small_24b_instruct_2501,gpqa,science,model_incorrect,same_domain_other_benchmark,8,tier1,queued,retry_tp2
mistral_small_24b_instruct_2501,gpqa,science,model_incorrect,same_domain_other_benchmark,16,tier1,queued,retry_tp2
mistral_small_24b_instruct_2501,gpqa,science,model_incorrect,same_domain_other_benchmark,32,tier1,queued,retry_tp2
mistral_small_24b_instruct_2501,gpqa,science,model_correct,cross_domain,0,tier1,queued,retry_tp2
mistral_small_24b_instruct_2501,gpqa,science,model_correct,cross_domain,1,tier1,queued,retry_tp2
mistral_small_24b_instruct_2501,gpqa,science,model_correct,cross_domain,2,tier1,queued,retry_tp2
mistral_small_24b_instruct_2501,gpqa,science,model_correct,cross_domain,4,tier1,queued,retry_tp2
mistral_small_24b_instruct_2501,gpqa,science,model_correct,cross_domain,8,tier1,queued,retry_tp2
mistral_small_24b_instruct_2501,gpqa,science,model_correct,cross_domain,16,tier1,queued,retry_tp2
mistral_small_24b_instruct_2501,gpqa,science,model_correct,cross_domain,32,tier1,queued,retry_tp2
mistral_small_24b_instruct_2501,gpqa,science,model_incorrect,cross_domain,0,tier1,queued,retry_tp2
mistral_small_24b_instruct_2501,gpqa,science,model_incorrect,cross_domain,1,tier1,queued,retry_tp2
mistral_small_24b_instruct_2501,gpqa,science,model_incorrect,cross_domain,2,tier1,queued,retry_tp2
mistral_small_24b_instruct_2501,gpqa,science,model_incorrect,cross_domain,4,tier1,queued,retry_tp2
mistral_small_24b_instruct_2501,gpqa,science,model_incorrect,cross_domain,8,tier1,queued,retry_tp2
mistral_small_24b_instruct_2501,gpqa,science,model_incorrect,cross_domain,16,tier1,queued,retry_tp2
mistral_small_24b_instruct_2501,gpqa,science,model_incorrect,cross_domain,32,tier1,queued,retry_tp2
mistral_small_24b_instruct_2501,arc_challenge,science,model_correct,same_benchmark,0,tier1,queued,retry_tp2
mistral_small_24b_instruct_2501,arc_challenge,science,model_correct,same_benchmark,1,tier1,queued,retry_tp2
mistral_small_24b_instruct_2501,arc_challenge,science,model_correct,same_benchmark,2,tier1,queued,retry_tp2
mistral_small_24b_instruct_2501,arc_challenge,science,model_correct,same_benchmark,4,tier1,queued,retry_tp2
mistral_small_24b_instruct_2501,arc_challenge,science,model_correct,same_benchmark,8,tier1,queued,retry_tp2
mistral_small_24b_instruct_2501,arc_challenge,science,model_correct,same_benchmark,16,tier1,queued,retry_tp2
mistral_small_24b_instruct_2501,arc_challenge,science,model_correct,same_benchmark,32,tier1,queued,retry_tp2
mistral_small_24b_instruct_2501,arc_challenge,science,model_incorrect,same_benchmark,0,tier1,queued,retry_tp2
mistral_small_24b_instruct_2501,arc_challenge,science,model_incorrect,same_benchmark,1,tier1,queued,retry_tp2
mistral_small_24b_instruct_2501,arc_challenge,science,model_incorrect,same_benchmark,2,tier1,queued,retry_tp2
mistral_small_24b_instruct_2501,arc_challenge,science,model_incorrect,same_benchmark,4,tier1,queued,retry_tp2
mistral_small_24b_instruct_2501,arc_challenge,science,model_incorrect,same_benchmark,8,tier1,queued,retry_tp2
mistral_small_24b_instruct_2501,arc_challenge,science,model_incorrect,same_benchmark,16,tier1,queued,retry_tp2
mistral_small_24b_instruct_2501,arc_challenge,science,model_incorrect,same_benchmark,32,tier1,queued,retry_tp2
mistral_small_24b_instruct_2501,arc_challenge,science,model_correct,same_domain_other_benchmark,0,tier1,queued,retry_tp2
mistral_small_24b_instruct_2501,arc_challenge,science,model_correct,same_domain_other_benchmark,1,tier1,queued,retry_tp2
mistral_small_24b_instruct_2501,arc_challenge,science,model_correct,same_domain_other_benchmark,2,tier1,queued,retry_tp2
mistral_small_24b_instruct_2501,arc_challenge,science,model_correct,same_domain_other_benchmark,4,tier1,queued,retry_tp2
mistral_small_24b_instruct_2501,arc_challenge,science,model_correct,same_domain_other_benchmark,8,tier1,queued,retry_tp2
mistral_small_24b_instruct_2501,arc_challenge,science,model_correct,same_domain_other_benchmark,16,tier1,queued,retry_tp2
mistral_small_24b_instruct_2501,arc_challenge,science,model_correct,same_domain_other_benchmark,32,tier1,queued,retry_tp2
mistral_small_24b_instruct_2501,arc_challenge,science,model_incorrect,same_domain_other_benchmark,0,tier1,queued,retry_tp2
mistral_small_24b_instruct_2501,arc_challenge,science,model_incorrect,same_domain_other_benchmark,1,tier1,queued,retry_tp2
mistral_small_24b_instruct_2501,arc_challenge,science,model_incorrect,same_domain_other_benchmark,2,tier1,queued,retry_tp2
mistral_small_24b_instruct_2501,arc_challenge,science,model_incorrect,same_domain_other_benchmark,4,tier1,queued,retry_tp2
mistral_small_24b_instruct_2501,arc_challenge,science,model_incorrect,same_domain_other_benchmark,8,tier1,queued,retry_tp2
mistral_small_24b_instruct_2501,arc_challenge,science,model_incorrect,same_domain_other_benchmark,16,tier1,queued,retry_tp2
mistral_small_24b_instruct_2501,arc_challenge,science,model_incorrect,same_domain_other_benchmark,32,tier1,queued,retry_tp2
mistral_small_24b_instruct_2501,arc_challenge,science,model_correct,cross_domain,0,tier1,queued,retry_tp2
mistral_small_24b_instruct_2501,arc_challenge,science,model_correct,cross_domain,1,tier1,queued,retry_tp2
mistral_small_24b_instruct_2501,arc_challenge,science,model_correct,cross_domain,2,tier1,queued,retry_tp2
mistral_small_24b_instruct_2501,arc_challenge,science,model_correct,cross_domain,4,tier1,queued,retry_tp2
mistral_small_24b_instruct_2501,arc_challenge,science,model_correct,cross_domain,8,tier1,queued,retry_tp2
mistral_small_24b_instruct_2501,arc_challenge,science,model_correct,cross_domain,16,tier1,queued,retry_tp2
mistral_small_24b_instruct_2501,arc_challenge,science,model_correct,cross_domain,32,tier1,queued,retry_tp2
mistral_small_24b_instruct_2501,arc_challenge,science,model_incorrect,cross_domain,0,tier1,queued,retry_tp2
mistral_small_24b_instruct_2501,arc_challenge,science,model_incorrect,cross_domain,1,tier1,queued,retry_tp2
mistral_small_24b_instruct_2501,arc_challenge,science,model_incorrect,cross_domain,2,tier1,queued,retry_tp2
mistral_small_24b_instruct_2501,arc_challenge,science,model_incorrect,cross_domain,4,tier1,queued,retry_tp2
mistral_small_24b_instruct_2501,arc_challenge,science,model_incorrect,cross_domain,8,tier1,queued,retry_tp2
mistral_small_24b_instruct_2501,arc_challenge,science,model_incorrect,cross_domain,16,tier1,queued,retry_tp2
mistral_small_24b_instruct_2501,arc_challenge,science,model_incorrect,cross_domain,32,tier1,queued,retry_tp2
mistral_small_24b_instruct_2501,mmlu_pro,general_knowledge,model_correct,same_benchmark,0,tier1,queued,retry_tp2
mistral_small_24b_instruct_2501,mmlu_pro,general_knowledge,model_correct,same_benchmark,1,tier1,queued,retry_tp2
mistral_small_24b_instruct_2501,mmlu_pro,general_knowledge,model_correct,same_benchmark,2,tier1,queued,retry_tp2
mistral_small_24b_instruct_2501,mmlu_pro,general_knowledge,model_correct,same_benchmark,4,tier1,queued,retry_tp2
mistral_small_24b_instruct_2501,mmlu_pro,general_knowledge,model_correct,same_benchmark,8,tier1,queued,retry_tp2
mistral_small_24b_instruct_2501,mmlu_pro,general_knowledge,model_correct,same_benchmark,16,tier1,queued,retry_tp2
mistral_small_24b_instruct_2501,mmlu_pro,general_knowledge,model_correct,same_benchmark,32,tier1,queued,retry_tp2
mistral_small_24b_instruct_2501,mmlu_pro,general_knowledge,model_incorrect,same_benchmark,0,tier1,queued,retry_tp2
mistral_small_24b_instruct_2501,mmlu_pro,general_knowledge,model_incorrect,same_benchmark,1,tier1,queued,retry_tp2
mistral_small_24b_instruct_2501,mmlu_pro,general_knowledge,model_incorrect,same_benchmark,2,tier1,queued,retry_tp2
mistral_small_24b_instruct_2501,mmlu_pro,general_knowledge,model_incorrect,same_benchmark,4,tier1,queued,retry_tp2
mistral_small_24b_instruct_2501,mmlu_pro,general_knowledge,model_incorrect,same_benchmark,8,tier1,queued,retry_tp2
mistral_small_24b_instruct_2501,mmlu_pro,general_knowledge,model_incorrect,same_benchmark,16,tier1,queued,retry_tp2
mistral_small_24b_instruct_2501,mmlu_pro,general_knowledge,model_incorrect,same_benchmark,32,tier1,queued,retry_tp2
mistral_small_24b_instruct_2501,mmlu_pro,general_knowledge,model_correct,same_domain_other_benchmark,0,tier1,queued,retry_tp2
mistral_small_24b_instruct_2501,mmlu_pro,general_knowledge,model_correct,same_domain_other_benchmark,1,tier1,queued,retry_tp2
mistral_small_24b_instruct_2501,mmlu_pro,general_knowledge,model_correct,same_domain_other_benchmark,2,tier1,queued,retry_tp2
mistral_small_24b_instruct_2501,mmlu_pro,general_knowledge,model_correct,same_domain_other_benchmark,4,tier1,queued,retry_tp2
mistral_small_24b_instruct_2501,mmlu_pro,general_knowledge,model_correct,same_domain_other_benchmark,8,tier1,queued,retry_tp2
mistral_small_24b_instruct_2501,mmlu_pro,general_knowledge,model_correct,same_domain_other_benchmark,16,tier1,queued,retry_tp2
mistral_small_24b_instruct_2501,mmlu_pro,general_knowledge,model_correct,same_domain_other_benchmark,32,tier1,queued,retry_tp2
mistral_small_24b_instruct_2501,mmlu_pro,general_knowledge,model_incorrect,same_domain_other_benchmark,0,tier1,queued,retry_tp2
mistral_small_24b_instruct_2501,mmlu_pro,general_knowledge,model_incorrect,same_domain_other_benchmark,1,tier1,queued,retry_tp2
mistral_small_24b_instruct_2501,mmlu_pro,general_knowledge,model_incorrect,same_domain_other_benchmark,2,tier1,queued,retry_tp2
mistral_small_24b_instruct_2501,mmlu_pro,general_knowledge,model_incorrect,same_domain_other_benchmark,4,tier1,queued,retry_tp2
mistral_small_24b_instruct_2501,mmlu_pro,general_knowledge,model_incorrect,same_domain_other_benchmark,8,tier1,queued,retry_tp2
mistral_small_24b_instruct_2501,mmlu_pro,general_knowledge,model_incorrect,same_domain_other_benchmark,16,tier1,queued,retry_tp2
mistral_small_24b_instruct_2501,mmlu_pro,general_knowledge,model_incorrect,same_domain_other_benchmark,32,tier1,queued,retry_tp2
mistral_small_24b_instruct_2501,mmlu_pro,general_knowledge,model_correct,cross_domain,0,tier1,queued,retry_tp2
mistral_small_24b_instruct_2501,mmlu_pro,general_knowledge,model_correct,cross_domain,1,tier1,queued,retry_tp2
mistral_small_24b_instruct_2501,mmlu_pro,general_knowledge,model_correct,cross_domain,2,tier1,queued,retry_tp2
mistral_small_24b_instruct_2501,mmlu_pro,general_knowledge,model_correct,cross_domain,4,tier1,queued,retry_tp2
mistral_small_24b_instruct_2501,mmlu_pro,general_knowledge,model_correct,cross_domain,8,tier1,queued,retry_tp2
mistral_small_24b_instruct_2501,mmlu_pro,general_knowledge,model_correct,cross_domain,16,tier1,queued,retry_tp2
mistral_small_24b_instruct_2501,mmlu_pro,general_knowledge,model_correct,cross_domain,32,tier1,queued,retry_tp2
mistral_small_24b_instruct_2501,mmlu_pro,general_knowledge,model_incorrect,cross_domain,0,tier1,queued,retry_tp2
mistral_small_24b_instruct_2501,mmlu_pro,general_knowledge,model_incorrect,cross_domain,1,tier1,queued,retry_tp2
mistral_small_24b_instruct_2501,mmlu_pro,general_knowledge,model_incorrect,cross_domain,2,tier1,queued,retry_tp2
mistral_small_24b_instruct_2501,mmlu_pro,general_knowledge,model_incorrect,cross_domain,4,tier1,queued,retry_tp2
mistral_small_24b_instruct_2501,mmlu_pro,general_knowledge,model_incorrect,cross_domain,8,tier1,queued,retry_tp2
mistral_small_24b_instruct_2501,mmlu_pro,general_knowledge,model_incorrect,cross_domain,16,tier1,queued,retry_tp2
mistral_small_24b_instruct_2501,mmlu_pro,general_knowledge,model_incorrect,cross_domain,32,tier1,queued,retry_tp2
mistral_small_24b_instruct_2501,mmlu_redux_2,general_knowledge,model_correct,same_benchmark,0,tier1,queued,retry_tp2
mistral_small_24b_instruct_2501,mmlu_redux_2,general_knowledge,model_correct,same_benchmark,1,tier1,queued,retry_tp2
mistral_small_24b_instruct_2501,mmlu_redux_2,general_knowledge,model_correct,same_benchmark,2,tier1,queued,retry_tp2
mistral_small_24b_instruct_2501,mmlu_redux_2,general_knowledge,model_correct,same_benchmark,4,tier1,queued,retry_tp2
mistral_small_24b_instruct_2501,mmlu_redux_2,general_knowledge,model_correct,same_benchmark,8,tier1,queued,retry_tp2
mistral_small_24b_instruct_2501,mmlu_redux_2,general_knowledge,model_correct,same_benchmark,16,tier1,queued,retry_tp2
mistral_small_24b_instruct_2501,mmlu_redux_2,general_knowledge,model_correct,same_benchmark,32,tier1,queued,retry_tp2
mistral_small_24b_instruct_2501,mmlu_redux_2,general_knowledge,model_incorrect,same_benchmark,0,tier1,queued,retry_tp2
mistral_small_24b_instruct_2501,mmlu_redux_2,general_knowledge,model_incorrect,same_benchmark,1,tier1,queued,retry_tp2
mistral_small_24b_instruct_2501,mmlu_redux_2,general_knowledge,model_incorrect,same_benchmark,2,tier1,queued,retry_tp2
mistral_small_24b_instruct_2501,mmlu_redux_2,general_knowledge,model_incorrect,same_benchmark,4,tier1,queued,retry_tp2
mistral_small_24b_instruct_2501,mmlu_redux_2,general_knowledge,model_incorrect,same_benchmark,8,tier1,queued,retry_tp2
mistral_small_24b_instruct_2501,mmlu_redux_2,general_knowledge,model_incorrect,same_benchmark,16,tier1,queued,retry_tp2
mistral_small_24b_instruct_2501,mmlu_redux_2,general_knowledge,model_incorrect,same_benchmark,32,tier1,queued,retry_tp2
mistral_small_24b_instruct_2501,mmlu_redux_2,general_knowledge,model_correct,same_domain_other_benchmark,0,tier1,queued,retry_tp2
mistral_small_24b_instruct_2501,mmlu_redux_2,general_knowledge,model_correct,same_domain_other_benchmark,1,tier1,queued,retry_tp2
mistral_small_24b_instruct_2501,mmlu_redux_2,general_knowledge,model_correct,same_domain_other_benchmark,2,tier1,queued,retry_tp2
mistral_small_24b_instruct_2501,mmlu_redux_2,general_knowledge,model_correct,same_domain_other_benchmark,4,tier1,queued,retry_tp2
mistral_small_24b_instruct_2501,mmlu_redux_2,general_knowledge,model_correct,same_domain_other_benchmark,8,tier1,queued,retry_tp2
mistral_small_24b_instruct_2501,mmlu_redux_2,general_knowledge,model_correct,same_domain_other_benchmark,16,tier1,queued,retry_tp2
mistral_small_24b_instruct_2501,mmlu_redux_2,general_knowledge,model_correct,same_domain_other_benchmark,32,tier1,queued,retry_tp2
mistral_small_24b_instruct_2501,mmlu_redux_2,general_knowledge,model_incorrect,same_domain_other_benchmark,0,tier1,queued,retry_tp2
mistral_small_24b_instruct_2501,mmlu_redux_2,general_knowledge,model_incorrect,same_domain_other_benchmark,1,tier1,queued,retry_tp2
mistral_small_24b_instruct_2501,mmlu_redux_2,general_knowledge,model_incorrect,same_domain_other_benchmark,2,tier1,queued,retry_tp2
mistral_small_24b_instruct_2501,mmlu_redux_2,general_knowledge,model_incorrect,same_domain_other_benchmark,4,tier1,queued,retry_tp2
mistral_small_24b_instruct_2501,mmlu_redux_2,general_knowledge,model_incorrect,same_domain_other_benchmark,8,tier1,queued,retry_tp2
mistral_small_24b_instruct_2501,mmlu_redux_2,general_knowledge,model_incorrect,same_domain_other_benchmark,16,tier1,queued,retry_tp2
mistral_small_24b_instruct_2501,mmlu_redux_2,general_knowledge,model_incorrect,same_domain_other_benchmark,32,tier1,queued,retry_tp2
mistral_small_24b_instruct_2501,mmlu_redux_2,general_knowledge,model_correct,cross_domain,0,tier1,queued,retry_tp2
mistral_small_24b_instruct_2501,mmlu_redux_2,general_knowledge,model_correct,cross_domain,1,tier1,queued,retry_tp2
mistral_small_24b_instruct_2501,mmlu_redux_2,general_knowledge,model_correct,cross_domain,2,tier1,queued,retry_tp2
mistral_small_24b_instruct_2501,mmlu_redux_2,general_knowledge,model_correct,cross_domain,4,tier1,queued,retry_tp2
mistral_small_24b_instruct_2501,mmlu_redux_2,general_knowledge,model_correct,cross_domain,8,tier1,queued,retry_tp2
mistral_small_24b_instruct_2501,mmlu_redux_2,general_knowledge,model_correct,cross_domain,16,tier1,queued,retry_tp2
mistral_small_24b_instruct_2501,mmlu_redux_2,general_knowledge,model_correct,cross_domain,32,tier1,queued,retry_tp2
mistral_small_24b_instruct_2501,mmlu_redux_2,general_knowledge,model_incorrect,cross_domain,0,tier1,queued,retry_tp2
mistral_small_24b_instruct_2501,mmlu_redux_2,general_knowledge,model_incorrect,cross_domain,1,tier1,queued,retry_tp2
mistral_small_24b_instruct_2501,mmlu_redux_2,general_knowledge,model_incorrect,cross_domain,2,tier1,queued,retry_tp2
mistral_small_24b_instruct_2501,mmlu_redux_2,general_knowledge,model_incorrect,cross_domain,4,tier1,queued,retry_tp2
mistral_small_24b_instruct_2501,mmlu_redux_2,general_knowledge,model_incorrect,cross_domain,8,tier1,queued,retry_tp2
mistral_small_24b_instruct_2501,mmlu_redux_2,general_knowledge,model_incorrect,cross_domain,16,tier1,queued,retry_tp2
mistral_small_24b_instruct_2501,mmlu_redux_2,general_knowledge,model_incorrect,cross_domain,32,tier1,queued,retry_tp2
mistral_small_24b_instruct_2501,hellaswag,commonsense,model_correct,same_benchmark,0,tier1,queued,retry_tp2
mistral_small_24b_instruct_2501,hellaswag,commonsense,model_correct,same_benchmark,1,tier1,queued,retry_tp2
mistral_small_24b_instruct_2501,hellaswag,commonsense,model_correct,same_benchmark,2,tier1,queued,retry_tp2
mistral_small_24b_instruct_2501,hellaswag,commonsense,model_correct,same_benchmark,4,tier1,queued,retry_tp2
mistral_small_24b_instruct_2501,hellaswag,commonsense,model_correct,same_benchmark,8,tier1,queued,retry_tp2
mistral_small_24b_instruct_2501,hellaswag,commonsense,model_correct,same_benchmark,16,tier1,queued,retry_tp2
mistral_small_24b_instruct_2501,hellaswag,commonsense,model_correct,same_benchmark,32,tier1,queued,retry_tp2
mistral_small_24b_instruct_2501,hellaswag,commonsense,model_incorrect,same_benchmark,0,tier1,queued,retry_tp2
mistral_small_24b_instruct_2501,hellaswag,commonsense,model_incorrect,same_benchmark,1,tier1,queued,retry_tp2
mistral_small_24b_instruct_2501,hellaswag,commonsense,model_incorrect,same_benchmark,2,tier1,queued,retry_tp2
mistral_small_24b_instruct_2501,hellaswag,commonsense,model_incorrect,same_benchmark,4,tier1,queued,retry_tp2
mistral_small_24b_instruct_2501,hellaswag,commonsense,model_incorrect,same_benchmark,8,tier1,queued,retry_tp2
mistral_small_24b_instruct_2501,hellaswag,commonsense,model_incorrect,same_benchmark,16,tier1,queued,retry_tp2
mistral_small_24b_instruct_2501,hellaswag,commonsense,model_incorrect,same_benchmark,32,tier1,queued,retry_tp2
mistral_small_24b_instruct_2501,hellaswag,commonsense,model_correct,same_domain_other_benchmark,0,tier1,queued,retry_tp2
mistral_small_24b_instruct_2501,hellaswag,commonsense,model_correct,same_domain_other_benchmark,1,tier1,queued,retry_tp2
mistral_small_24b_instruct_2501,hellaswag,commonsense,model_correct,same_domain_other_benchmark,2,tier1,queued,retry_tp2
mistral_small_24b_instruct_2501,hellaswag,commonsense,model_correct,same_domain_other_benchmark,4,tier1,queued,retry_tp2
mistral_small_24b_instruct_2501,hellaswag,commonsense,model_correct,same_domain_other_benchmark,8,tier1,queued,retry_tp2
mistral_small_24b_instruct_2501,hellaswag,commonsense,model_correct,same_domain_other_benchmark,16,tier1,queued,retry_tp2
mistral_small_24b_instruct_2501,hellaswag,commonsense,model_correct,same_domain_other_benchmark,32,tier1,queued,retry_tp2
mistral_small_24b_instruct_2501,hellaswag,commonsense,model_incorrect,same_domain_other_benchmark,0,tier1,queued,retry_tp2
mistral_small_24b_instruct_2501,hellaswag,commonsense,model_incorrect,same_domain_other_benchmark,1,tier1,queued,retry_tp2
mistral_small_24b_instruct_2501,hellaswag,commonsense,model_incorrect,same_domain_other_benchmark,2,tier1,queued,retry_tp2
mistral_small_24b_instruct_2501,hellaswag,commonsense,model_incorrect,same_domain_other_benchmark,4,tier1,queued,retry_tp2
mistral_small_24b_instruct_2501,hellaswag,commonsense,model_incorrect,same_domain_other_benchmark,8,tier1,queued,retry_tp2
mistral_small_24b_instruct_2501,hellaswag,commonsense,model_incorrect,same_domain_other_benchmark,16,tier1,queued,retry_tp2
mistral_small_24b_instruct_2501,hellaswag,commonsense,model_incorrect,same_domain_other_benchmark,32,tier1,queued,retry_tp2
mistral_small_24b_instruct_2501,hellaswag,commonsense,model_correct,cross_domain,0,tier1,queued,retry_tp2
mistral_small_24b_instruct_2501,hellaswag,commonsense,model_correct,cross_domain,1,tier1,queued,retry_tp2
mistral_small_24b_instruct_2501,hellaswag,commonsense,model_correct,cross_domain,2,tier1,queued,retry_tp2
mistral_small_24b_instruct_2501,hellaswag,commonsense,model_correct,cross_domain,4,tier1,queued,retry_tp2
mistral_small_24b_instruct_2501,hellaswag,commonsense,model_correct,cross_domain,8,tier1,queued,retry_tp2
mistral_small_24b_instruct_2501,hellaswag,commonsense,model_correct,cross_domain,16,tier1,queued,retry_tp2
mistral_small_24b_instruct_2501,hellaswag,commonsense,model_correct,cross_domain,32,tier1,queued,retry_tp2
mistral_small_24b_instruct_2501,hellaswag,commonsense,model_incorrect,cross_domain,0,tier1,queued,retry_tp2
mistral_small_24b_instruct_2501,hellaswag,commonsense,model_incorrect,cross_domain,1,tier1,queued,retry_tp2
mistral_small_24b_instruct_2501,hellaswag,commonsense,model_incorrect,cross_domain,2,tier1,queued,retry_tp2
mistral_small_24b_instruct_2501,hellaswag,commonsense,model_incorrect,cross_domain,4,tier1,queued,retry_tp2
mistral_small_24b_instruct_2501,hellaswag,commonsense,model_incorrect,cross_domain,8,tier1,queued,retry_tp2
mistral_small_24b_instruct_2501,hellaswag,commonsense,model_incorrect,cross_domain,16,tier1,queued,retry_tp2
mistral_small_24b_instruct_2501,hellaswag,commonsense,model_incorrect,cross_domain,32,tier1,queued,retry_tp2
mistral_small_24b_instruct_2501,piqa,commonsense,model_correct,same_benchmark,0,tier1,queued,retry_tp2
mistral_small_24b_instruct_2501,piqa,commonsense,model_correct,same_benchmark,1,tier1,queued,retry_tp2
mistral_small_24b_instruct_2501,piqa,commonsense,model_correct,same_benchmark,2,tier1,queued,retry_tp2
mistral_small_24b_instruct_2501,piqa,commonsense,model_correct,same_benchmark,4,tier1,queued,retry_tp2
mistral_small_24b_instruct_2501,piqa,commonsense,model_correct,same_benchmark,8,tier1,queued,retry_tp2
mistral_small_24b_instruct_2501,piqa,commonsense,model_correct,same_benchmark,16,tier1,queued,retry_tp2
mistral_small_24b_instruct_2501,piqa,commonsense,model_correct,same_benchmark,32,tier1,queued,retry_tp2
mistral_small_24b_instruct_2501,piqa,commonsense,model_incorrect,same_benchmark,0,tier1,queued,retry_tp2
mistral_small_24b_instruct_2501,piqa,commonsense,model_incorrect,same_benchmark,1,tier1,queued,retry_tp2
mistral_small_24b_instruct_2501,piqa,commonsense,model_incorrect,same_benchmark,2,tier1,queued,retry_tp2
mistral_small_24b_instruct_2501,piqa,commonsense,model_incorrect,same_benchmark,4,tier1,queued,retry_tp2
mistral_small_24b_instruct_2501,piqa,commonsense,model_incorrect,same_benchmark,8,tier1,queued,retry_tp2
mistral_small_24b_instruct_2501,piqa,commonsense,model_incorrect,same_benchmark,16,tier1,queued,retry_tp2
mistral_small_24b_instruct_2501,piqa,commonsense,model_incorrect,same_benchmark,32,tier1,queued,retry_tp2
mistral_small_24b_instruct_2501,piqa,commonsense,model_correct,same_domain_other_benchmark,0,tier1,queued,retry_tp2
mistral_small_24b_instruct_2501,piqa,commonsense,model_correct,same_domain_other_benchmark,1,tier1,queued,retry_tp2
mistral_small_24b_instruct_2501,piqa,commonsense,model_correct,same_domain_other_benchmark,2,tier1,queued,retry_tp2
mistral_small_24b_instruct_2501,piqa,commonsense,model_correct,same_domain_other_benchmark,4,tier1,queued,retry_tp2
mistral_small_24b_instruct_2501,piqa,commonsense,model_correct,same_domain_other_benchmark,8,tier1,queued,retry_tp2
mistral_small_24b_instruct_2501,piqa,commonsense,model_correct,same_domain_other_benchmark,16,tier1,queued,retry_tp2
mistral_small_24b_instruct_2501,piqa,commonsense,model_correct,same_domain_other_benchmark,32,tier1,queued,retry_tp2
mistral_small_24b_instruct_2501,piqa,commonsense,model_incorrect,same_domain_other_benchmark,0,tier1,queued,retry_tp2
mistral_small_24b_instruct_2501,piqa,commonsense,model_incorrect,same_domain_other_benchmark,1,tier1,queued,retry_tp2
mistral_small_24b_instruct_2501,piqa,commonsense,model_incorrect,same_domain_other_benchmark,2,tier1,queued,retry_tp2
mistral_small_24b_instruct_2501,piqa,commonsense,model_incorrect,same_domain_other_benchmark,4,tier1,queued,retry_tp2
mistral_small_24b_instruct_2501,piqa,commonsense,model_incorrect,same_domain_other_benchmark,8,tier1,queued,retry_tp2
mistral_small_24b_instruct_2501,piqa,commonsense,model_incorrect,same_domain_other_benchmark,16,tier1,queued,retry_tp2
mistral_small_24b_instruct_2501,piqa,commonsense,model_incorrect,same_domain_other_benchmark,32,tier1,queued,retry_tp2
mistral_small_24b_instruct_2501,piqa,commonsense,model_correct,cross_domain,0,tier1,queued,retry_tp2
mistral_small_24b_instruct_2501,piqa,commonsense,model_correct,cross_domain,1,tier1,queued,retry_tp2
mistral_small_24b_instruct_2501,piqa,commonsense,model_correct,cross_domain,2,tier1,queued,retry_tp2
mistral_small_24b_instruct_2501,piqa,commonsense,model_correct,cross_domain,4,tier1,queued,retry_tp2
mistral_small_24b_instruct_2501,piqa,commonsense,model_correct,cross_domain,8,tier1,queued,retry_tp2
mistral_small_24b_instruct_2501,piqa,commonsense,model_correct,cross_domain,16,tier1,queued,retry_tp2
mistral_small_24b_instruct_2501,piqa,commonsense,model_correct,cross_domain,32,tier1,queued,retry_tp2
mistral_small_24b_instruct_2501,piqa,commonsense,model_incorrect,cross_domain,0,tier1,queued,retry_tp2
mistral_small_24b_instruct_2501,piqa,commonsense,model_incorrect,cross_domain,1,tier1,queued,retry_tp2
mistral_small_24b_instruct_2501,piqa,commonsense,model_incorrect,cross_domain,2,tier1,queued,retry_tp2
mistral_small_24b_instruct_2501,piqa,commonsense,model_incorrect,cross_domain,4,tier1,queued,retry_tp2
mistral_small_24b_instruct_2501,piqa,commonsense,model_incorrect,cross_domain,8,tier1,queued,retry_tp2
mistral_small_24b_instruct_2501,piqa,commonsense,model_incorrect,cross_domain,16,tier1,queued,retry_tp2
mistral_small_24b_instruct_2501,piqa,commonsense,model_incorrect,cross_domain,32,tier1,queued,retry_tp2
mistral_small_24b_instruct_2501,boolq,factual_reading,model_correct,same_benchmark,0,tier1,queued,retry_tp2
mistral_small_24b_instruct_2501,boolq,factual_reading,model_correct,same_benchmark,1,tier1,queued,retry_tp2
mistral_small_24b_instruct_2501,boolq,factual_reading,model_correct,same_benchmark,2,tier1,queued,retry_tp2
mistral_small_24b_instruct_2501,boolq,factual_reading,model_correct,same_benchmark,4,tier1,queued,retry_tp2
mistral_small_24b_instruct_2501,boolq,factual_reading,model_correct,same_benchmark,8,tier1,queued,retry_tp2
mistral_small_24b_instruct_2501,boolq,factual_reading,model_correct,same_benchmark,16,tier1,queued,retry_tp2
mistral_small_24b_instruct_2501,boolq,factual_reading,model_correct,same_benchmark,32,tier1,queued,retry_tp2
mistral_small_24b_instruct_2501,boolq,factual_reading,model_incorrect,same_benchmark,0,tier1,queued,retry_tp2
mistral_small_24b_instruct_2501,boolq,factual_reading,model_incorrect,same_benchmark,1,tier1,queued,retry_tp2
mistral_small_24b_instruct_2501,boolq,factual_reading,model_incorrect,same_benchmark,2,tier1,queued,retry_tp2
mistral_small_24b_instruct_2501,boolq,factual_reading,model_incorrect,same_benchmark,4,tier1,queued,retry_tp2
mistral_small_24b_instruct_2501,boolq,factual_reading,model_incorrect,same_benchmark,8,tier1,queued,retry_tp2
mistral_small_24b_instruct_2501,boolq,factual_reading,model_incorrect,same_benchmark,16,tier1,queued,retry_tp2
mistral_small_24b_instruct_2501,boolq,factual_reading,model_incorrect,same_benchmark,32,tier1,queued,retry_tp2
mistral_small_24b_instruct_2501,boolq,factual_reading,model_correct,same_domain_other_benchmark,0,tier1,queued,retry_tp2
mistral_small_24b_instruct_2501,boolq,factual_reading,model_correct,same_domain_other_benchmark,1,tier1,queued,retry_tp2
mistral_small_24b_instruct_2501,boolq,factual_reading,model_correct,same_domain_other_benchmark,2,tier1,queued,retry_tp2
mistral_small_24b_instruct_2501,boolq,factual_reading,model_correct,same_domain_other_benchmark,4,tier1,queued,retry_tp2
mistral_small_24b_instruct_2501,boolq,factual_reading,model_correct,same_domain_other_benchmark,8,tier1,queued,retry_tp2
mistral_small_24b_instruct_2501,boolq,factual_reading,model_correct,same_domain_other_benchmark,16,tier1,queued,retry_tp2
mistral_small_24b_instruct_2501,boolq,factual_reading,model_correct,same_domain_other_benchmark,32,tier1,queued,retry_tp2
mistral_small_24b_instruct_2501,boolq,factual_reading,model_incorrect,same_domain_other_benchmark,0,tier1,queued,retry_tp2
mistral_small_24b_instruct_2501,boolq,factual_reading,model_incorrect,same_domain_other_benchmark,1,tier1,queued,retry_tp2
mistral_small_24b_instruct_2501,boolq,factual_reading,model_incorrect,same_domain_other_benchmark,2,tier1,queued,retry_tp2
mistral_small_24b_instruct_2501,boolq,factual_reading,model_incorrect,same_domain_other_benchmark,4,tier1,queued,retry_tp2
mistral_small_24b_instruct_2501,boolq,factual_reading,model_incorrect,same_domain_other_benchmark,8,tier1,queued,retry_tp2
mistral_small_24b_instruct_2501,boolq,factual_reading,model_incorrect,same_domain_other_benchmark,16,tier1,queued,retry_tp2
mistral_small_24b_instruct_2501,boolq,factual_reading,model_incorrect,same_domain_other_benchmark,32,tier1,queued,retry_tp2
mistral_small_24b_instruct_2501,boolq,factual_reading,model_correct,cross_domain,0,tier1,queued,retry_tp2
mistral_small_24b_instruct_2501,boolq,factual_reading,model_correct,cross_domain,1,tier1,queued,retry_tp2
mistral_small_24b_instruct_2501,boolq,factual_reading,model_correct,cross_domain,2,tier1,queued,retry_tp2
mistral_small_24b_instruct_2501,boolq,factual_reading,model_correct,cross_domain,4,tier1,queued,retry_tp2
mistral_small_24b_instruct_2501,boolq,factual_reading,model_correct,cross_domain,8,tier1,queued,retry_tp2
mistral_small_24b_instruct_2501,boolq,factual_reading,model_correct,cross_domain,16,tier1,queued,retry_tp2
mistral_small_24b_instruct_2501,boolq,factual_reading,model_correct,cross_domain,32,tier1,queued,retry_tp2
mistral_small_24b_instruct_2501,boolq,factual_reading,model_incorrect,cross_domain,0,tier1,queued,retry_tp2
mistral_small_24b_instruct_2501,boolq,factual_reading,model_incorrect,cross_domain,1,tier1,queued,retry_tp2
mistral_small_24b_instruct_2501,boolq,factual_reading,model_incorrect,cross_domain,2,tier1,queued,retry_tp2
mistral_small_24b_instruct_2501,boolq,factual_reading,model_incorrect,cross_domain,4,tier1,queued,retry_tp2
mistral_small_24b_instruct_2501,boolq,factual_reading,model_incorrect,cross_domain,8,tier1,queued,retry_tp2
mistral_small_24b_instruct_2501,boolq,factual_reading,model_incorrect,cross_domain,16,tier1,queued,retry_tp2
mistral_small_24b_instruct_2501,boolq,factual_reading,model_incorrect,cross_domain,32,tier1,queued,retry_tp2
mistral_small_24b_instruct_2501,truthfulqa_mc,factual_reading,model_correct,same_benchmark,0,tier1,queued,retry_tp2
mistral_small_24b_instruct_2501,truthfulqa_mc,factual_reading,model_correct,same_benchmark,1,tier1,queued,retry_tp2
mistral_small_24b_instruct_2501,truthfulqa_mc,factual_reading,model_correct,same_benchmark,2,tier1,queued,retry_tp2
mistral_small_24b_instruct_2501,truthfulqa_mc,factual_reading,model_correct,same_benchmark,4,tier1,queued,retry_tp2
mistral_small_24b_instruct_2501,truthfulqa_mc,factual_reading,model_correct,same_benchmark,8,tier1,queued,retry_tp2
mistral_small_24b_instruct_2501,truthfulqa_mc,factual_reading,model_correct,same_benchmark,16,tier1,queued,retry_tp2
mistral_small_24b_instruct_2501,truthfulqa_mc,factual_reading,model_correct,same_benchmark,32,tier1,queued,retry_tp2
mistral_small_24b_instruct_2501,truthfulqa_mc,factual_reading,model_incorrect,same_benchmark,0,tier1,queued,retry_tp2
mistral_small_24b_instruct_2501,truthfulqa_mc,factual_reading,model_incorrect,same_benchmark,1,tier1,queued,retry_tp2
mistral_small_24b_instruct_2501,truthfulqa_mc,factual_reading,model_incorrect,same_benchmark,2,tier1,queued,retry_tp2
mistral_small_24b_instruct_2501,truthfulqa_mc,factual_reading,model_incorrect,same_benchmark,4,tier1,queued,retry_tp2
mistral_small_24b_instruct_2501,truthfulqa_mc,factual_reading,model_incorrect,same_benchmark,8,tier1,queued,retry_tp2
mistral_small_24b_instruct_2501,truthfulqa_mc,factual_reading,model_incorrect,same_benchmark,16,tier1,queued,retry_tp2
mistral_small_24b_instruct_2501,truthfulqa_mc,factual_reading,model_incorrect,same_benchmark,32,tier1,queued,retry_tp2
mistral_small_24b_instruct_2501,truthfulqa_mc,factual_reading,model_correct,same_domain_other_benchmark,0,tier1,queued,retry_tp2
mistral_small_24b_instruct_2501,truthfulqa_mc,factual_reading,model_correct,same_domain_other_benchmark,1,tier1,queued,retry_tp2
mistral_small_24b_instruct_2501,truthfulqa_mc,factual_reading,model_correct,same_domain_other_benchmark,2,tier1,queued,retry_tp2
mistral_small_24b_instruct_2501,truthfulqa_mc,factual_reading,model_correct,same_domain_other_benchmark,4,tier1,queued,retry_tp2
mistral_small_24b_instruct_2501,truthfulqa_mc,factual_reading,model_correct,same_domain_other_benchmark,8,tier1,queued,retry_tp2
mistral_small_24b_instruct_2501,truthfulqa_mc,factual_reading,model_correct,same_domain_other_benchmark,16,tier1,queued,retry_tp2
mistral_small_24b_instruct_2501,truthfulqa_mc,factual_reading,model_correct,same_domain_other_benchmark,32,tier1,queued,retry_tp2
mistral_small_24b_instruct_2501,truthfulqa_mc,factual_reading,model_incorrect,same_domain_other_benchmark,0,tier1,queued,retry_tp2
mistral_small_24b_instruct_2501,truthfulqa_mc,factual_reading,model_incorrect,same_domain_other_benchmark,1,tier1,queued,retry_tp2
mistral_small_24b_instruct_2501,truthfulqa_mc,factual_reading,model_incorrect,same_domain_other_benchmark,2,tier1,queued,retry_tp2
mistral_small_24b_instruct_2501,truthfulqa_mc,factual_reading,model_incorrect,same_domain_other_benchmark,4,tier1,queued,retry_tp2
mistral_small_24b_instruct_2501,truthfulqa_mc,factual_reading,model_incorrect,same_domain_other_benchmark,8,tier1,queued,retry_tp2
mistral_small_24b_instruct_2501,truthfulqa_mc,factual_reading,model_incorrect,same_domain_other_benchmark,16,tier1,queued,retry_tp2
mistral_small_24b_instruct_2501,truthfulqa_mc,factual_reading,model_incorrect,same_domain_other_benchmark,32,tier1,queued,retry_tp2
mistral_small_24b_instruct_2501,truthfulqa_mc,factual_reading,model_correct,cross_domain,0,tier1,queued,retry_tp2
mistral_small_24b_instruct_2501,truthfulqa_mc,factual_reading,model_correct,cross_domain,1,tier1,queued,retry_tp2
mistral_small_24b_instruct_2501,truthfulqa_mc,factual_reading,model_correct,cross_domain,2,tier1,queued,retry_tp2
mistral_small_24b_instruct_2501,truthfulqa_mc,factual_reading,model_correct,cross_domain,4,tier1,queued,retry_tp2
mistral_small_24b_instruct_2501,truthfulqa_mc,factual_reading,model_correct,cross_domain,8,tier1,queued,retry_tp2
mistral_small_24b_instruct_2501,truthfulqa_mc,factual_reading,model_correct,cross_domain,16,tier1,queued,retry_tp2
mistral_small_24b_instruct_2501,truthfulqa_mc,factual_reading,model_correct,cross_domain,32,tier1,queued,retry_tp2
mistral_small_24b_instruct_2501,truthfulqa_mc,factual_reading,model_incorrect,cross_domain,0,tier1,queued,retry_tp2
mistral_small_24b_instruct_2501,truthfulqa_mc,factual_reading,model_incorrect,cross_domain,1,tier1,queued,retry_tp2
mistral_small_24b_instruct_2501,truthfulqa_mc,factual_reading,model_incorrect,cross_domain,2,tier1,queued,retry_tp2
mistral_small_24b_instruct_2501,truthfulqa_mc,factual_reading,model_incorrect,cross_domain,4,tier1,queued,retry_tp2
mistral_small_24b_instruct_2501,truthfulqa_mc,factual_reading,model_incorrect,cross_domain,8,tier1,queued,retry_tp2
mistral_small_24b_instruct_2501,truthfulqa_mc,factual_reading,model_incorrect,cross_domain,16,tier1,queued,retry_tp2
mistral_small_24b_instruct_2501,truthfulqa_mc,factual_reading,model_incorrect,cross_domain,32,tier1,queued,retry_tp2
deepseek_r1_distill_qwen_7b,gsm8k,math,model_correct,same_benchmark,0,tier1,queued,bulk_ready
deepseek_r1_distill_qwen_7b,gsm8k,math,model_correct,same_benchmark,1,tier1,queued,bulk_ready
deepseek_r1_distill_qwen_7b,gsm8k,math,model_correct,same_benchmark,2,tier1,queued,bulk_ready
deepseek_r1_distill_qwen_7b,gsm8k,math,model_correct,same_benchmark,4,tier1,queued,bulk_ready
deepseek_r1_distill_qwen_7b,gsm8k,math,model_correct,same_benchmark,8,tier1,queued,bulk_ready
deepseek_r1_distill_qwen_7b,gsm8k,math,model_correct,same_benchmark,16,tier1,queued,bulk_ready
deepseek_r1_distill_qwen_7b,gsm8k,math,model_correct,same_benchmark,32,tier1,queued,bulk_ready
deepseek_r1_distill_qwen_7b,gsm8k,math,model_incorrect,same_benchmark,0,tier1,queued,bulk_ready
deepseek_r1_distill_qwen_7b,gsm8k,math,model_incorrect,same_benchmark,1,tier1,queued,bulk_ready
deepseek_r1_distill_qwen_7b,gsm8k,math,model_incorrect,same_benchmark,2,tier1,queued,bulk_ready
deepseek_r1_distill_qwen_7b,gsm8k,math,model_incorrect,same_benchmark,4,tier1,queued,bulk_ready
deepseek_r1_distill_qwen_7b,gsm8k,math,model_incorrect,same_benchmark,8,tier1,queued,bulk_ready
deepseek_r1_distill_qwen_7b,gsm8k,math,model_incorrect,same_benchmark,16,tier1,queued,bulk_ready
deepseek_r1_distill_qwen_7b,gsm8k,math,model_incorrect,same_benchmark,32,tier1,queued,bulk_ready
deepseek_r1_distill_qwen_7b,gsm8k,math,model_correct,same_domain_other_benchmark,0,tier1,queued,bulk_ready
deepseek_r1_distill_qwen_7b,gsm8k,math,model_correct,same_domain_other_benchmark,1,tier1,queued,bulk_ready
deepseek_r1_distill_qwen_7b,gsm8k,math,model_correct,same_domain_other_benchmark,2,tier1,queued,bulk_ready
deepseek_r1_distill_qwen_7b,gsm8k,math,model_correct,same_domain_other_benchmark,4,tier1,queued,bulk_ready
deepseek_r1_distill_qwen_7b,gsm8k,math,model_correct,same_domain_other_benchmark,8,tier1,queued,bulk_ready
deepseek_r1_distill_qwen_7b,gsm8k,math,model_correct,same_domain_other_benchmark,16,tier1,queued,bulk_ready
deepseek_r1_distill_qwen_7b,gsm8k,math,model_correct,same_domain_other_benchmark,32,tier1,queued,bulk_ready
deepseek_r1_distill_qwen_7b,gsm8k,math,model_incorrect,same_domain_other_benchmark,0,tier1,queued,bulk_ready
deepseek_r1_distill_qwen_7b,gsm8k,math,model_incorrect,same_domain_other_benchmark,1,tier1,queued,bulk_ready
deepseek_r1_distill_qwen_7b,gsm8k,math,model_incorrect,same_domain_other_benchmark,2,tier1,queued,bulk_ready
deepseek_r1_distill_qwen_7b,gsm8k,math,model_incorrect,same_domain_other_benchmark,4,tier1,queued,bulk_ready
deepseek_r1_distill_qwen_7b,gsm8k,math,model_incorrect,same_domain_other_benchmark,8,tier1,queued,bulk_ready
deepseek_r1_distill_qwen_7b,gsm8k,math,model_incorrect,same_domain_other_benchmark,16,tier1,queued,bulk_ready
deepseek_r1_distill_qwen_7b,gsm8k,math,model_incorrect,same_domain_other_benchmark,32,tier1,queued,bulk_ready
deepseek_r1_distill_qwen_7b,gsm8k,math,model_correct,cross_domain,0,tier1,queued,bulk_ready
deepseek_r1_distill_qwen_7b,gsm8k,math,model_correct,cross_domain,1,tier1,queued,bulk_ready
deepseek_r1_distill_qwen_7b,gsm8k,math,model_correct,cross_domain,2,tier1,queued,bulk_ready
deepseek_r1_distill_qwen_7b,gsm8k,math,model_correct,cross_domain,4,tier1,queued,bulk_ready
deepseek_r1_distill_qwen_7b,gsm8k,math,model_correct,cross_domain,8,tier1,queued,bulk_ready
deepseek_r1_distill_qwen_7b,gsm8k,math,model_correct,cross_domain,16,tier1,queued,bulk_ready
deepseek_r1_distill_qwen_7b,gsm8k,math,model_correct,cross_domain,32,tier1,queued,bulk_ready
deepseek_r1_distill_qwen_7b,gsm8k,math,model_incorrect,cross_domain,0,tier1,queued,bulk_ready
deepseek_r1_distill_qwen_7b,gsm8k,math,model_incorrect,cross_domain,1,tier1,queued,bulk_ready
deepseek_r1_distill_qwen_7b,gsm8k,math,model_incorrect,cross_domain,2,tier1,queued,bulk_ready
deepseek_r1_distill_qwen_7b,gsm8k,math,model_incorrect,cross_domain,4,tier1,queued,bulk_ready
deepseek_r1_distill_qwen_7b,gsm8k,math,model_incorrect,cross_domain,8,tier1,queued,bulk_ready
deepseek_r1_distill_qwen_7b,gsm8k,math,model_incorrect,cross_domain,16,tier1,queued,bulk_ready
deepseek_r1_distill_qwen_7b,gsm8k,math,model_incorrect,cross_domain,32,tier1,queued,bulk_ready
deepseek_r1_distill_qwen_7b,math500,math,model_correct,same_benchmark,0,tier1,queued,bulk_ready
deepseek_r1_distill_qwen_7b,math500,math,model_correct,same_benchmark,1,tier1,queued,bulk_ready
deepseek_r1_distill_qwen_7b,math500,math,model_correct,same_benchmark,2,tier1,queued,bulk_ready
deepseek_r1_distill_qwen_7b,math500,math,model_correct,same_benchmark,4,tier1,queued,bulk_ready
deepseek_r1_distill_qwen_7b,math500,math,model_correct,same_benchmark,8,tier1,queued,bulk_ready
deepseek_r1_distill_qwen_7b,math500,math,model_correct,same_benchmark,16,tier1,queued,bulk_ready
deepseek_r1_distill_qwen_7b,math500,math,model_correct,same_benchmark,32,tier1,queued,bulk_ready
deepseek_r1_distill_qwen_7b,math500,math,model_incorrect,same_benchmark,0,tier1,queued,bulk_ready
deepseek_r1_distill_qwen_7b,math500,math,model_incorrect,same_benchmark,1,tier1,queued,bulk_ready
deepseek_r1_distill_qwen_7b,math500,math,model_incorrect,same_benchmark,2,tier1,queued,bulk_ready
deepseek_r1_distill_qwen_7b,math500,math,model_incorrect,same_benchmark,4,tier1,queued,bulk_ready
deepseek_r1_distill_qwen_7b,math500,math,model_incorrect,same_benchmark,8,tier1,queued,bulk_ready
deepseek_r1_distill_qwen_7b,math500,math,model_incorrect,same_benchmark,16,tier1,queued,bulk_ready
deepseek_r1_distill_qwen_7b,math500,math,model_incorrect,same_benchmark,32,tier1,queued,bulk_ready
deepseek_r1_distill_qwen_7b,math500,math,model_correct,same_domain_other_benchmark,0,tier1,queued,bulk_ready
deepseek_r1_distill_qwen_7b,math500,math,model_correct,same_domain_other_benchmark,1,tier1,queued,bulk_ready
deepseek_r1_distill_qwen_7b,math500,math,model_correct,same_domain_other_benchmark,2,tier1,queued,bulk_ready
deepseek_r1_distill_qwen_7b,math500,math,model_correct,same_domain_other_benchmark,4,tier1,queued,bulk_ready
deepseek_r1_distill_qwen_7b,math500,math,model_correct,same_domain_other_benchmark,8,tier1,queued,bulk_ready
deepseek_r1_distill_qwen_7b,math500,math,model_correct,same_domain_other_benchmark,16,tier1,queued,bulk_ready
deepseek_r1_distill_qwen_7b,math500,math,model_correct,same_domain_other_benchmark,32,tier1,queued,bulk_ready
deepseek_r1_distill_qwen_7b,math500,math,model_incorrect,same_domain_other_benchmark,0,tier1,queued,bulk_ready
deepseek_r1_distill_qwen_7b,math500,math,model_incorrect,same_domain_other_benchmark,1,tier1,queued,bulk_ready
deepseek_r1_distill_qwen_7b,math500,math,model_incorrect,same_domain_other_benchmark,2,tier1,queued,bulk_ready
deepseek_r1_distill_qwen_7b,math500,math,model_incorrect,same_domain_other_benchmark,4,tier1,queued,bulk_ready
deepseek_r1_distill_qwen_7b,math500,math,model_incorrect,same_domain_other_benchmark,8,tier1,queued,bulk_ready
deepseek_r1_distill_qwen_7b,math500,math,model_incorrect,same_domain_other_benchmark,16,tier1,queued,bulk_ready
deepseek_r1_distill_qwen_7b,math500,math,model_incorrect,same_domain_other_benchmark,32,tier1,queued,bulk_ready
deepseek_r1_distill_qwen_7b,math500,math,model_correct,cross_domain,0,tier1,queued,bulk_ready
deepseek_r1_distill_qwen_7b,math500,math,model_correct,cross_domain,1,tier1,queued,bulk_ready
deepseek_r1_distill_qwen_7b,math500,math,model_correct,cross_domain,2,tier1,queued,bulk_ready
deepseek_r1_distill_qwen_7b,math500,math,model_correct,cross_domain,4,tier1,queued,bulk_ready
deepseek_r1_distill_qwen_7b,math500,math,model_correct,cross_domain,8,tier1,queued,bulk_ready
deepseek_r1_distill_qwen_7b,math500,math,model_correct,cross_domain,16,tier1,queued,bulk_ready
deepseek_r1_distill_qwen_7b,math500,math,model_correct,cross_domain,32,tier1,queued,bulk_ready
deepseek_r1_distill_qwen_7b,math500,math,model_incorrect,cross_domain,0,tier1,queued,bulk_ready
deepseek_r1_distill_qwen_7b,math500,math,model_incorrect,cross_domain,1,tier1,queued,bulk_ready
deepseek_r1_distill_qwen_7b,math500,math,model_incorrect,cross_domain,2,tier1,queued,bulk_ready
deepseek_r1_distill_qwen_7b,math500,math,model_incorrect,cross_domain,4,tier1,queued,bulk_ready
deepseek_r1_distill_qwen_7b,math500,math,model_incorrect,cross_domain,8,tier1,queued,bulk_ready
deepseek_r1_distill_qwen_7b,math500,math,model_incorrect,cross_domain,16,tier1,queued,bulk_ready
deepseek_r1_distill_qwen_7b,math500,math,model_incorrect,cross_domain,32,tier1,queued,bulk_ready
deepseek_r1_distill_qwen_7b,gpqa,science,model_correct,same_benchmark,0,tier1,queued,bulk_ready
deepseek_r1_distill_qwen_7b,gpqa,science,model_correct,same_benchmark,1,tier1,queued,bulk_ready
deepseek_r1_distill_qwen_7b,gpqa,science,model_correct,same_benchmark,2,tier1,queued,bulk_ready
deepseek_r1_distill_qwen_7b,gpqa,science,model_correct,same_benchmark,4,tier1,queued,bulk_ready
deepseek_r1_distill_qwen_7b,gpqa,science,model_correct,same_benchmark,8,tier1,queued,bulk_ready
deepseek_r1_distill_qwen_7b,gpqa,science,model_correct,same_benchmark,16,tier1,queued,bulk_ready
deepseek_r1_distill_qwen_7b,gpqa,science,model_correct,same_benchmark,32,tier1,queued,bulk_ready
deepseek_r1_distill_qwen_7b,gpqa,science,model_incorrect,same_benchmark,0,tier1,queued,bulk_ready
deepseek_r1_distill_qwen_7b,gpqa,science,model_incorrect,same_benchmark,1,tier1,queued,bulk_ready
deepseek_r1_distill_qwen_7b,gpqa,science,model_incorrect,same_benchmark,2,tier1,queued,bulk_ready
deepseek_r1_distill_qwen_7b,gpqa,science,model_incorrect,same_benchmark,4,tier1,queued,bulk_ready
deepseek_r1_distill_qwen_7b,gpqa,science,model_incorrect,same_benchmark,8,tier1,queued,bulk_ready
deepseek_r1_distill_qwen_7b,gpqa,science,model_incorrect,same_benchmark,16,tier1,queued,bulk_ready
deepseek_r1_distill_qwen_7b,gpqa,science,model_incorrect,same_benchmark,32,tier1,queued,bulk_ready
deepseek_r1_distill_qwen_7b,gpqa,science,model_correct,same_domain_other_benchmark,0,tier1,queued,bulk_ready
deepseek_r1_distill_qwen_7b,gpqa,science,model_correct,same_domain_other_benchmark,1,tier1,queued,bulk_ready
deepseek_r1_distill_qwen_7b,gpqa,science,model_correct,same_domain_other_benchmark,2,tier1,queued,bulk_ready
deepseek_r1_distill_qwen_7b,gpqa,science,model_correct,same_domain_other_benchmark,4,tier1,queued,bulk_ready
deepseek_r1_distill_qwen_7b,gpqa,science,model_correct,same_domain_other_benchmark,8,tier1,queued,bulk_ready
deepseek_r1_distill_qwen_7b,gpqa,science,model_correct,same_domain_other_benchmark,16,tier1,queued,bulk_ready
deepseek_r1_distill_qwen_7b,gpqa,science,model_correct,same_domain_other_benchmark,32,tier1,queued,bulk_ready
deepseek_r1_distill_qwen_7b,gpqa,science,model_incorrect,same_domain_other_benchmark,0,tier1,queued,bulk_ready
deepseek_r1_distill_qwen_7b,gpqa,science,model_incorrect,same_domain_other_benchmark,1,tier1,queued,bulk_ready
deepseek_r1_distill_qwen_7b,gpqa,science,model_incorrect,same_domain_other_benchmark,2,tier1,queued,bulk_ready
deepseek_r1_distill_qwen_7b,gpqa,science,model_incorrect,same_domain_other_benchmark,4,tier1,queued,bulk_ready
deepseek_r1_distill_qwen_7b,gpqa,science,model_incorrect,same_domain_other_benchmark,8,tier1,queued,bulk_ready
deepseek_r1_distill_qwen_7b,gpqa,science,model_incorrect,same_domain_other_benchmark,16,tier1,queued,bulk_ready
deepseek_r1_distill_qwen_7b,gpqa,science,model_incorrect,same_domain_other_benchmark,32,tier1,queued,bulk_ready
deepseek_r1_distill_qwen_7b,gpqa,science,model_correct,cross_domain,0,tier1,queued,bulk_ready
deepseek_r1_distill_qwen_7b,gpqa,science,model_correct,cross_domain,1,tier1,queued,bulk_ready
deepseek_r1_distill_qwen_7b,gpqa,science,model_correct,cross_domain,2,tier1,queued,bulk_ready
deepseek_r1_distill_qwen_7b,gpqa,science,model_correct,cross_domain,4,tier1,queued,bulk_ready
deepseek_r1_distill_qwen_7b,gpqa,science,model_correct,cross_domain,8,tier1,queued,bulk_ready
deepseek_r1_distill_qwen_7b,gpqa,science,model_correct,cross_domain,16,tier1,queued,bulk_ready
deepseek_r1_distill_qwen_7b,gpqa,science,model_correct,cross_domain,32,tier1,queued,bulk_ready
deepseek_r1_distill_qwen_7b,gpqa,science,model_incorrect,cross_domain,0,tier1,queued,bulk_ready
deepseek_r1_distill_qwen_7b,gpqa,science,model_incorrect,cross_domain,1,tier1,queued,bulk_ready
deepseek_r1_distill_qwen_7b,gpqa,science,model_incorrect,cross_domain,2,tier1,queued,bulk_ready
deepseek_r1_distill_qwen_7b,gpqa,science,model_incorrect,cross_domain,4,tier1,queued,bulk_ready
deepseek_r1_distill_qwen_7b,gpqa,science,model_incorrect,cross_domain,8,tier1,queued,bulk_ready
deepseek_r1_distill_qwen_7b,gpqa,science,model_incorrect,cross_domain,16,tier1,queued,bulk_ready
deepseek_r1_distill_qwen_7b,gpqa,science,model_incorrect,cross_domain,32,tier1,queued,bulk_ready
deepseek_r1_distill_qwen_7b,arc_challenge,science,model_correct,same_benchmark,0,tier1,queued,bulk_ready
deepseek_r1_distill_qwen_7b,arc_challenge,science,model_correct,same_benchmark,1,tier1,queued,bulk_ready
deepseek_r1_distill_qwen_7b,arc_challenge,science,model_correct,same_benchmark,2,tier1,queued,bulk_ready
deepseek_r1_distill_qwen_7b,arc_challenge,science,model_correct,same_benchmark,4,tier1,queued,bulk_ready
deepseek_r1_distill_qwen_7b,arc_challenge,science,model_correct,same_benchmark,8,tier1,queued,bulk_ready
deepseek_r1_distill_qwen_7b,arc_challenge,science,model_correct,same_benchmark,16,tier1,queued,bulk_ready
deepseek_r1_distill_qwen_7b,arc_challenge,science,model_correct,same_benchmark,32,tier1,queued,bulk_ready
deepseek_r1_distill_qwen_7b,arc_challenge,science,model_incorrect,same_benchmark,0,tier1,queued,bulk_ready
deepseek_r1_distill_qwen_7b,arc_challenge,science,model_incorrect,same_benchmark,1,tier1,queued,bulk_ready
deepseek_r1_distill_qwen_7b,arc_challenge,science,model_incorrect,same_benchmark,2,tier1,queued,bulk_ready
deepseek_r1_distill_qwen_7b,arc_challenge,science,model_incorrect,same_benchmark,4,tier1,queued,bulk_ready
deepseek_r1_distill_qwen_7b,arc_challenge,science,model_incorrect,same_benchmark,8,tier1,queued,bulk_ready
deepseek_r1_distill_qwen_7b,arc_challenge,science,model_incorrect,same_benchmark,16,tier1,queued,bulk_ready
deepseek_r1_distill_qwen_7b,arc_challenge,science,model_incorrect,same_benchmark,32,tier1,queued,bulk_ready
deepseek_r1_distill_qwen_7b,arc_challenge,science,model_correct,same_domain_other_benchmark,0,tier1,queued,bulk_ready
deepseek_r1_distill_qwen_7b,arc_challenge,science,model_correct,same_domain_other_benchmark,1,tier1,queued,bulk_ready
deepseek_r1_distill_qwen_7b,arc_challenge,science,model_correct,same_domain_other_benchmark,2,tier1,queued,bulk_ready
deepseek_r1_distill_qwen_7b,arc_challenge,science,model_correct,same_domain_other_benchmark,4,tier1,queued,bulk_ready
deepseek_r1_distill_qwen_7b,arc_challenge,science,model_correct,same_domain_other_benchmark,8,tier1,queued,bulk_ready
deepseek_r1_distill_qwen_7b,arc_challenge,science,model_correct,same_domain_other_benchmark,16,tier1,queued,bulk_ready
deepseek_r1_distill_qwen_7b,arc_challenge,science,model_correct,same_domain_other_benchmark,32,tier1,queued,bulk_ready
deepseek_r1_distill_qwen_7b,arc_challenge,science,model_incorrect,same_domain_other_benchmark,0,tier1,queued,bulk_ready
deepseek_r1_distill_qwen_7b,arc_challenge,science,model_incorrect,same_domain_other_benchmark,1,tier1,queued,bulk_ready
deepseek_r1_distill_qwen_7b,arc_challenge,science,model_incorrect,same_domain_other_benchmark,2,tier1,queued,bulk_ready
deepseek_r1_distill_qwen_7b,arc_challenge,science,model_incorrect,same_domain_other_benchmark,4,tier1,queued,bulk_ready
deepseek_r1_distill_qwen_7b,arc_challenge,science,model_incorrect,same_domain_other_benchmark,8,tier1,queued,bulk_ready
deepseek_r1_distill_qwen_7b,arc_challenge,science,model_incorrect,same_domain_other_benchmark,16,tier1,queued,bulk_ready
deepseek_r1_distill_qwen_7b,arc_challenge,science,model_incorrect,same_domain_other_benchmark,32,tier1,queued,bulk_ready
deepseek_r1_distill_qwen_7b,arc_challenge,science,model_correct,cross_domain,0,tier1,queued,bulk_ready
deepseek_r1_distill_qwen_7b,arc_challenge,science,model_correct,cross_domain,1,tier1,queued,bulk_ready
deepseek_r1_distill_qwen_7b,arc_challenge,science,model_correct,cross_domain,2,tier1,queued,bulk_ready
deepseek_r1_distill_qwen_7b,arc_challenge,science,model_correct,cross_domain,4,tier1,queued,bulk_ready
deepseek_r1_distill_qwen_7b,arc_challenge,science,model_correct,cross_domain,8,tier1,queued,bulk_ready
deepseek_r1_distill_qwen_7b,arc_challenge,science,model_correct,cross_domain,16,tier1,queued,bulk_ready
deepseek_r1_distill_qwen_7b,arc_challenge,science,model_correct,cross_domain,32,tier1,queued,bulk_ready
deepseek_r1_distill_qwen_7b,arc_challenge,science,model_incorrect,cross_domain,0,tier1,queued,bulk_ready
deepseek_r1_distill_qwen_7b,arc_challenge,science,model_incorrect,cross_domain,1,tier1,queued,bulk_ready
deepseek_r1_distill_qwen_7b,arc_challenge,science,model_incorrect,cross_domain,2,tier1,queued,bulk_ready
deepseek_r1_distill_qwen_7b,arc_challenge,science,model_incorrect,cross_domain,4,tier1,queued,bulk_ready
deepseek_r1_distill_qwen_7b,arc_challenge,science,model_incorrect,cross_domain,8,tier1,queued,bulk_ready
deepseek_r1_distill_qwen_7b,arc_challenge,science,model_incorrect,cross_domain,16,tier1,queued,bulk_ready
deepseek_r1_distill_qwen_7b,arc_challenge,science,model_incorrect,cross_domain,32,tier1,queued,bulk_ready
deepseek_r1_distill_qwen_7b,mmlu_pro,general_knowledge,model_correct,same_benchmark,0,tier1,queued,bulk_ready
deepseek_r1_distill_qwen_7b,mmlu_pro,general_knowledge,model_correct,same_benchmark,1,tier1,queued,bulk_ready
deepseek_r1_distill_qwen_7b,mmlu_pro,general_knowledge,model_correct,same_benchmark,2,tier1,queued,bulk_ready
deepseek_r1_distill_qwen_7b,mmlu_pro,general_knowledge,model_correct,same_benchmark,4,tier1,queued,bulk_ready
deepseek_r1_distill_qwen_7b,mmlu_pro,general_knowledge,model_correct,same_benchmark,8,tier1,queued,bulk_ready
deepseek_r1_distill_qwen_7b,mmlu_pro,general_knowledge,model_correct,same_benchmark,16,tier1,queued,bulk_ready
deepseek_r1_distill_qwen_7b,mmlu_pro,general_knowledge,model_correct,same_benchmark,32,tier1,queued,bulk_ready
deepseek_r1_distill_qwen_7b,mmlu_pro,general_knowledge,model_incorrect,same_benchmark,0,tier1,queued,bulk_ready
deepseek_r1_distill_qwen_7b,mmlu_pro,general_knowledge,model_incorrect,same_benchmark,1,tier1,queued,bulk_ready
deepseek_r1_distill_qwen_7b,mmlu_pro,general_knowledge,model_incorrect,same_benchmark,2,tier1,queued,bulk_ready
deepseek_r1_distill_qwen_7b,mmlu_pro,general_knowledge,model_incorrect,same_benchmark,4,tier1,queued,bulk_ready
deepseek_r1_distill_qwen_7b,mmlu_pro,general_knowledge,model_incorrect,same_benchmark,8,tier1,queued,bulk_ready
deepseek_r1_distill_qwen_7b,mmlu_pro,general_knowledge,model_incorrect,same_benchmark,16,tier1,queued,bulk_ready
deepseek_r1_distill_qwen_7b,mmlu_pro,general_knowledge,model_incorrect,same_benchmark,32,tier1,queued,bulk_ready
deepseek_r1_distill_qwen_7b,mmlu_pro,general_knowledge,model_correct,same_domain_other_benchmark,0,tier1,queued,bulk_ready
deepseek_r1_distill_qwen_7b,mmlu_pro,general_knowledge,model_correct,same_domain_other_benchmark,1,tier1,queued,bulk_ready
deepseek_r1_distill_qwen_7b,mmlu_pro,general_knowledge,model_correct,same_domain_other_benchmark,2,tier1,queued,bulk_ready
deepseek_r1_distill_qwen_7b,mmlu_pro,general_knowledge,model_correct,same_domain_other_benchmark,4,tier1,queued,bulk_ready
deepseek_r1_distill_qwen_7b,mmlu_pro,general_knowledge,model_correct,same_domain_other_benchmark,8,tier1,queued,bulk_ready
deepseek_r1_distill_qwen_7b,mmlu_pro,general_knowledge,model_correct,same_domain_other_benchmark,16,tier1,queued,bulk_ready
deepseek_r1_distill_qwen_7b,mmlu_pro,general_knowledge,model_correct,same_domain_other_benchmark,32,tier1,queued,bulk_ready
deepseek_r1_distill_qwen_7b,mmlu_pro,general_knowledge,model_incorrect,same_domain_other_benchmark,0,tier1,queued,bulk_ready
deepseek_r1_distill_qwen_7b,mmlu_pro,general_knowledge,model_incorrect,same_domain_other_benchmark,1,tier1,queued,bulk_ready
deepseek_r1_distill_qwen_7b,mmlu_pro,general_knowledge,model_incorrect,same_domain_other_benchmark,2,tier1,queued,bulk_ready
deepseek_r1_distill_qwen_7b,mmlu_pro,general_knowledge,model_incorrect,same_domain_other_benchmark,4,tier1,queued,bulk_ready
deepseek_r1_distill_qwen_7b,mmlu_pro,general_knowledge,model_incorrect,same_domain_other_benchmark,8,tier1,queued,bulk_ready
deepseek_r1_distill_qwen_7b,mmlu_pro,general_knowledge,model_incorrect,same_domain_other_benchmark,16,tier1,queued,bulk_ready
deepseek_r1_distill_qwen_7b,mmlu_pro,general_knowledge,model_incorrect,same_domain_other_benchmark,32,tier1,queued,bulk_ready
deepseek_r1_distill_qwen_7b,mmlu_pro,general_knowledge,model_correct,cross_domain,0,tier1,queued,bulk_ready
deepseek_r1_distill_qwen_7b,mmlu_pro,general_knowledge,model_correct,cross_domain,1,tier1,queued,bulk_ready
deepseek_r1_distill_qwen_7b,mmlu_pro,general_knowledge,model_correct,cross_domain,2,tier1,queued,bulk_ready
deepseek_r1_distill_qwen_7b,mmlu_pro,general_knowledge,model_correct,cross_domain,4,tier1,queued,bulk_ready
deepseek_r1_distill_qwen_7b,mmlu_pro,general_knowledge,model_correct,cross_domain,8,tier1,queued,bulk_ready
deepseek_r1_distill_qwen_7b,mmlu_pro,general_knowledge,model_correct,cross_domain,16,tier1,queued,bulk_ready
deepseek_r1_distill_qwen_7b,mmlu_pro,general_knowledge,model_correct,cross_domain,32,tier1,queued,bulk_ready
deepseek_r1_distill_qwen_7b,mmlu_pro,general_knowledge,model_incorrect,cross_domain,0,tier1,queued,bulk_ready
deepseek_r1_distill_qwen_7b,mmlu_pro,general_knowledge,model_incorrect,cross_domain,1,tier1,queued,bulk_ready
deepseek_r1_distill_qwen_7b,mmlu_pro,general_knowledge,model_incorrect,cross_domain,2,tier1,queued,bulk_ready
deepseek_r1_distill_qwen_7b,mmlu_pro,general_knowledge,model_incorrect,cross_domain,4,tier1,queued,bulk_ready
deepseek_r1_distill_qwen_7b,mmlu_pro,general_knowledge,model_incorrect,cross_domain,8,tier1,queued,bulk_ready
deepseek_r1_distill_qwen_7b,mmlu_pro,general_knowledge,model_incorrect,cross_domain,16,tier1,queued,bulk_ready
deepseek_r1_distill_qwen_7b,mmlu_pro,general_knowledge,model_incorrect,cross_domain,32,tier1,queued,bulk_ready
deepseek_r1_distill_qwen_7b,mmlu_redux_2,general_knowledge,model_correct,same_benchmark,0,tier1,queued,bulk_ready
deepseek_r1_distill_qwen_7b,mmlu_redux_2,general_knowledge,model_correct,same_benchmark,1,tier1,queued,bulk_ready
deepseek_r1_distill_qwen_7b,mmlu_redux_2,general_knowledge,model_correct,same_benchmark,2,tier1,queued,bulk_ready
deepseek_r1_distill_qwen_7b,mmlu_redux_2,general_knowledge,model_correct,same_benchmark,4,tier1,queued,bulk_ready
deepseek_r1_distill_qwen_7b,mmlu_redux_2,general_knowledge,model_correct,same_benchmark,8,tier1,queued,bulk_ready
deepseek_r1_distill_qwen_7b,mmlu_redux_2,general_knowledge,model_correct,same_benchmark,16,tier1,queued,bulk_ready
deepseek_r1_distill_qwen_7b,mmlu_redux_2,general_knowledge,model_correct,same_benchmark,32,tier1,queued,bulk_ready
deepseek_r1_distill_qwen_7b,mmlu_redux_2,general_knowledge,model_incorrect,same_benchmark,0,tier1,queued,bulk_ready
deepseek_r1_distill_qwen_7b,mmlu_redux_2,general_knowledge,model_incorrect,same_benchmark,1,tier1,queued,bulk_ready
deepseek_r1_distill_qwen_7b,mmlu_redux_2,general_knowledge,model_incorrect,same_benchmark,2,tier1,queued,bulk_ready
deepseek_r1_distill_qwen_7b,mmlu_redux_2,general_knowledge,model_incorrect,same_benchmark,4,tier1,queued,bulk_ready
deepseek_r1_distill_qwen_7b,mmlu_redux_2,general_knowledge,model_incorrect,same_benchmark,8,tier1,queued,bulk_ready
deepseek_r1_distill_qwen_7b,mmlu_redux_2,general_knowledge,model_incorrect,same_benchmark,16,tier1,queued,bulk_ready
deepseek_r1_distill_qwen_7b,mmlu_redux_2,general_knowledge,model_incorrect,same_benchmark,32,tier1,queued,bulk_ready
deepseek_r1_distill_qwen_7b,mmlu_redux_2,general_knowledge,model_correct,same_domain_other_benchmark,0,tier1,queued,bulk_ready
deepseek_r1_distill_qwen_7b,mmlu_redux_2,general_knowledge,model_correct,same_domain_other_benchmark,1,tier1,queued,bulk_ready
deepseek_r1_distill_qwen_7b,mmlu_redux_2,general_knowledge,model_correct,same_domain_other_benchmark,2,tier1,queued,bulk_ready
deepseek_r1_distill_qwen_7b,mmlu_redux_2,general_knowledge,model_correct,same_domain_other_benchmark,4,tier1,queued,bulk_ready
deepseek_r1_distill_qwen_7b,mmlu_redux_2,general_knowledge,model_correct,same_domain_other_benchmark,8,tier1,queued,bulk_ready
deepseek_r1_distill_qwen_7b,mmlu_redux_2,general_knowledge,model_correct,same_domain_other_benchmark,16,tier1,queued,bulk_ready
deepseek_r1_distill_qwen_7b,mmlu_redux_2,general_knowledge,model_correct,same_domain_other_benchmark,32,tier1,queued,bulk_ready
deepseek_r1_distill_qwen_7b,mmlu_redux_2,general_knowledge,model_incorrect,same_domain_other_benchmark,0,tier1,queued,bulk_ready
deepseek_r1_distill_qwen_7b,mmlu_redux_2,general_knowledge,model_incorrect,same_domain_other_benchmark,1,tier1,queued,bulk_ready
deepseek_r1_distill_qwen_7b,mmlu_redux_2,general_knowledge,model_incorrect,same_domain_other_benchmark,2,tier1,queued,bulk_ready
deepseek_r1_distill_qwen_7b,mmlu_redux_2,general_knowledge,model_incorrect,same_domain_other_benchmark,4,tier1,queued,bulk_ready
deepseek_r1_distill_qwen_7b,mmlu_redux_2,general_knowledge,model_incorrect,same_domain_other_benchmark,8,tier1,queued,bulk_ready
deepseek_r1_distill_qwen_7b,mmlu_redux_2,general_knowledge,model_incorrect,same_domain_other_benchmark,16,tier1,queued,bulk_ready
deepseek_r1_distill_qwen_7b,mmlu_redux_2,general_knowledge,model_incorrect,same_domain_other_benchmark,32,tier1,queued,bulk_ready
deepseek_r1_distill_qwen_7b,mmlu_redux_2,general_knowledge,model_correct,cross_domain,0,tier1,queued,bulk_ready
deepseek_r1_distill_qwen_7b,mmlu_redux_2,general_knowledge,model_correct,cross_domain,1,tier1,queued,bulk_ready
deepseek_r1_distill_qwen_7b,mmlu_redux_2,general_knowledge,model_correct,cross_domain,2,tier1,queued,bulk_ready
deepseek_r1_distill_qwen_7b,mmlu_redux_2,general_knowledge,model_correct,cross_domain,4,tier1,queued,bulk_ready
deepseek_r1_distill_qwen_7b,mmlu_redux_2,general_knowledge,model_correct,cross_domain,8,tier1,queued,bulk_ready
deepseek_r1_distill_qwen_7b,mmlu_redux_2,general_knowledge,model_correct,cross_domain,16,tier1,queued,bulk_ready
deepseek_r1_distill_qwen_7b,mmlu_redux_2,general_knowledge,model_correct,cross_domain,32,tier1,queued,bulk_ready
deepseek_r1_distill_qwen_7b,mmlu_redux_2,general_knowledge,model_incorrect,cross_domain,0,tier1,queued,bulk_ready
deepseek_r1_distill_qwen_7b,mmlu_redux_2,general_knowledge,model_incorrect,cross_domain,1,tier1,queued,bulk_ready
deepseek_r1_distill_qwen_7b,mmlu_redux_2,general_knowledge,model_incorrect,cross_domain,2,tier1,queued,bulk_ready
deepseek_r1_distill_qwen_7b,mmlu_redux_2,general_knowledge,model_incorrect,cross_domain,4,tier1,queued,bulk_ready
deepseek_r1_distill_qwen_7b,mmlu_redux_2,general_knowledge,model_incorrect,cross_domain,8,tier1,queued,bulk_ready
deepseek_r1_distill_qwen_7b,mmlu_redux_2,general_knowledge,model_incorrect,cross_domain,16,tier1,queued,bulk_ready
deepseek_r1_distill_qwen_7b,mmlu_redux_2,general_knowledge,model_incorrect,cross_domain,32,tier1,queued,bulk_ready
deepseek_r1_distill_qwen_7b,hellaswag,commonsense,model_correct,same_benchmark,0,tier1,queued,bulk_ready
deepseek_r1_distill_qwen_7b,hellaswag,commonsense,model_correct,same_benchmark,1,tier1,queued,bulk_ready
deepseek_r1_distill_qwen_7b,hellaswag,commonsense,model_correct,same_benchmark,2,tier1,queued,bulk_ready
deepseek_r1_distill_qwen_7b,hellaswag,commonsense,model_correct,same_benchmark,4,tier1,queued,bulk_ready
deepseek_r1_distill_qwen_7b,hellaswag,commonsense,model_correct,same_benchmark,8,tier1,queued,bulk_ready
deepseek_r1_distill_qwen_7b,hellaswag,commonsense,model_correct,same_benchmark,16,tier1,queued,bulk_ready
deepseek_r1_distill_qwen_7b,hellaswag,commonsense,model_correct,same_benchmark,32,tier1,queued,bulk_ready
deepseek_r1_distill_qwen_7b,hellaswag,commonsense,model_incorrect,same_benchmark,0,tier1,queued,bulk_ready
deepseek_r1_distill_qwen_7b,hellaswag,commonsense,model_incorrect,same_benchmark,1,tier1,queued,bulk_ready
deepseek_r1_distill_qwen_7b,hellaswag,commonsense,model_incorrect,same_benchmark,2,tier1,queued,bulk_ready
deepseek_r1_distill_qwen_7b,hellaswag,commonsense,model_incorrect,same_benchmark,4,tier1,queued,bulk_ready
deepseek_r1_distill_qwen_7b,hellaswag,commonsense,model_incorrect,same_benchmark,8,tier1,queued,bulk_ready
deepseek_r1_distill_qwen_7b,hellaswag,commonsense,model_incorrect,same_benchmark,16,tier1,queued,bulk_ready
deepseek_r1_distill_qwen_7b,hellaswag,commonsense,model_incorrect,same_benchmark,32,tier1,queued,bulk_ready
deepseek_r1_distill_qwen_7b,hellaswag,commonsense,model_correct,same_domain_other_benchmark,0,tier1,queued,bulk_ready
deepseek_r1_distill_qwen_7b,hellaswag,commonsense,model_correct,same_domain_other_benchmark,1,tier1,queued,bulk_ready
deepseek_r1_distill_qwen_7b,hellaswag,commonsense,model_correct,same_domain_other_benchmark,2,tier1,queued,bulk_ready
deepseek_r1_distill_qwen_7b,hellaswag,commonsense,model_correct,same_domain_other_benchmark,4,tier1,queued,bulk_ready
deepseek_r1_distill_qwen_7b,hellaswag,commonsense,model_correct,same_domain_other_benchmark,8,tier1,queued,bulk_ready
deepseek_r1_distill_qwen_7b,hellaswag,commonsense,model_correct,same_domain_other_benchmark,16,tier1,queued,bulk_ready
deepseek_r1_distill_qwen_7b,hellaswag,commonsense,model_correct,same_domain_other_benchmark,32,tier1,queued,bulk_ready
deepseek_r1_distill_qwen_7b,hellaswag,commonsense,model_incorrect,same_domain_other_benchmark,0,tier1,queued,bulk_ready
deepseek_r1_distill_qwen_7b,hellaswag,commonsense,model_incorrect,same_domain_other_benchmark,1,tier1,queued,bulk_ready
deepseek_r1_distill_qwen_7b,hellaswag,commonsense,model_incorrect,same_domain_other_benchmark,2,tier1,queued,bulk_ready
deepseek_r1_distill_qwen_7b,hellaswag,commonsense,model_incorrect,same_domain_other_benchmark,4,tier1,queued,bulk_ready
deepseek_r1_distill_qwen_7b,hellaswag,commonsense,model_incorrect,same_domain_other_benchmark,8,tier1,queued,bulk_ready
deepseek_r1_distill_qwen_7b,hellaswag,commonsense,model_incorrect,same_domain_other_benchmark,16,tier1,queued,bulk_ready
deepseek_r1_distill_qwen_7b,hellaswag,commonsense,model_incorrect,same_domain_other_benchmark,32,tier1,queued,bulk_ready
deepseek_r1_distill_qwen_7b,hellaswag,commonsense,model_correct,cross_domain,0,tier1,queued,bulk_ready
deepseek_r1_distill_qwen_7b,hellaswag,commonsense,model_correct,cross_domain,1,tier1,queued,bulk_ready
deepseek_r1_distill_qwen_7b,hellaswag,commonsense,model_correct,cross_domain,2,tier1,queued,bulk_ready
deepseek_r1_distill_qwen_7b,hellaswag,commonsense,model_correct,cross_domain,4,tier1,queued,bulk_ready
deepseek_r1_distill_qwen_7b,hellaswag,commonsense,model_correct,cross_domain,8,tier1,queued,bulk_ready
deepseek_r1_distill_qwen_7b,hellaswag,commonsense,model_correct,cross_domain,16,tier1,queued,bulk_ready
deepseek_r1_distill_qwen_7b,hellaswag,commonsense,model_correct,cross_domain,32,tier1,queued,bulk_ready
deepseek_r1_distill_qwen_7b,hellaswag,commonsense,model_incorrect,cross_domain,0,tier1,queued,bulk_ready
deepseek_r1_distill_qwen_7b,hellaswag,commonsense,model_incorrect,cross_domain,1,tier1,queued,bulk_ready
deepseek_r1_distill_qwen_7b,hellaswag,commonsense,model_incorrect,cross_domain,2,tier1,queued,bulk_ready
deepseek_r1_distill_qwen_7b,hellaswag,commonsense,model_incorrect,cross_domain,4,tier1,queued,bulk_ready
deepseek_r1_distill_qwen_7b,hellaswag,commonsense,model_incorrect,cross_domain,8,tier1,queued,bulk_ready
deepseek_r1_distill_qwen_7b,hellaswag,commonsense,model_incorrect,cross_domain,16,tier1,queued,bulk_ready
deepseek_r1_distill_qwen_7b,hellaswag,commonsense,model_incorrect,cross_domain,32,tier1,queued,bulk_ready
deepseek_r1_distill_qwen_7b,piqa,commonsense,model_correct,same_benchmark,0,tier1,queued,bulk_ready
deepseek_r1_distill_qwen_7b,piqa,commonsense,model_correct,same_benchmark,1,tier1,queued,bulk_ready
deepseek_r1_distill_qwen_7b,piqa,commonsense,model_correct,same_benchmark,2,tier1,queued,bulk_ready
deepseek_r1_distill_qwen_7b,piqa,commonsense,model_correct,same_benchmark,4,tier1,queued,bulk_ready
deepseek_r1_distill_qwen_7b,piqa,commonsense,model_correct,same_benchmark,8,tier1,queued,bulk_ready
deepseek_r1_distill_qwen_7b,piqa,commonsense,model_correct,same_benchmark,16,tier1,queued,bulk_ready
deepseek_r1_distill_qwen_7b,piqa,commonsense,model_correct,same_benchmark,32,tier1,queued,bulk_ready
deepseek_r1_distill_qwen_7b,piqa,commonsense,model_incorrect,same_benchmark,0,tier1,queued,bulk_ready
deepseek_r1_distill_qwen_7b,piqa,commonsense,model_incorrect,same_benchmark,1,tier1,queued,bulk_ready
deepseek_r1_distill_qwen_7b,piqa,commonsense,model_incorrect,same_benchmark,2,tier1,queued,bulk_ready
deepseek_r1_distill_qwen_7b,piqa,commonsense,model_incorrect,same_benchmark,4,tier1,queued,bulk_ready
deepseek_r1_distill_qwen_7b,piqa,commonsense,model_incorrect,same_benchmark,8,tier1,queued,bulk_ready
deepseek_r1_distill_qwen_7b,piqa,commonsense,model_incorrect,same_benchmark,16,tier1,queued,bulk_ready
deepseek_r1_distill_qwen_7b,piqa,commonsense,model_incorrect,same_benchmark,32,tier1,queued,bulk_ready
deepseek_r1_distill_qwen_7b,piqa,commonsense,model_correct,same_domain_other_benchmark,0,tier1,queued,bulk_ready
deepseek_r1_distill_qwen_7b,piqa,commonsense,model_correct,same_domain_other_benchmark,1,tier1,queued,bulk_ready
deepseek_r1_distill_qwen_7b,piqa,commonsense,model_correct,same_domain_other_benchmark,2,tier1,queued,bulk_ready
deepseek_r1_distill_qwen_7b,piqa,commonsense,model_correct,same_domain_other_benchmark,4,tier1,queued,bulk_ready
deepseek_r1_distill_qwen_7b,piqa,commonsense,model_correct,same_domain_other_benchmark,8,tier1,queued,bulk_ready
deepseek_r1_distill_qwen_7b,piqa,commonsense,model_correct,same_domain_other_benchmark,16,tier1,queued,bulk_ready
deepseek_r1_distill_qwen_7b,piqa,commonsense,model_correct,same_domain_other_benchmark,32,tier1,queued,bulk_ready
deepseek_r1_distill_qwen_7b,piqa,commonsense,model_incorrect,same_domain_other_benchmark,0,tier1,queued,bulk_ready
deepseek_r1_distill_qwen_7b,piqa,commonsense,model_incorrect,same_domain_other_benchmark,1,tier1,queued,bulk_ready
deepseek_r1_distill_qwen_7b,piqa,commonsense,model_incorrect,same_domain_other_benchmark,2,tier1,queued,bulk_ready
deepseek_r1_distill_qwen_7b,piqa,commonsense,model_incorrect,same_domain_other_benchmark,4,tier1,queued,bulk_ready
deepseek_r1_distill_qwen_7b,piqa,commonsense,model_incorrect,same_domain_other_benchmark,8,tier1,queued,bulk_ready
deepseek_r1_distill_qwen_7b,piqa,commonsense,model_incorrect,same_domain_other_benchmark,16,tier1,queued,bulk_ready
deepseek_r1_distill_qwen_7b,piqa,commonsense,model_incorrect,same_domain_other_benchmark,32,tier1,queued,bulk_ready
deepseek_r1_distill_qwen_7b,piqa,commonsense,model_correct,cross_domain,0,tier1,queued,bulk_ready
deepseek_r1_distill_qwen_7b,piqa,commonsense,model_correct,cross_domain,1,tier1,queued,bulk_ready
deepseek_r1_distill_qwen_7b,piqa,commonsense,model_correct,cross_domain,2,tier1,queued,bulk_ready
deepseek_r1_distill_qwen_7b,piqa,commonsense,model_correct,cross_domain,4,tier1,queued,bulk_ready
deepseek_r1_distill_qwen_7b,piqa,commonsense,model_correct,cross_domain,8,tier1,queued,bulk_ready
deepseek_r1_distill_qwen_7b,piqa,commonsense,model_correct,cross_domain,16,tier1,queued,bulk_ready
deepseek_r1_distill_qwen_7b,piqa,commonsense,model_correct,cross_domain,32,tier1,queued,bulk_ready
deepseek_r1_distill_qwen_7b,piqa,commonsense,model_incorrect,cross_domain,0,tier1,queued,bulk_ready
deepseek_r1_distill_qwen_7b,piqa,commonsense,model_incorrect,cross_domain,1,tier1,queued,bulk_ready
deepseek_r1_distill_qwen_7b,piqa,commonsense,model_incorrect,cross_domain,2,tier1,queued,bulk_ready
deepseek_r1_distill_qwen_7b,piqa,commonsense,model_incorrect,cross_domain,4,tier1,queued,bulk_ready
deepseek_r1_distill_qwen_7b,piqa,commonsense,model_incorrect,cross_domain,8,tier1,queued,bulk_ready
deepseek_r1_distill_qwen_7b,piqa,commonsense,model_incorrect,cross_domain,16,tier1,queued,bulk_ready
deepseek_r1_distill_qwen_7b,piqa,commonsense,model_incorrect,cross_domain,32,tier1,queued,bulk_ready
deepseek_r1_distill_qwen_7b,boolq,factual_reading,model_correct,same_benchmark,0,tier1,queued,bulk_ready
deepseek_r1_distill_qwen_7b,boolq,factual_reading,model_correct,same_benchmark,1,tier1,queued,bulk_ready
deepseek_r1_distill_qwen_7b,boolq,factual_reading,model_correct,same_benchmark,2,tier1,queued,bulk_ready
deepseek_r1_distill_qwen_7b,boolq,factual_reading,model_correct,same_benchmark,4,tier1,queued,bulk_ready
deepseek_r1_distill_qwen_7b,boolq,factual_reading,model_correct,same_benchmark,8,tier1,queued,bulk_ready
deepseek_r1_distill_qwen_7b,boolq,factual_reading,model_correct,same_benchmark,16,tier1,queued,bulk_ready
deepseek_r1_distill_qwen_7b,boolq,factual_reading,model_correct,same_benchmark,32,tier1,queued,bulk_ready
deepseek_r1_distill_qwen_7b,boolq,factual_reading,model_incorrect,same_benchmark,0,tier1,queued,bulk_ready
deepseek_r1_distill_qwen_7b,boolq,factual_reading,model_incorrect,same_benchmark,1,tier1,queued,bulk_ready
deepseek_r1_distill_qwen_7b,boolq,factual_reading,model_incorrect,same_benchmark,2,tier1,queued,bulk_ready
deepseek_r1_distill_qwen_7b,boolq,factual_reading,model_incorrect,same_benchmark,4,tier1,queued,bulk_ready
deepseek_r1_distill_qwen_7b,boolq,factual_reading,model_incorrect,same_benchmark,8,tier1,queued,bulk_ready
deepseek_r1_distill_qwen_7b,boolq,factual_reading,model_incorrect,same_benchmark,16,tier1,queued,bulk_ready
deepseek_r1_distill_qwen_7b,boolq,factual_reading,model_incorrect,same_benchmark,32,tier1,queued,bulk_ready
deepseek_r1_distill_qwen_7b,boolq,factual_reading,model_correct,same_domain_other_benchmark,0,tier1,queued,bulk_ready
deepseek_r1_distill_qwen_7b,boolq,factual_reading,model_correct,same_domain_other_benchmark,1,tier1,queued,bulk_ready
deepseek_r1_distill_qwen_7b,boolq,factual_reading,model_correct,same_domain_other_benchmark,2,tier1,queued,bulk_ready
deepseek_r1_distill_qwen_7b,boolq,factual_reading,model_correct,same_domain_other_benchmark,4,tier1,queued,bulk_ready
deepseek_r1_distill_qwen_7b,boolq,factual_reading,model_correct,same_domain_other_benchmark,8,tier1,queued,bulk_ready
deepseek_r1_distill_qwen_7b,boolq,factual_reading,model_correct,same_domain_other_benchmark,16,tier1,queued,bulk_ready
deepseek_r1_distill_qwen_7b,boolq,factual_reading,model_correct,same_domain_other_benchmark,32,tier1,queued,bulk_ready
deepseek_r1_distill_qwen_7b,boolq,factual_reading,model_incorrect,same_domain_other_benchmark,0,tier1,queued,bulk_ready
deepseek_r1_distill_qwen_7b,boolq,factual_reading,model_incorrect,same_domain_other_benchmark,1,tier1,queued,bulk_ready
deepseek_r1_distill_qwen_7b,boolq,factual_reading,model_incorrect,same_domain_other_benchmark,2,tier1,queued,bulk_ready
deepseek_r1_distill_qwen_7b,boolq,factual_reading,model_incorrect,same_domain_other_benchmark,4,tier1,queued,bulk_ready
deepseek_r1_distill_qwen_7b,boolq,factual_reading,model_incorrect,same_domain_other_benchmark,8,tier1,queued,bulk_ready
deepseek_r1_distill_qwen_7b,boolq,factual_reading,model_incorrect,same_domain_other_benchmark,16,tier1,queued,bulk_ready
deepseek_r1_distill_qwen_7b,boolq,factual_reading,model_incorrect,same_domain_other_benchmark,32,tier1,queued,bulk_ready
deepseek_r1_distill_qwen_7b,boolq,factual_reading,model_correct,cross_domain,0,tier1,queued,bulk_ready
deepseek_r1_distill_qwen_7b,boolq,factual_reading,model_correct,cross_domain,1,tier1,queued,bulk_ready
deepseek_r1_distill_qwen_7b,boolq,factual_reading,model_correct,cross_domain,2,tier1,queued,bulk_ready
deepseek_r1_distill_qwen_7b,boolq,factual_reading,model_correct,cross_domain,4,tier1,queued,bulk_ready
deepseek_r1_distill_qwen_7b,boolq,factual_reading,model_correct,cross_domain,8,tier1,queued,bulk_ready
deepseek_r1_distill_qwen_7b,boolq,factual_reading,model_correct,cross_domain,16,tier1,queued,bulk_ready
deepseek_r1_distill_qwen_7b,boolq,factual_reading,model_correct,cross_domain,32,tier1,queued,bulk_ready
deepseek_r1_distill_qwen_7b,boolq,factual_reading,model_incorrect,cross_domain,0,tier1,queued,bulk_ready
deepseek_r1_distill_qwen_7b,boolq,factual_reading,model_incorrect,cross_domain,1,tier1,queued,bulk_ready
deepseek_r1_distill_qwen_7b,boolq,factual_reading,model_incorrect,cross_domain,2,tier1,queued,bulk_ready
deepseek_r1_distill_qwen_7b,boolq,factual_reading,model_incorrect,cross_domain,4,tier1,queued,bulk_ready
deepseek_r1_distill_qwen_7b,boolq,factual_reading,model_incorrect,cross_domain,8,tier1,queued,bulk_ready
deepseek_r1_distill_qwen_7b,boolq,factual_reading,model_incorrect,cross_domain,16,tier1,queued,bulk_ready
deepseek_r1_distill_qwen_7b,boolq,factual_reading,model_incorrect,cross_domain,32,tier1,queued,bulk_ready
deepseek_r1_distill_qwen_7b,truthfulqa_mc,factual_reading,model_correct,same_benchmark,0,tier1,queued,bulk_ready
deepseek_r1_distill_qwen_7b,truthfulqa_mc,factual_reading,model_correct,same_benchmark,1,tier1,queued,bulk_ready
deepseek_r1_distill_qwen_7b,truthfulqa_mc,factual_reading,model_correct,same_benchmark,2,tier1,queued,bulk_ready
deepseek_r1_distill_qwen_7b,truthfulqa_mc,factual_reading,model_correct,same_benchmark,4,tier1,queued,bulk_ready
deepseek_r1_distill_qwen_7b,truthfulqa_mc,factual_reading,model_correct,same_benchmark,8,tier1,queued,bulk_ready
deepseek_r1_distill_qwen_7b,truthfulqa_mc,factual_reading,model_correct,same_benchmark,16,tier1,queued,bulk_ready
deepseek_r1_distill_qwen_7b,truthfulqa_mc,factual_reading,model_correct,same_benchmark,32,tier1,queued,bulk_ready
deepseek_r1_distill_qwen_7b,truthfulqa_mc,factual_reading,model_incorrect,same_benchmark,0,tier1,queued,bulk_ready
deepseek_r1_distill_qwen_7b,truthfulqa_mc,factual_reading,model_incorrect,same_benchmark,1,tier1,queued,bulk_ready
deepseek_r1_distill_qwen_7b,truthfulqa_mc,factual_reading,model_incorrect,same_benchmark,2,tier1,queued,bulk_ready
deepseek_r1_distill_qwen_7b,truthfulqa_mc,factual_reading,model_incorrect,same_benchmark,4,tier1,queued,bulk_ready
deepseek_r1_distill_qwen_7b,truthfulqa_mc,factual_reading,model_incorrect,same_benchmark,8,tier1,queued,bulk_ready
deepseek_r1_distill_qwen_7b,truthfulqa_mc,factual_reading,model_incorrect,same_benchmark,16,tier1,queued,bulk_ready
deepseek_r1_distill_qwen_7b,truthfulqa_mc,factual_reading,model_incorrect,same_benchmark,32,tier1,queued,bulk_ready
deepseek_r1_distill_qwen_7b,truthfulqa_mc,factual_reading,model_correct,same_domain_other_benchmark,0,tier1,queued,bulk_ready
deepseek_r1_distill_qwen_7b,truthfulqa_mc,factual_reading,model_correct,same_domain_other_benchmark,1,tier1,queued,bulk_ready
deepseek_r1_distill_qwen_7b,truthfulqa_mc,factual_reading,model_correct,same_domain_other_benchmark,2,tier1,queued,bulk_ready
deepseek_r1_distill_qwen_7b,truthfulqa_mc,factual_reading,model_correct,same_domain_other_benchmark,4,tier1,queued,bulk_ready
deepseek_r1_distill_qwen_7b,truthfulqa_mc,factual_reading,model_correct,same_domain_other_benchmark,8,tier1,queued,bulk_ready
deepseek_r1_distill_qwen_7b,truthfulqa_mc,factual_reading,model_correct,same_domain_other_benchmark,16,tier1,queued,bulk_ready
deepseek_r1_distill_qwen_7b,truthfulqa_mc,factual_reading,model_correct,same_domain_other_benchmark,32,tier1,queued,bulk_ready
deepseek_r1_distill_qwen_7b,truthfulqa_mc,factual_reading,model_incorrect,same_domain_other_benchmark,0,tier1,queued,bulk_ready
deepseek_r1_distill_qwen_7b,truthfulqa_mc,factual_reading,model_incorrect,same_domain_other_benchmark,1,tier1,queued,bulk_ready
deepseek_r1_distill_qwen_7b,truthfulqa_mc,factual_reading,model_incorrect,same_domain_other_benchmark,2,tier1,queued,bulk_ready
deepseek_r1_distill_qwen_7b,truthfulqa_mc,factual_reading,model_incorrect,same_domain_other_benchmark,4,tier1,queued,bulk_ready
deepseek_r1_distill_qwen_7b,truthfulqa_mc,factual_reading,model_incorrect,same_domain_other_benchmark,8,tier1,queued,bulk_ready
deepseek_r1_distill_qwen_7b,truthfulqa_mc,factual_reading,model_incorrect,same_domain_other_benchmark,16,tier1,queued,bulk_ready
deepseek_r1_distill_qwen_7b,truthfulqa_mc,factual_reading,model_incorrect,same_domain_other_benchmark,32,tier1,queued,bulk_ready
deepseek_r1_distill_qwen_7b,truthfulqa_mc,factual_reading,model_correct,cross_domain,0,tier1,queued,bulk_ready
deepseek_r1_distill_qwen_7b,truthfulqa_mc,factual_reading,model_correct,cross_domain,1,tier1,queued,bulk_ready
deepseek_r1_distill_qwen_7b,truthfulqa_mc,factual_reading,model_correct,cross_domain,2,tier1,queued,bulk_ready
deepseek_r1_distill_qwen_7b,truthfulqa_mc,factual_reading,model_correct,cross_domain,4,tier1,queued,bulk_ready
deepseek_r1_distill_qwen_7b,truthfulqa_mc,factual_reading,model_correct,cross_domain,8,tier1,queued,bulk_ready
deepseek_r1_distill_qwen_7b,truthfulqa_mc,factual_reading,model_correct,cross_domain,16,tier1,queued,bulk_ready
deepseek_r1_distill_qwen_7b,truthfulqa_mc,factual_reading,model_correct,cross_domain,32,tier1,queued,bulk_ready
deepseek_r1_distill_qwen_7b,truthfulqa_mc,factual_reading,model_incorrect,cross_domain,0,tier1,queued,bulk_ready
deepseek_r1_distill_qwen_7b,truthfulqa_mc,factual_reading,model_incorrect,cross_domain,1,tier1,queued,bulk_ready
deepseek_r1_distill_qwen_7b,truthfulqa_mc,factual_reading,model_incorrect,cross_domain,2,tier1,queued,bulk_ready
deepseek_r1_distill_qwen_7b,truthfulqa_mc,factual_reading,model_incorrect,cross_domain,4,tier1,queued,bulk_ready
deepseek_r1_distill_qwen_7b,truthfulqa_mc,factual_reading,model_incorrect,cross_domain,8,tier1,queued,bulk_ready
deepseek_r1_distill_qwen_7b,truthfulqa_mc,factual_reading,model_incorrect,cross_domain,16,tier1,queued,bulk_ready
deepseek_r1_distill_qwen_7b,truthfulqa_mc,factual_reading,model_incorrect,cross_domain,32,tier1,queued,bulk_ready
deepseek_r1_distill_llama_8b,gsm8k,math,model_correct,same_benchmark,0,tier1,queued,bulk_unverified
deepseek_r1_distill_llama_8b,gsm8k,math,model_correct,same_benchmark,1,tier1,queued,bulk_unverified
deepseek_r1_distill_llama_8b,gsm8k,math,model_correct,same_benchmark,2,tier1,queued,bulk_unverified
deepseek_r1_distill_llama_8b,gsm8k,math,model_correct,same_benchmark,4,tier1,queued,bulk_unverified
deepseek_r1_distill_llama_8b,gsm8k,math,model_correct,same_benchmark,8,tier1,queued,bulk_unverified
deepseek_r1_distill_llama_8b,gsm8k,math,model_correct,same_benchmark,16,tier1,queued,bulk_unverified
deepseek_r1_distill_llama_8b,gsm8k,math,model_correct,same_benchmark,32,tier1,queued,bulk_unverified
deepseek_r1_distill_llama_8b,gsm8k,math,model_incorrect,same_benchmark,0,tier1,queued,bulk_unverified
deepseek_r1_distill_llama_8b,gsm8k,math,model_incorrect,same_benchmark,1,tier1,queued,bulk_unverified
deepseek_r1_distill_llama_8b,gsm8k,math,model_incorrect,same_benchmark,2,tier1,queued,bulk_unverified
deepseek_r1_distill_llama_8b,gsm8k,math,model_incorrect,same_benchmark,4,tier1,queued,bulk_unverified
deepseek_r1_distill_llama_8b,gsm8k,math,model_incorrect,same_benchmark,8,tier1,queued,bulk_unverified
deepseek_r1_distill_llama_8b,gsm8k,math,model_incorrect,same_benchmark,16,tier1,queued,bulk_unverified
deepseek_r1_distill_llama_8b,gsm8k,math,model_incorrect,same_benchmark,32,tier1,queued,bulk_unverified
deepseek_r1_distill_llama_8b,gsm8k,math,model_correct,same_domain_other_benchmark,0,tier1,queued,bulk_unverified
deepseek_r1_distill_llama_8b,gsm8k,math,model_correct,same_domain_other_benchmark,1,tier1,queued,bulk_unverified
deepseek_r1_distill_llama_8b,gsm8k,math,model_correct,same_domain_other_benchmark,2,tier1,queued,bulk_unverified
deepseek_r1_distill_llama_8b,gsm8k,math,model_correct,same_domain_other_benchmark,4,tier1,queued,bulk_unverified
deepseek_r1_distill_llama_8b,gsm8k,math,model_correct,same_domain_other_benchmark,8,tier1,queued,bulk_unverified
deepseek_r1_distill_llama_8b,gsm8k,math,model_correct,same_domain_other_benchmark,16,tier1,queued,bulk_unverified
deepseek_r1_distill_llama_8b,gsm8k,math,model_correct,same_domain_other_benchmark,32,tier1,queued,bulk_unverified
deepseek_r1_distill_llama_8b,gsm8k,math,model_incorrect,same_domain_other_benchmark,0,tier1,queued,bulk_unverified
deepseek_r1_distill_llama_8b,gsm8k,math,model_incorrect,same_domain_other_benchmark,1,tier1,queued,bulk_unverified
deepseek_r1_distill_llama_8b,gsm8k,math,model_incorrect,same_domain_other_benchmark,2,tier1,queued,bulk_unverified
deepseek_r1_distill_llama_8b,gsm8k,math,model_incorrect,same_domain_other_benchmark,4,tier1,queued,bulk_unverified
deepseek_r1_distill_llama_8b,gsm8k,math,model_incorrect,same_domain_other_benchmark,8,tier1,queued,bulk_unverified
deepseek_r1_distill_llama_8b,gsm8k,math,model_incorrect,same_domain_other_benchmark,16,tier1,queued,bulk_unverified
deepseek_r1_distill_llama_8b,gsm8k,math,model_incorrect,same_domain_other_benchmark,32,tier1,queued,bulk_unverified
deepseek_r1_distill_llama_8b,gsm8k,math,model_correct,cross_domain,0,tier1,queued,bulk_unverified
deepseek_r1_distill_llama_8b,gsm8k,math,model_correct,cross_domain,1,tier1,queued,bulk_unverified
deepseek_r1_distill_llama_8b,gsm8k,math,model_correct,cross_domain,2,tier1,queued,bulk_unverified
deepseek_r1_distill_llama_8b,gsm8k,math,model_correct,cross_domain,4,tier1,queued,bulk_unverified
deepseek_r1_distill_llama_8b,gsm8k,math,model_correct,cross_domain,8,tier1,queued,bulk_unverified
deepseek_r1_distill_llama_8b,gsm8k,math,model_correct,cross_domain,16,tier1,queued,bulk_unverified
deepseek_r1_distill_llama_8b,gsm8k,math,model_correct,cross_domain,32,tier1,queued,bulk_unverified
deepseek_r1_distill_llama_8b,gsm8k,math,model_incorrect,cross_domain,0,tier1,queued,bulk_unverified
deepseek_r1_distill_llama_8b,gsm8k,math,model_incorrect,cross_domain,1,tier1,queued,bulk_unverified
deepseek_r1_distill_llama_8b,gsm8k,math,model_incorrect,cross_domain,2,tier1,queued,bulk_unverified
deepseek_r1_distill_llama_8b,gsm8k,math,model_incorrect,cross_domain,4,tier1,queued,bulk_unverified
deepseek_r1_distill_llama_8b,gsm8k,math,model_incorrect,cross_domain,8,tier1,queued,bulk_unverified
deepseek_r1_distill_llama_8b,gsm8k,math,model_incorrect,cross_domain,16,tier1,queued,bulk_unverified
deepseek_r1_distill_llama_8b,gsm8k,math,model_incorrect,cross_domain,32,tier1,queued,bulk_unverified
deepseek_r1_distill_llama_8b,math500,math,model_correct,same_benchmark,0,tier1,queued,bulk_unverified
deepseek_r1_distill_llama_8b,math500,math,model_correct,same_benchmark,1,tier1,queued,bulk_unverified
deepseek_r1_distill_llama_8b,math500,math,model_correct,same_benchmark,2,tier1,queued,bulk_unverified
deepseek_r1_distill_llama_8b,math500,math,model_correct,same_benchmark,4,tier1,queued,bulk_unverified
deepseek_r1_distill_llama_8b,math500,math,model_correct,same_benchmark,8,tier1,queued,bulk_unverified
deepseek_r1_distill_llama_8b,math500,math,model_correct,same_benchmark,16,tier1,queued,bulk_unverified
deepseek_r1_distill_llama_8b,math500,math,model_correct,same_benchmark,32,tier1,queued,bulk_unverified
deepseek_r1_distill_llama_8b,math500,math,model_incorrect,same_benchmark,0,tier1,queued,bulk_unverified
deepseek_r1_distill_llama_8b,math500,math,model_incorrect,same_benchmark,1,tier1,queued,bulk_unverified
deepseek_r1_distill_llama_8b,math500,math,model_incorrect,same_benchmark,2,tier1,queued,bulk_unverified
deepseek_r1_distill_llama_8b,math500,math,model_incorrect,same_benchmark,4,tier1,queued,bulk_unverified
deepseek_r1_distill_llama_8b,math500,math,model_incorrect,same_benchmark,8,tier1,queued,bulk_unverified
deepseek_r1_distill_llama_8b,math500,math,model_incorrect,same_benchmark,16,tier1,queued,bulk_unverified
deepseek_r1_distill_llama_8b,math500,math,model_incorrect,same_benchmark,32,tier1,queued,bulk_unverified
deepseek_r1_distill_llama_8b,math500,math,model_correct,same_domain_other_benchmark,0,tier1,queued,bulk_unverified
deepseek_r1_distill_llama_8b,math500,math,model_correct,same_domain_other_benchmark,1,tier1,queued,bulk_unverified
deepseek_r1_distill_llama_8b,math500,math,model_correct,same_domain_other_benchmark,2,tier1,queued,bulk_unverified
deepseek_r1_distill_llama_8b,math500,math,model_correct,same_domain_other_benchmark,4,tier1,queued,bulk_unverified
deepseek_r1_distill_llama_8b,math500,math,model_correct,same_domain_other_benchmark,8,tier1,queued,bulk_unverified
deepseek_r1_distill_llama_8b,math500,math,model_correct,same_domain_other_benchmark,16,tier1,queued,bulk_unverified
deepseek_r1_distill_llama_8b,math500,math,model_correct,same_domain_other_benchmark,32,tier1,queued,bulk_unverified
deepseek_r1_distill_llama_8b,math500,math,model_incorrect,same_domain_other_benchmark,0,tier1,queued,bulk_unverified
deepseek_r1_distill_llama_8b,math500,math,model_incorrect,same_domain_other_benchmark,1,tier1,queued,bulk_unverified
deepseek_r1_distill_llama_8b,math500,math,model_incorrect,same_domain_other_benchmark,2,tier1,queued,bulk_unverified
deepseek_r1_distill_llama_8b,math500,math,model_incorrect,same_domain_other_benchmark,4,tier1,queued,bulk_unverified
deepseek_r1_distill_llama_8b,math500,math,model_incorrect,same_domain_other_benchmark,8,tier1,queued,bulk_unverified
deepseek_r1_distill_llama_8b,math500,math,model_incorrect,same_domain_other_benchmark,16,tier1,queued,bulk_unverified
deepseek_r1_distill_llama_8b,math500,math,model_incorrect,same_domain_other_benchmark,32,tier1,queued,bulk_unverified
deepseek_r1_distill_llama_8b,math500,math,model_correct,cross_domain,0,tier1,queued,bulk_unverified
deepseek_r1_distill_llama_8b,math500,math,model_correct,cross_domain,1,tier1,queued,bulk_unverified
deepseek_r1_distill_llama_8b,math500,math,model_correct,cross_domain,2,tier1,queued,bulk_unverified
deepseek_r1_distill_llama_8b,math500,math,model_correct,cross_domain,4,tier1,queued,bulk_unverified
deepseek_r1_distill_llama_8b,math500,math,model_correct,cross_domain,8,tier1,queued,bulk_unverified
deepseek_r1_distill_llama_8b,math500,math,model_correct,cross_domain,16,tier1,queued,bulk_unverified
deepseek_r1_distill_llama_8b,math500,math,model_correct,cross_domain,32,tier1,queued,bulk_unverified
deepseek_r1_distill_llama_8b,math500,math,model_incorrect,cross_domain,0,tier1,queued,bulk_unverified
deepseek_r1_distill_llama_8b,math500,math,model_incorrect,cross_domain,1,tier1,queued,bulk_unverified
deepseek_r1_distill_llama_8b,math500,math,model_incorrect,cross_domain,2,tier1,queued,bulk_unverified
deepseek_r1_distill_llama_8b,math500,math,model_incorrect,cross_domain,4,tier1,queued,bulk_unverified
deepseek_r1_distill_llama_8b,math500,math,model_incorrect,cross_domain,8,tier1,queued,bulk_unverified
deepseek_r1_distill_llama_8b,math500,math,model_incorrect,cross_domain,16,tier1,queued,bulk_unverified
deepseek_r1_distill_llama_8b,math500,math,model_incorrect,cross_domain,32,tier1,queued,bulk_unverified
deepseek_r1_distill_llama_8b,gpqa,science,model_correct,same_benchmark,0,tier1,queued,bulk_unverified
deepseek_r1_distill_llama_8b,gpqa,science,model_correct,same_benchmark,1,tier1,queued,bulk_unverified
deepseek_r1_distill_llama_8b,gpqa,science,model_correct,same_benchmark,2,tier1,queued,bulk_unverified
deepseek_r1_distill_llama_8b,gpqa,science,model_correct,same_benchmark,4,tier1,queued,bulk_unverified
deepseek_r1_distill_llama_8b,gpqa,science,model_correct,same_benchmark,8,tier1,queued,bulk_unverified
deepseek_r1_distill_llama_8b,gpqa,science,model_correct,same_benchmark,16,tier1,queued,bulk_unverified
deepseek_r1_distill_llama_8b,gpqa,science,model_correct,same_benchmark,32,tier1,queued,bulk_unverified
deepseek_r1_distill_llama_8b,gpqa,science,model_incorrect,same_benchmark,0,tier1,queued,bulk_unverified
deepseek_r1_distill_llama_8b,gpqa,science,model_incorrect,same_benchmark,1,tier1,queued,bulk_unverified
deepseek_r1_distill_llama_8b,gpqa,science,model_incorrect,same_benchmark,2,tier1,queued,bulk_unverified
deepseek_r1_distill_llama_8b,gpqa,science,model_incorrect,same_benchmark,4,tier1,queued,bulk_unverified
deepseek_r1_distill_llama_8b,gpqa,science,model_incorrect,same_benchmark,8,tier1,queued,bulk_unverified
deepseek_r1_distill_llama_8b,gpqa,science,model_incorrect,same_benchmark,16,tier1,queued,bulk_unverified
deepseek_r1_distill_llama_8b,gpqa,science,model_incorrect,same_benchmark,32,tier1,queued,bulk_unverified
deepseek_r1_distill_llama_8b,gpqa,science,model_correct,same_domain_other_benchmark,0,tier1,queued,bulk_unverified
deepseek_r1_distill_llama_8b,gpqa,science,model_correct,same_domain_other_benchmark,1,tier1,queued,bulk_unverified
deepseek_r1_distill_llama_8b,gpqa,science,model_correct,same_domain_other_benchmark,2,tier1,queued,bulk_unverified
deepseek_r1_distill_llama_8b,gpqa,science,model_correct,same_domain_other_benchmark,4,tier1,queued,bulk_unverified
deepseek_r1_distill_llama_8b,gpqa,science,model_correct,same_domain_other_benchmark,8,tier1,queued,bulk_unverified
deepseek_r1_distill_llama_8b,gpqa,science,model_correct,same_domain_other_benchmark,16,tier1,queued,bulk_unverified
deepseek_r1_distill_llama_8b,gpqa,science,model_correct,same_domain_other_benchmark,32,tier1,queued,bulk_unverified
deepseek_r1_distill_llama_8b,gpqa,science,model_incorrect,same_domain_other_benchmark,0,tier1,queued,bulk_unverified
deepseek_r1_distill_llama_8b,gpqa,science,model_incorrect,same_domain_other_benchmark,1,tier1,queued,bulk_unverified
deepseek_r1_distill_llama_8b,gpqa,science,model_incorrect,same_domain_other_benchmark,2,tier1,queued,bulk_unverified
deepseek_r1_distill_llama_8b,gpqa,science,model_incorrect,same_domain_other_benchmark,4,tier1,queued,bulk_unverified
deepseek_r1_distill_llama_8b,gpqa,science,model_incorrect,same_domain_other_benchmark,8,tier1,queued,bulk_unverified
deepseek_r1_distill_llama_8b,gpqa,science,model_incorrect,same_domain_other_benchmark,16,tier1,queued,bulk_unverified
deepseek_r1_distill_llama_8b,gpqa,science,model_incorrect,same_domain_other_benchmark,32,tier1,queued,bulk_unverified
deepseek_r1_distill_llama_8b,gpqa,science,model_correct,cross_domain,0,tier1,queued,bulk_unverified
deepseek_r1_distill_llama_8b,gpqa,science,model_correct,cross_domain,1,tier1,queued,bulk_unverified
deepseek_r1_distill_llama_8b,gpqa,science,model_correct,cross_domain,2,tier1,queued,bulk_unverified
deepseek_r1_distill_llama_8b,gpqa,science,model_correct,cross_domain,4,tier1,queued,bulk_unverified
deepseek_r1_distill_llama_8b,gpqa,science,model_correct,cross_domain,8,tier1,queued,bulk_unverified
deepseek_r1_distill_llama_8b,gpqa,science,model_correct,cross_domain,16,tier1,queued,bulk_unverified
deepseek_r1_distill_llama_8b,gpqa,science,model_correct,cross_domain,32,tier1,queued,bulk_unverified
deepseek_r1_distill_llama_8b,gpqa,science,model_incorrect,cross_domain,0,tier1,queued,bulk_unverified
deepseek_r1_distill_llama_8b,gpqa,science,model_incorrect,cross_domain,1,tier1,queued,bulk_unverified
deepseek_r1_distill_llama_8b,gpqa,science,model_incorrect,cross_domain,2,tier1,queued,bulk_unverified
deepseek_r1_distill_llama_8b,gpqa,science,model_incorrect,cross_domain,4,tier1,queued,bulk_unverified
deepseek_r1_distill_llama_8b,gpqa,science,model_incorrect,cross_domain,8,tier1,queued,bulk_unverified
deepseek_r1_distill_llama_8b,gpqa,science,model_incorrect,cross_domain,16,tier1,queued,bulk_unverified
deepseek_r1_distill_llama_8b,gpqa,science,model_incorrect,cross_domain,32,tier1,queued,bulk_unverified
deepseek_r1_distill_llama_8b,arc_challenge,science,model_correct,same_benchmark,0,tier1,queued,bulk_unverified
deepseek_r1_distill_llama_8b,arc_challenge,science,model_correct,same_benchmark,1,tier1,queued,bulk_unverified
deepseek_r1_distill_llama_8b,arc_challenge,science,model_correct,same_benchmark,2,tier1,queued,bulk_unverified
deepseek_r1_distill_llama_8b,arc_challenge,science,model_correct,same_benchmark,4,tier1,queued,bulk_unverified
deepseek_r1_distill_llama_8b,arc_challenge,science,model_correct,same_benchmark,8,tier1,queued,bulk_unverified
deepseek_r1_distill_llama_8b,arc_challenge,science,model_correct,same_benchmark,16,tier1,queued,bulk_unverified
deepseek_r1_distill_llama_8b,arc_challenge,science,model_correct,same_benchmark,32,tier1,queued,bulk_unverified
deepseek_r1_distill_llama_8b,arc_challenge,science,model_incorrect,same_benchmark,0,tier1,queued,bulk_unverified
deepseek_r1_distill_llama_8b,arc_challenge,science,model_incorrect,same_benchmark,1,tier1,queued,bulk_unverified
deepseek_r1_distill_llama_8b,arc_challenge,science,model_incorrect,same_benchmark,2,tier1,queued,bulk_unverified
deepseek_r1_distill_llama_8b,arc_challenge,science,model_incorrect,same_benchmark,4,tier1,queued,bulk_unverified
deepseek_r1_distill_llama_8b,arc_challenge,science,model_incorrect,same_benchmark,8,tier1,queued,bulk_unverified
deepseek_r1_distill_llama_8b,arc_challenge,science,model_incorrect,same_benchmark,16,tier1,queued,bulk_unverified
deepseek_r1_distill_llama_8b,arc_challenge,science,model_incorrect,same_benchmark,32,tier1,queued,bulk_unverified
deepseek_r1_distill_llama_8b,arc_challenge,science,model_correct,same_domain_other_benchmark,0,tier1,queued,bulk_unverified
deepseek_r1_distill_llama_8b,arc_challenge,science,model_correct,same_domain_other_benchmark,1,tier1,queued,bulk_unverified
deepseek_r1_distill_llama_8b,arc_challenge,science,model_correct,same_domain_other_benchmark,2,tier1,queued,bulk_unverified
deepseek_r1_distill_llama_8b,arc_challenge,science,model_correct,same_domain_other_benchmark,4,tier1,queued,bulk_unverified
deepseek_r1_distill_llama_8b,arc_challenge,science,model_correct,same_domain_other_benchmark,8,tier1,queued,bulk_unverified
deepseek_r1_distill_llama_8b,arc_challenge,science,model_correct,same_domain_other_benchmark,16,tier1,queued,bulk_unverified
deepseek_r1_distill_llama_8b,arc_challenge,science,model_correct,same_domain_other_benchmark,32,tier1,queued,bulk_unverified
deepseek_r1_distill_llama_8b,arc_challenge,science,model_incorrect,same_domain_other_benchmark,0,tier1,queued,bulk_unverified
deepseek_r1_distill_llama_8b,arc_challenge,science,model_incorrect,same_domain_other_benchmark,1,tier1,queued,bulk_unverified
deepseek_r1_distill_llama_8b,arc_challenge,science,model_incorrect,same_domain_other_benchmark,2,tier1,queued,bulk_unverified
deepseek_r1_distill_llama_8b,arc_challenge,science,model_incorrect,same_domain_other_benchmark,4,tier1,queued,bulk_unverified
deepseek_r1_distill_llama_8b,arc_challenge,science,model_incorrect,same_domain_other_benchmark,8,tier1,queued,bulk_unverified
deepseek_r1_distill_llama_8b,arc_challenge,science,model_incorrect,same_domain_other_benchmark,16,tier1,queued,bulk_unverified
deepseek_r1_distill_llama_8b,arc_challenge,science,model_incorrect,same_domain_other_benchmark,32,tier1,queued,bulk_unverified
deepseek_r1_distill_llama_8b,arc_challenge,science,model_correct,cross_domain,0,tier1,queued,bulk_unverified
deepseek_r1_distill_llama_8b,arc_challenge,science,model_correct,cross_domain,1,tier1,queued,bulk_unverified
deepseek_r1_distill_llama_8b,arc_challenge,science,model_correct,cross_domain,2,tier1,queued,bulk_unverified
deepseek_r1_distill_llama_8b,arc_challenge,science,model_correct,cross_domain,4,tier1,queued,bulk_unverified
deepseek_r1_distill_llama_8b,arc_challenge,science,model_correct,cross_domain,8,tier1,queued,bulk_unverified
deepseek_r1_distill_llama_8b,arc_challenge,science,model_correct,cross_domain,16,tier1,queued,bulk_unverified
deepseek_r1_distill_llama_8b,arc_challenge,science,model_correct,cross_domain,32,tier1,queued,bulk_unverified
deepseek_r1_distill_llama_8b,arc_challenge,science,model_incorrect,cross_domain,0,tier1,queued,bulk_unverified
deepseek_r1_distill_llama_8b,arc_challenge,science,model_incorrect,cross_domain,1,tier1,queued,bulk_unverified
deepseek_r1_distill_llama_8b,arc_challenge,science,model_incorrect,cross_domain,2,tier1,queued,bulk_unverified
deepseek_r1_distill_llama_8b,arc_challenge,science,model_incorrect,cross_domain,4,tier1,queued,bulk_unverified
deepseek_r1_distill_llama_8b,arc_challenge,science,model_incorrect,cross_domain,8,tier1,queued,bulk_unverified
deepseek_r1_distill_llama_8b,arc_challenge,science,model_incorrect,cross_domain,16,tier1,queued,bulk_unverified
deepseek_r1_distill_llama_8b,arc_challenge,science,model_incorrect,cross_domain,32,tier1,queued,bulk_unverified
deepseek_r1_distill_llama_8b,mmlu_pro,general_knowledge,model_correct,same_benchmark,0,tier1,queued,bulk_unverified
deepseek_r1_distill_llama_8b,mmlu_pro,general_knowledge,model_correct,same_benchmark,1,tier1,queued,bulk_unverified
deepseek_r1_distill_llama_8b,mmlu_pro,general_knowledge,model_correct,same_benchmark,2,tier1,queued,bulk_unverified
deepseek_r1_distill_llama_8b,mmlu_pro,general_knowledge,model_correct,same_benchmark,4,tier1,queued,bulk_unverified
deepseek_r1_distill_llama_8b,mmlu_pro,general_knowledge,model_correct,same_benchmark,8,tier1,queued,bulk_unverified
deepseek_r1_distill_llama_8b,mmlu_pro,general_knowledge,model_correct,same_benchmark,16,tier1,queued,bulk_unverified
deepseek_r1_distill_llama_8b,mmlu_pro,general_knowledge,model_correct,same_benchmark,32,tier1,queued,bulk_unverified
deepseek_r1_distill_llama_8b,mmlu_pro,general_knowledge,model_incorrect,same_benchmark,0,tier1,queued,bulk_unverified
deepseek_r1_distill_llama_8b,mmlu_pro,general_knowledge,model_incorrect,same_benchmark,1,tier1,queued,bulk_unverified
deepseek_r1_distill_llama_8b,mmlu_pro,general_knowledge,model_incorrect,same_benchmark,2,tier1,queued,bulk_unverified
deepseek_r1_distill_llama_8b,mmlu_pro,general_knowledge,model_incorrect,same_benchmark,4,tier1,queued,bulk_unverified
deepseek_r1_distill_llama_8b,mmlu_pro,general_knowledge,model_incorrect,same_benchmark,8,tier1,queued,bulk_unverified
deepseek_r1_distill_llama_8b,mmlu_pro,general_knowledge,model_incorrect,same_benchmark,16,tier1,queued,bulk_unverified
deepseek_r1_distill_llama_8b,mmlu_pro,general_knowledge,model_incorrect,same_benchmark,32,tier1,queued,bulk_unverified
deepseek_r1_distill_llama_8b,mmlu_pro,general_knowledge,model_correct,same_domain_other_benchmark,0,tier1,queued,bulk_unverified
deepseek_r1_distill_llama_8b,mmlu_pro,general_knowledge,model_correct,same_domain_other_benchmark,1,tier1,queued,bulk_unverified
deepseek_r1_distill_llama_8b,mmlu_pro,general_knowledge,model_correct,same_domain_other_benchmark,2,tier1,queued,bulk_unverified
deepseek_r1_distill_llama_8b,mmlu_pro,general_knowledge,model_correct,same_domain_other_benchmark,4,tier1,queued,bulk_unverified
deepseek_r1_distill_llama_8b,mmlu_pro,general_knowledge,model_correct,same_domain_other_benchmark,8,tier1,queued,bulk_unverified
deepseek_r1_distill_llama_8b,mmlu_pro,general_knowledge,model_correct,same_domain_other_benchmark,16,tier1,queued,bulk_unverified
deepseek_r1_distill_llama_8b,mmlu_pro,general_knowledge,model_correct,same_domain_other_benchmark,32,tier1,queued,bulk_unverified
deepseek_r1_distill_llama_8b,mmlu_pro,general_knowledge,model_incorrect,same_domain_other_benchmark,0,tier1,queued,bulk_unverified
deepseek_r1_distill_llama_8b,mmlu_pro,general_knowledge,model_incorrect,same_domain_other_benchmark,1,tier1,queued,bulk_unverified
deepseek_r1_distill_llama_8b,mmlu_pro,general_knowledge,model_incorrect,same_domain_other_benchmark,2,tier1,queued,bulk_unverified
deepseek_r1_distill_llama_8b,mmlu_pro,general_knowledge,model_incorrect,same_domain_other_benchmark,4,tier1,queued,bulk_unverified
deepseek_r1_distill_llama_8b,mmlu_pro,general_knowledge,model_incorrect,same_domain_other_benchmark,8,tier1,queued,bulk_unverified
deepseek_r1_distill_llama_8b,mmlu_pro,general_knowledge,model_incorrect,same_domain_other_benchmark,16,tier1,queued,bulk_unverified
deepseek_r1_distill_llama_8b,mmlu_pro,general_knowledge,model_incorrect,same_domain_other_benchmark,32,tier1,queued,bulk_unverified
deepseek_r1_distill_llama_8b,mmlu_pro,general_knowledge,model_correct,cross_domain,0,tier1,queued,bulk_unverified
deepseek_r1_distill_llama_8b,mmlu_pro,general_knowledge,model_correct,cross_domain,1,tier1,queued,bulk_unverified
deepseek_r1_distill_llama_8b,mmlu_pro,general_knowledge,model_correct,cross_domain,2,tier1,queued,bulk_unverified
deepseek_r1_distill_llama_8b,mmlu_pro,general_knowledge,model_correct,cross_domain,4,tier1,queued,bulk_unverified
deepseek_r1_distill_llama_8b,mmlu_pro,general_knowledge,model_correct,cross_domain,8,tier1,queued,bulk_unverified
deepseek_r1_distill_llama_8b,mmlu_pro,general_knowledge,model_correct,cross_domain,16,tier1,queued,bulk_unverified
deepseek_r1_distill_llama_8b,mmlu_pro,general_knowledge,model_correct,cross_domain,32,tier1,queued,bulk_unverified
deepseek_r1_distill_llama_8b,mmlu_pro,general_knowledge,model_incorrect,cross_domain,0,tier1,queued,bulk_unverified
deepseek_r1_distill_llama_8b,mmlu_pro,general_knowledge,model_incorrect,cross_domain,1,tier1,queued,bulk_unverified
deepseek_r1_distill_llama_8b,mmlu_pro,general_knowledge,model_incorrect,cross_domain,2,tier1,queued,bulk_unverified
deepseek_r1_distill_llama_8b,mmlu_pro,general_knowledge,model_incorrect,cross_domain,4,tier1,queued,bulk_unverified
deepseek_r1_distill_llama_8b,mmlu_pro,general_knowledge,model_incorrect,cross_domain,8,tier1,queued,bulk_unverified
deepseek_r1_distill_llama_8b,mmlu_pro,general_knowledge,model_incorrect,cross_domain,16,tier1,queued,bulk_unverified
deepseek_r1_distill_llama_8b,mmlu_pro,general_knowledge,model_incorrect,cross_domain,32,tier1,queued,bulk_unverified
deepseek_r1_distill_llama_8b,mmlu_redux_2,general_knowledge,model_correct,same_benchmark,0,tier1,queued,bulk_unverified
deepseek_r1_distill_llama_8b,mmlu_redux_2,general_knowledge,model_correct,same_benchmark,1,tier1,queued,bulk_unverified
deepseek_r1_distill_llama_8b,mmlu_redux_2,general_knowledge,model_correct,same_benchmark,2,tier1,queued,bulk_unverified
deepseek_r1_distill_llama_8b,mmlu_redux_2,general_knowledge,model_correct,same_benchmark,4,tier1,queued,bulk_unverified
deepseek_r1_distill_llama_8b,mmlu_redux_2,general_knowledge,model_correct,same_benchmark,8,tier1,queued,bulk_unverified
deepseek_r1_distill_llama_8b,mmlu_redux_2,general_knowledge,model_correct,same_benchmark,16,tier1,queued,bulk_unverified
deepseek_r1_distill_llama_8b,mmlu_redux_2,general_knowledge,model_correct,same_benchmark,32,tier1,queued,bulk_unverified
deepseek_r1_distill_llama_8b,mmlu_redux_2,general_knowledge,model_incorrect,same_benchmark,0,tier1,queued,bulk_unverified
deepseek_r1_distill_llama_8b,mmlu_redux_2,general_knowledge,model_incorrect,same_benchmark,1,tier1,queued,bulk_unverified
deepseek_r1_distill_llama_8b,mmlu_redux_2,general_knowledge,model_incorrect,same_benchmark,2,tier1,queued,bulk_unverified
deepseek_r1_distill_llama_8b,mmlu_redux_2,general_knowledge,model_incorrect,same_benchmark,4,tier1,queued,bulk_unverified
deepseek_r1_distill_llama_8b,mmlu_redux_2,general_knowledge,model_incorrect,same_benchmark,8,tier1,queued,bulk_unverified
deepseek_r1_distill_llama_8b,mmlu_redux_2,general_knowledge,model_incorrect,same_benchmark,16,tier1,queued,bulk_unverified
deepseek_r1_distill_llama_8b,mmlu_redux_2,general_knowledge,model_incorrect,same_benchmark,32,tier1,queued,bulk_unverified
deepseek_r1_distill_llama_8b,mmlu_redux_2,general_knowledge,model_correct,same_domain_other_benchmark,0,tier1,queued,bulk_unverified
deepseek_r1_distill_llama_8b,mmlu_redux_2,general_knowledge,model_correct,same_domain_other_benchmark,1,tier1,queued,bulk_unverified
deepseek_r1_distill_llama_8b,mmlu_redux_2,general_knowledge,model_correct,same_domain_other_benchmark,2,tier1,queued,bulk_unverified
deepseek_r1_distill_llama_8b,mmlu_redux_2,general_knowledge,model_correct,same_domain_other_benchmark,4,tier1,queued,bulk_unverified
deepseek_r1_distill_llama_8b,mmlu_redux_2,general_knowledge,model_correct,same_domain_other_benchmark,8,tier1,queued,bulk_unverified
deepseek_r1_distill_llama_8b,mmlu_redux_2,general_knowledge,model_correct,same_domain_other_benchmark,16,tier1,queued,bulk_unverified
deepseek_r1_distill_llama_8b,mmlu_redux_2,general_knowledge,model_correct,same_domain_other_benchmark,32,tier1,queued,bulk_unverified
deepseek_r1_distill_llama_8b,mmlu_redux_2,general_knowledge,model_incorrect,same_domain_other_benchmark,0,tier1,queued,bulk_unverified
deepseek_r1_distill_llama_8b,mmlu_redux_2,general_knowledge,model_incorrect,same_domain_other_benchmark,1,tier1,queued,bulk_unverified
deepseek_r1_distill_llama_8b,mmlu_redux_2,general_knowledge,model_incorrect,same_domain_other_benchmark,2,tier1,queued,bulk_unverified
deepseek_r1_distill_llama_8b,mmlu_redux_2,general_knowledge,model_incorrect,same_domain_other_benchmark,4,tier1,queued,bulk_unverified
deepseek_r1_distill_llama_8b,mmlu_redux_2,general_knowledge,model_incorrect,same_domain_other_benchmark,8,tier1,queued,bulk_unverified
deepseek_r1_distill_llama_8b,mmlu_redux_2,general_knowledge,model_incorrect,same_domain_other_benchmark,16,tier1,queued,bulk_unverified
deepseek_r1_distill_llama_8b,mmlu_redux_2,general_knowledge,model_incorrect,same_domain_other_benchmark,32,tier1,queued,bulk_unverified
deepseek_r1_distill_llama_8b,mmlu_redux_2,general_knowledge,model_correct,cross_domain,0,tier1,queued,bulk_unverified
deepseek_r1_distill_llama_8b,mmlu_redux_2,general_knowledge,model_correct,cross_domain,1,tier1,queued,bulk_unverified
deepseek_r1_distill_llama_8b,mmlu_redux_2,general_knowledge,model_correct,cross_domain,2,tier1,queued,bulk_unverified
deepseek_r1_distill_llama_8b,mmlu_redux_2,general_knowledge,model_correct,cross_domain,4,tier1,queued,bulk_unverified
deepseek_r1_distill_llama_8b,mmlu_redux_2,general_knowledge,model_correct,cross_domain,8,tier1,queued,bulk_unverified
deepseek_r1_distill_llama_8b,mmlu_redux_2,general_knowledge,model_correct,cross_domain,16,tier1,queued,bulk_unverified
deepseek_r1_distill_llama_8b,mmlu_redux_2,general_knowledge,model_correct,cross_domain,32,tier1,queued,bulk_unverified
deepseek_r1_distill_llama_8b,mmlu_redux_2,general_knowledge,model_incorrect,cross_domain,0,tier1,queued,bulk_unverified
deepseek_r1_distill_llama_8b,mmlu_redux_2,general_knowledge,model_incorrect,cross_domain,1,tier1,queued,bulk_unverified
deepseek_r1_distill_llama_8b,mmlu_redux_2,general_knowledge,model_incorrect,cross_domain,2,tier1,queued,bulk_unverified
deepseek_r1_distill_llama_8b,mmlu_redux_2,general_knowledge,model_incorrect,cross_domain,4,tier1,queued,bulk_unverified
deepseek_r1_distill_llama_8b,mmlu_redux_2,general_knowledge,model_incorrect,cross_domain,8,tier1,queued,bulk_unverified
deepseek_r1_distill_llama_8b,mmlu_redux_2,general_knowledge,model_incorrect,cross_domain,16,tier1,queued,bulk_unverified
deepseek_r1_distill_llama_8b,mmlu_redux_2,general_knowledge,model_incorrect,cross_domain,32,tier1,queued,bulk_unverified
deepseek_r1_distill_llama_8b,hellaswag,commonsense,model_correct,same_benchmark,0,tier1,queued,bulk_unverified
deepseek_r1_distill_llama_8b,hellaswag,commonsense,model_correct,same_benchmark,1,tier1,queued,bulk_unverified
deepseek_r1_distill_llama_8b,hellaswag,commonsense,model_correct,same_benchmark,2,tier1,queued,bulk_unverified
deepseek_r1_distill_llama_8b,hellaswag,commonsense,model_correct,same_benchmark,4,tier1,queued,bulk_unverified
deepseek_r1_distill_llama_8b,hellaswag,commonsense,model_correct,same_benchmark,8,tier1,queued,bulk_unverified
deepseek_r1_distill_llama_8b,hellaswag,commonsense,model_correct,same_benchmark,16,tier1,queued,bulk_unverified
deepseek_r1_distill_llama_8b,hellaswag,commonsense,model_correct,same_benchmark,32,tier1,queued,bulk_unverified
deepseek_r1_distill_llama_8b,hellaswag,commonsense,model_incorrect,same_benchmark,0,tier1,queued,bulk_unverified
deepseek_r1_distill_llama_8b,hellaswag,commonsense,model_incorrect,same_benchmark,1,tier1,queued,bulk_unverified
deepseek_r1_distill_llama_8b,hellaswag,commonsense,model_incorrect,same_benchmark,2,tier1,queued,bulk_unverified
deepseek_r1_distill_llama_8b,hellaswag,commonsense,model_incorrect,same_benchmark,4,tier1,queued,bulk_unverified
deepseek_r1_distill_llama_8b,hellaswag,commonsense,model_incorrect,same_benchmark,8,tier1,queued,bulk_unverified
deepseek_r1_distill_llama_8b,hellaswag,commonsense,model_incorrect,same_benchmark,16,tier1,queued,bulk_unverified
deepseek_r1_distill_llama_8b,hellaswag,commonsense,model_incorrect,same_benchmark,32,tier1,queued,bulk_unverified
deepseek_r1_distill_llama_8b,hellaswag,commonsense,model_correct,same_domain_other_benchmark,0,tier1,queued,bulk_unverified
deepseek_r1_distill_llama_8b,hellaswag,commonsense,model_correct,same_domain_other_benchmark,1,tier1,queued,bulk_unverified
deepseek_r1_distill_llama_8b,hellaswag,commonsense,model_correct,same_domain_other_benchmark,2,tier1,queued,bulk_unverified
deepseek_r1_distill_llama_8b,hellaswag,commonsense,model_correct,same_domain_other_benchmark,4,tier1,queued,bulk_unverified
deepseek_r1_distill_llama_8b,hellaswag,commonsense,model_correct,same_domain_other_benchmark,8,tier1,queued,bulk_unverified
deepseek_r1_distill_llama_8b,hellaswag,commonsense,model_correct,same_domain_other_benchmark,16,tier1,queued,bulk_unverified
deepseek_r1_distill_llama_8b,hellaswag,commonsense,model_correct,same_domain_other_benchmark,32,tier1,queued,bulk_unverified
deepseek_r1_distill_llama_8b,hellaswag,commonsense,model_incorrect,same_domain_other_benchmark,0,tier1,queued,bulk_unverified
deepseek_r1_distill_llama_8b,hellaswag,commonsense,model_incorrect,same_domain_other_benchmark,1,tier1,queued,bulk_unverified
deepseek_r1_distill_llama_8b,hellaswag,commonsense,model_incorrect,same_domain_other_benchmark,2,tier1,queued,bulk_unverified
deepseek_r1_distill_llama_8b,hellaswag,commonsense,model_incorrect,same_domain_other_benchmark,4,tier1,queued,bulk_unverified
deepseek_r1_distill_llama_8b,hellaswag,commonsense,model_incorrect,same_domain_other_benchmark,8,tier1,queued,bulk_unverified
deepseek_r1_distill_llama_8b,hellaswag,commonsense,model_incorrect,same_domain_other_benchmark,16,tier1,queued,bulk_unverified
deepseek_r1_distill_llama_8b,hellaswag,commonsense,model_incorrect,same_domain_other_benchmark,32,tier1,queued,bulk_unverified
deepseek_r1_distill_llama_8b,hellaswag,commonsense,model_correct,cross_domain,0,tier1,queued,bulk_unverified
deepseek_r1_distill_llama_8b,hellaswag,commonsense,model_correct,cross_domain,1,tier1,queued,bulk_unverified
deepseek_r1_distill_llama_8b,hellaswag,commonsense,model_correct,cross_domain,2,tier1,queued,bulk_unverified
deepseek_r1_distill_llama_8b,hellaswag,commonsense,model_correct,cross_domain,4,tier1,queued,bulk_unverified
deepseek_r1_distill_llama_8b,hellaswag,commonsense,model_correct,cross_domain,8,tier1,queued,bulk_unverified
deepseek_r1_distill_llama_8b,hellaswag,commonsense,model_correct,cross_domain,16,tier1,queued,bulk_unverified
deepseek_r1_distill_llama_8b,hellaswag,commonsense,model_correct,cross_domain,32,tier1,queued,bulk_unverified
deepseek_r1_distill_llama_8b,hellaswag,commonsense,model_incorrect,cross_domain,0,tier1,queued,bulk_unverified
deepseek_r1_distill_llama_8b,hellaswag,commonsense,model_incorrect,cross_domain,1,tier1,queued,bulk_unverified
deepseek_r1_distill_llama_8b,hellaswag,commonsense,model_incorrect,cross_domain,2,tier1,queued,bulk_unverified
deepseek_r1_distill_llama_8b,hellaswag,commonsense,model_incorrect,cross_domain,4,tier1,queued,bulk_unverified
deepseek_r1_distill_llama_8b,hellaswag,commonsense,model_incorrect,cross_domain,8,tier1,queued,bulk_unverified
deepseek_r1_distill_llama_8b,hellaswag,commonsense,model_incorrect,cross_domain,16,tier1,queued,bulk_unverified
deepseek_r1_distill_llama_8b,hellaswag,commonsense,model_incorrect,cross_domain,32,tier1,queued,bulk_unverified
deepseek_r1_distill_llama_8b,piqa,commonsense,model_correct,same_benchmark,0,tier1,queued,bulk_unverified
deepseek_r1_distill_llama_8b,piqa,commonsense,model_correct,same_benchmark,1,tier1,queued,bulk_unverified
deepseek_r1_distill_llama_8b,piqa,commonsense,model_correct,same_benchmark,2,tier1,queued,bulk_unverified
deepseek_r1_distill_llama_8b,piqa,commonsense,model_correct,same_benchmark,4,tier1,queued,bulk_unverified
deepseek_r1_distill_llama_8b,piqa,commonsense,model_correct,same_benchmark,8,tier1,queued,bulk_unverified
deepseek_r1_distill_llama_8b,piqa,commonsense,model_correct,same_benchmark,16,tier1,queued,bulk_unverified
deepseek_r1_distill_llama_8b,piqa,commonsense,model_correct,same_benchmark,32,tier1,queued,bulk_unverified
deepseek_r1_distill_llama_8b,piqa,commonsense,model_incorrect,same_benchmark,0,tier1,queued,bulk_unverified
deepseek_r1_distill_llama_8b,piqa,commonsense,model_incorrect,same_benchmark,1,tier1,queued,bulk_unverified
deepseek_r1_distill_llama_8b,piqa,commonsense,model_incorrect,same_benchmark,2,tier1,queued,bulk_unverified
deepseek_r1_distill_llama_8b,piqa,commonsense,model_incorrect,same_benchmark,4,tier1,queued,bulk_unverified
deepseek_r1_distill_llama_8b,piqa,commonsense,model_incorrect,same_benchmark,8,tier1,queued,bulk_unverified
deepseek_r1_distill_llama_8b,piqa,commonsense,model_incorrect,same_benchmark,16,tier1,queued,bulk_unverified
deepseek_r1_distill_llama_8b,piqa,commonsense,model_incorrect,same_benchmark,32,tier1,queued,bulk_unverified
deepseek_r1_distill_llama_8b,piqa,commonsense,model_correct,same_domain_other_benchmark,0,tier1,queued,bulk_unverified
deepseek_r1_distill_llama_8b,piqa,commonsense,model_correct,same_domain_other_benchmark,1,tier1,queued,bulk_unverified
deepseek_r1_distill_llama_8b,piqa,commonsense,model_correct,same_domain_other_benchmark,2,tier1,queued,bulk_unverified
deepseek_r1_distill_llama_8b,piqa,commonsense,model_correct,same_domain_other_benchmark,4,tier1,queued,bulk_unverified
deepseek_r1_distill_llama_8b,piqa,commonsense,model_correct,same_domain_other_benchmark,8,tier1,queued,bulk_unverified
deepseek_r1_distill_llama_8b,piqa,commonsense,model_correct,same_domain_other_benchmark,16,tier1,queued,bulk_unverified
deepseek_r1_distill_llama_8b,piqa,commonsense,model_correct,same_domain_other_benchmark,32,tier1,queued,bulk_unverified
deepseek_r1_distill_llama_8b,piqa,commonsense,model_incorrect,same_domain_other_benchmark,0,tier1,queued,bulk_unverified
deepseek_r1_distill_llama_8b,piqa,commonsense,model_incorrect,same_domain_other_benchmark,1,tier1,queued,bulk_unverified
deepseek_r1_distill_llama_8b,piqa,commonsense,model_incorrect,same_domain_other_benchmark,2,tier1,queued,bulk_unverified
deepseek_r1_distill_llama_8b,piqa,commonsense,model_incorrect,same_domain_other_benchmark,4,tier1,queued,bulk_unverified
deepseek_r1_distill_llama_8b,piqa,commonsense,model_incorrect,same_domain_other_benchmark,8,tier1,queued,bulk_unverified
deepseek_r1_distill_llama_8b,piqa,commonsense,model_incorrect,same_domain_other_benchmark,16,tier1,queued,bulk_unverified
deepseek_r1_distill_llama_8b,piqa,commonsense,model_incorrect,same_domain_other_benchmark,32,tier1,queued,bulk_unverified
deepseek_r1_distill_llama_8b,piqa,commonsense,model_correct,cross_domain,0,tier1,queued,bulk_unverified
deepseek_r1_distill_llama_8b,piqa,commonsense,model_correct,cross_domain,1,tier1,queued,bulk_unverified
deepseek_r1_distill_llama_8b,piqa,commonsense,model_correct,cross_domain,2,tier1,queued,bulk_unverified
deepseek_r1_distill_llama_8b,piqa,commonsense,model_correct,cross_domain,4,tier1,queued,bulk_unverified
deepseek_r1_distill_llama_8b,piqa,commonsense,model_correct,cross_domain,8,tier1,queued,bulk_unverified
deepseek_r1_distill_llama_8b,piqa,commonsense,model_correct,cross_domain,16,tier1,queued,bulk_unverified
deepseek_r1_distill_llama_8b,piqa,commonsense,model_correct,cross_domain,32,tier1,queued,bulk_unverified
deepseek_r1_distill_llama_8b,piqa,commonsense,model_incorrect,cross_domain,0,tier1,queued,bulk_unverified
deepseek_r1_distill_llama_8b,piqa,commonsense,model_incorrect,cross_domain,1,tier1,queued,bulk_unverified
deepseek_r1_distill_llama_8b,piqa,commonsense,model_incorrect,cross_domain,2,tier1,queued,bulk_unverified
deepseek_r1_distill_llama_8b,piqa,commonsense,model_incorrect,cross_domain,4,tier1,queued,bulk_unverified
deepseek_r1_distill_llama_8b,piqa,commonsense,model_incorrect,cross_domain,8,tier1,queued,bulk_unverified
deepseek_r1_distill_llama_8b,piqa,commonsense,model_incorrect,cross_domain,16,tier1,queued,bulk_unverified
deepseek_r1_distill_llama_8b,piqa,commonsense,model_incorrect,cross_domain,32,tier1,queued,bulk_unverified
deepseek_r1_distill_llama_8b,boolq,factual_reading,model_correct,same_benchmark,0,tier1,queued,bulk_unverified
deepseek_r1_distill_llama_8b,boolq,factual_reading,model_correct,same_benchmark,1,tier1,queued,bulk_unverified
deepseek_r1_distill_llama_8b,boolq,factual_reading,model_correct,same_benchmark,2,tier1,queued,bulk_unverified
deepseek_r1_distill_llama_8b,boolq,factual_reading,model_correct,same_benchmark,4,tier1,queued,bulk_unverified
deepseek_r1_distill_llama_8b,boolq,factual_reading,model_correct,same_benchmark,8,tier1,queued,bulk_unverified
deepseek_r1_distill_llama_8b,boolq,factual_reading,model_correct,same_benchmark,16,tier1,queued,bulk_unverified
deepseek_r1_distill_llama_8b,boolq,factual_reading,model_correct,same_benchmark,32,tier1,queued,bulk_unverified
deepseek_r1_distill_llama_8b,boolq,factual_reading,model_incorrect,same_benchmark,0,tier1,queued,bulk_unverified
deepseek_r1_distill_llama_8b,boolq,factual_reading,model_incorrect,same_benchmark,1,tier1,queued,bulk_unverified
deepseek_r1_distill_llama_8b,boolq,factual_reading,model_incorrect,same_benchmark,2,tier1,queued,bulk_unverified
deepseek_r1_distill_llama_8b,boolq,factual_reading,model_incorrect,same_benchmark,4,tier1,queued,bulk_unverified
deepseek_r1_distill_llama_8b,boolq,factual_reading,model_incorrect,same_benchmark,8,tier1,queued,bulk_unverified
deepseek_r1_distill_llama_8b,boolq,factual_reading,model_incorrect,same_benchmark,16,tier1,queued,bulk_unverified
deepseek_r1_distill_llama_8b,boolq,factual_reading,model_incorrect,same_benchmark,32,tier1,queued,bulk_unverified
deepseek_r1_distill_llama_8b,boolq,factual_reading,model_correct,same_domain_other_benchmark,0,tier1,queued,bulk_unverified
deepseek_r1_distill_llama_8b,boolq,factual_reading,model_correct,same_domain_other_benchmark,1,tier1,queued,bulk_unverified
deepseek_r1_distill_llama_8b,boolq,factual_reading,model_correct,same_domain_other_benchmark,2,tier1,queued,bulk_unverified
deepseek_r1_distill_llama_8b,boolq,factual_reading,model_correct,same_domain_other_benchmark,4,tier1,queued,bulk_unverified
deepseek_r1_distill_llama_8b,boolq,factual_reading,model_correct,same_domain_other_benchmark,8,tier1,queued,bulk_unverified
deepseek_r1_distill_llama_8b,boolq,factual_reading,model_correct,same_domain_other_benchmark,16,tier1,queued,bulk_unverified
deepseek_r1_distill_llama_8b,boolq,factual_reading,model_correct,same_domain_other_benchmark,32,tier1,queued,bulk_unverified
deepseek_r1_distill_llama_8b,boolq,factual_reading,model_incorrect,same_domain_other_benchmark,0,tier1,queued,bulk_unverified
deepseek_r1_distill_llama_8b,boolq,factual_reading,model_incorrect,same_domain_other_benchmark,1,tier1,queued,bulk_unverified
deepseek_r1_distill_llama_8b,boolq,factual_reading,model_incorrect,same_domain_other_benchmark,2,tier1,queued,bulk_unverified
deepseek_r1_distill_llama_8b,boolq,factual_reading,model_incorrect,same_domain_other_benchmark,4,tier1,queued,bulk_unverified
deepseek_r1_distill_llama_8b,boolq,factual_reading,model_incorrect,same_domain_other_benchmark,8,tier1,queued,bulk_unverified
deepseek_r1_distill_llama_8b,boolq,factual_reading,model_incorrect,same_domain_other_benchmark,16,tier1,queued,bulk_unverified
deepseek_r1_distill_llama_8b,boolq,factual_reading,model_incorrect,same_domain_other_benchmark,32,tier1,queued,bulk_unverified
deepseek_r1_distill_llama_8b,boolq,factual_reading,model_correct,cross_domain,0,tier1,queued,bulk_unverified
deepseek_r1_distill_llama_8b,boolq,factual_reading,model_correct,cross_domain,1,tier1,queued,bulk_unverified
deepseek_r1_distill_llama_8b,boolq,factual_reading,model_correct,cross_domain,2,tier1,queued,bulk_unverified
deepseek_r1_distill_llama_8b,boolq,factual_reading,model_correct,cross_domain,4,tier1,queued,bulk_unverified
deepseek_r1_distill_llama_8b,boolq,factual_reading,model_correct,cross_domain,8,tier1,queued,bulk_unverified
deepseek_r1_distill_llama_8b,boolq,factual_reading,model_correct,cross_domain,16,tier1,queued,bulk_unverified
deepseek_r1_distill_llama_8b,boolq,factual_reading,model_correct,cross_domain,32,tier1,queued,bulk_unverified
deepseek_r1_distill_llama_8b,boolq,factual_reading,model_incorrect,cross_domain,0,tier1,queued,bulk_unverified
deepseek_r1_distill_llama_8b,boolq,factual_reading,model_incorrect,cross_domain,1,tier1,queued,bulk_unverified
deepseek_r1_distill_llama_8b,boolq,factual_reading,model_incorrect,cross_domain,2,tier1,queued,bulk_unverified
deepseek_r1_distill_llama_8b,boolq,factual_reading,model_incorrect,cross_domain,4,tier1,queued,bulk_unverified
deepseek_r1_distill_llama_8b,boolq,factual_reading,model_incorrect,cross_domain,8,tier1,queued,bulk_unverified
deepseek_r1_distill_llama_8b,boolq,factual_reading,model_incorrect,cross_domain,16,tier1,queued,bulk_unverified
deepseek_r1_distill_llama_8b,boolq,factual_reading,model_incorrect,cross_domain,32,tier1,queued,bulk_unverified
deepseek_r1_distill_llama_8b,truthfulqa_mc,factual_reading,model_correct,same_benchmark,0,tier1,queued,bulk_unverified
deepseek_r1_distill_llama_8b,truthfulqa_mc,factual_reading,model_correct,same_benchmark,1,tier1,queued,bulk_unverified
deepseek_r1_distill_llama_8b,truthfulqa_mc,factual_reading,model_correct,same_benchmark,2,tier1,queued,bulk_unverified
deepseek_r1_distill_llama_8b,truthfulqa_mc,factual_reading,model_correct,same_benchmark,4,tier1,queued,bulk_unverified
deepseek_r1_distill_llama_8b,truthfulqa_mc,factual_reading,model_correct,same_benchmark,8,tier1,queued,bulk_unverified
deepseek_r1_distill_llama_8b,truthfulqa_mc,factual_reading,model_correct,same_benchmark,16,tier1,queued,bulk_unverified
deepseek_r1_distill_llama_8b,truthfulqa_mc,factual_reading,model_correct,same_benchmark,32,tier1,queued,bulk_unverified
deepseek_r1_distill_llama_8b,truthfulqa_mc,factual_reading,model_incorrect,same_benchmark,0,tier1,queued,bulk_unverified
deepseek_r1_distill_llama_8b,truthfulqa_mc,factual_reading,model_incorrect,same_benchmark,1,tier1,queued,bulk_unverified
deepseek_r1_distill_llama_8b,truthfulqa_mc,factual_reading,model_incorrect,same_benchmark,2,tier1,queued,bulk_unverified
deepseek_r1_distill_llama_8b,truthfulqa_mc,factual_reading,model_incorrect,same_benchmark,4,tier1,queued,bulk_unverified
deepseek_r1_distill_llama_8b,truthfulqa_mc,factual_reading,model_incorrect,same_benchmark,8,tier1,queued,bulk_unverified
deepseek_r1_distill_llama_8b,truthfulqa_mc,factual_reading,model_incorrect,same_benchmark,16,tier1,queued,bulk_unverified
deepseek_r1_distill_llama_8b,truthfulqa_mc,factual_reading,model_incorrect,same_benchmark,32,tier1,queued,bulk_unverified
deepseek_r1_distill_llama_8b,truthfulqa_mc,factual_reading,model_correct,same_domain_other_benchmark,0,tier1,queued,bulk_unverified
deepseek_r1_distill_llama_8b,truthfulqa_mc,factual_reading,model_correct,same_domain_other_benchmark,1,tier1,queued,bulk_unverified
deepseek_r1_distill_llama_8b,truthfulqa_mc,factual_reading,model_correct,same_domain_other_benchmark,2,tier1,queued,bulk_unverified
deepseek_r1_distill_llama_8b,truthfulqa_mc,factual_reading,model_correct,same_domain_other_benchmark,4,tier1,queued,bulk_unverified
deepseek_r1_distill_llama_8b,truthfulqa_mc,factual_reading,model_correct,same_domain_other_benchmark,8,tier1,queued,bulk_unverified
deepseek_r1_distill_llama_8b,truthfulqa_mc,factual_reading,model_correct,same_domain_other_benchmark,16,tier1,queued,bulk_unverified
deepseek_r1_distill_llama_8b,truthfulqa_mc,factual_reading,model_correct,same_domain_other_benchmark,32,tier1,queued,bulk_unverified
deepseek_r1_distill_llama_8b,truthfulqa_mc,factual_reading,model_incorrect,same_domain_other_benchmark,0,tier1,queued,bulk_unverified
deepseek_r1_distill_llama_8b,truthfulqa_mc,factual_reading,model_incorrect,same_domain_other_benchmark,1,tier1,queued,bulk_unverified
deepseek_r1_distill_llama_8b,truthfulqa_mc,factual_reading,model_incorrect,same_domain_other_benchmark,2,tier1,queued,bulk_unverified
deepseek_r1_distill_llama_8b,truthfulqa_mc,factual_reading,model_incorrect,same_domain_other_benchmark,4,tier1,queued,bulk_unverified
deepseek_r1_distill_llama_8b,truthfulqa_mc,factual_reading,model_incorrect,same_domain_other_benchmark,8,tier1,queued,bulk_unverified
deepseek_r1_distill_llama_8b,truthfulqa_mc,factual_reading,model_incorrect,same_domain_other_benchmark,16,tier1,queued,bulk_unverified
deepseek_r1_distill_llama_8b,truthfulqa_mc,factual_reading,model_incorrect,same_domain_other_benchmark,32,tier1,queued,bulk_unverified
deepseek_r1_distill_llama_8b,truthfulqa_mc,factual_reading,model_correct,cross_domain,0,tier1,queued,bulk_unverified
deepseek_r1_distill_llama_8b,truthfulqa_mc,factual_reading,model_correct,cross_domain,1,tier1,queued,bulk_unverified
deepseek_r1_distill_llama_8b,truthfulqa_mc,factual_reading,model_correct,cross_domain,2,tier1,queued,bulk_unverified
deepseek_r1_distill_llama_8b,truthfulqa_mc,factual_reading,model_correct,cross_domain,4,tier1,queued,bulk_unverified
deepseek_r1_distill_llama_8b,truthfulqa_mc,factual_reading,model_correct,cross_domain,8,tier1,queued,bulk_unverified
deepseek_r1_distill_llama_8b,truthfulqa_mc,factual_reading,model_correct,cross_domain,16,tier1,queued,bulk_unverified
deepseek_r1_distill_llama_8b,truthfulqa_mc,factual_reading,model_correct,cross_domain,32,tier1,queued,bulk_unverified
deepseek_r1_distill_llama_8b,truthfulqa_mc,factual_reading,model_incorrect,cross_domain,0,tier1,queued,bulk_unverified
deepseek_r1_distill_llama_8b,truthfulqa_mc,factual_reading,model_incorrect,cross_domain,1,tier1,queued,bulk_unverified
deepseek_r1_distill_llama_8b,truthfulqa_mc,factual_reading,model_incorrect,cross_domain,2,tier1,queued,bulk_unverified
deepseek_r1_distill_llama_8b,truthfulqa_mc,factual_reading,model_incorrect,cross_domain,4,tier1,queued,bulk_unverified
deepseek_r1_distill_llama_8b,truthfulqa_mc,factual_reading,model_incorrect,cross_domain,8,tier1,queued,bulk_unverified
deepseek_r1_distill_llama_8b,truthfulqa_mc,factual_reading,model_incorrect,cross_domain,16,tier1,queued,bulk_unverified
deepseek_r1_distill_llama_8b,truthfulqa_mc,factual_reading,model_incorrect,cross_domain,32,tier1,queued,bulk_unverified
qwq_32b,gsm8k,math,model_correct,same_benchmark,0,tier1,queued,retry_tp2
qwq_32b,gsm8k,math,model_correct,same_benchmark,1,tier1,queued,retry_tp2
qwq_32b,gsm8k,math,model_correct,same_benchmark,2,tier1,queued,retry_tp2
qwq_32b,gsm8k,math,model_correct,same_benchmark,4,tier1,queued,retry_tp2
qwq_32b,gsm8k,math,model_correct,same_benchmark,8,tier1,queued,retry_tp2
qwq_32b,gsm8k,math,model_correct,same_benchmark,16,tier1,queued,retry_tp2
qwq_32b,gsm8k,math,model_correct,same_benchmark,32,tier1,queued,retry_tp2
qwq_32b,gsm8k,math,model_incorrect,same_benchmark,0,tier1,queued,retry_tp2
qwq_32b,gsm8k,math,model_incorrect,same_benchmark,1,tier1,queued,retry_tp2
qwq_32b,gsm8k,math,model_incorrect,same_benchmark,2,tier1,queued,retry_tp2
qwq_32b,gsm8k,math,model_incorrect,same_benchmark,4,tier1,queued,retry_tp2
qwq_32b,gsm8k,math,model_incorrect,same_benchmark,8,tier1,queued,retry_tp2
qwq_32b,gsm8k,math,model_incorrect,same_benchmark,16,tier1,queued,retry_tp2
qwq_32b,gsm8k,math,model_incorrect,same_benchmark,32,tier1,queued,retry_tp2
qwq_32b,gsm8k,math,model_correct,same_domain_other_benchmark,0,tier1,queued,retry_tp2
qwq_32b,gsm8k,math,model_correct,same_domain_other_benchmark,1,tier1,queued,retry_tp2
qwq_32b,gsm8k,math,model_correct,same_domain_other_benchmark,2,tier1,queued,retry_tp2
qwq_32b,gsm8k,math,model_correct,same_domain_other_benchmark,4,tier1,queued,retry_tp2
qwq_32b,gsm8k,math,model_correct,same_domain_other_benchmark,8,tier1,queued,retry_tp2
qwq_32b,gsm8k,math,model_correct,same_domain_other_benchmark,16,tier1,queued,retry_tp2
qwq_32b,gsm8k,math,model_correct,same_domain_other_benchmark,32,tier1,queued,retry_tp2
qwq_32b,gsm8k,math,model_incorrect,same_domain_other_benchmark,0,tier1,queued,retry_tp2
qwq_32b,gsm8k,math,model_incorrect,same_domain_other_benchmark,1,tier1,queued,retry_tp2
qwq_32b,gsm8k,math,model_incorrect,same_domain_other_benchmark,2,tier1,queued,retry_tp2
qwq_32b,gsm8k,math,model_incorrect,same_domain_other_benchmark,4,tier1,queued,retry_tp2
qwq_32b,gsm8k,math,model_incorrect,same_domain_other_benchmark,8,tier1,queued,retry_tp2
qwq_32b,gsm8k,math,model_incorrect,same_domain_other_benchmark,16,tier1,queued,retry_tp2
qwq_32b,gsm8k,math,model_incorrect,same_domain_other_benchmark,32,tier1,queued,retry_tp2
qwq_32b,gsm8k,math,model_correct,cross_domain,0,tier1,queued,retry_tp2
qwq_32b,gsm8k,math,model_correct,cross_domain,1,tier1,queued,retry_tp2
qwq_32b,gsm8k,math,model_correct,cross_domain,2,tier1,queued,retry_tp2
qwq_32b,gsm8k,math,model_correct,cross_domain,4,tier1,queued,retry_tp2
qwq_32b,gsm8k,math,model_correct,cross_domain,8,tier1,queued,retry_tp2
qwq_32b,gsm8k,math,model_correct,cross_domain,16,tier1,queued,retry_tp2
qwq_32b,gsm8k,math,model_correct,cross_domain,32,tier1,queued,retry_tp2
qwq_32b,gsm8k,math,model_incorrect,cross_domain,0,tier1,queued,retry_tp2
qwq_32b,gsm8k,math,model_incorrect,cross_domain,1,tier1,queued,retry_tp2
qwq_32b,gsm8k,math,model_incorrect,cross_domain,2,tier1,queued,retry_tp2
qwq_32b,gsm8k,math,model_incorrect,cross_domain,4,tier1,queued,retry_tp2
qwq_32b,gsm8k,math,model_incorrect,cross_domain,8,tier1,queued,retry_tp2
qwq_32b,gsm8k,math,model_incorrect,cross_domain,16,tier1,queued,retry_tp2
qwq_32b,gsm8k,math,model_incorrect,cross_domain,32,tier1,queued,retry_tp2
qwq_32b,math500,math,model_correct,same_benchmark,0,tier1,queued,retry_tp2
qwq_32b,math500,math,model_correct,same_benchmark,1,tier1,queued,retry_tp2
qwq_32b,math500,math,model_correct,same_benchmark,2,tier1,queued,retry_tp2
qwq_32b,math500,math,model_correct,same_benchmark,4,tier1,queued,retry_tp2
qwq_32b,math500,math,model_correct,same_benchmark,8,tier1,queued,retry_tp2
qwq_32b,math500,math,model_correct,same_benchmark,16,tier1,queued,retry_tp2
qwq_32b,math500,math,model_correct,same_benchmark,32,tier1,queued,retry_tp2
qwq_32b,math500,math,model_incorrect,same_benchmark,0,tier1,queued,retry_tp2
qwq_32b,math500,math,model_incorrect,same_benchmark,1,tier1,queued,retry_tp2
qwq_32b,math500,math,model_incorrect,same_benchmark,2,tier1,queued,retry_tp2
qwq_32b,math500,math,model_incorrect,same_benchmark,4,tier1,queued,retry_tp2
qwq_32b,math500,math,model_incorrect,same_benchmark,8,tier1,queued,retry_tp2
qwq_32b,math500,math,model_incorrect,same_benchmark,16,tier1,queued,retry_tp2
qwq_32b,math500,math,model_incorrect,same_benchmark,32,tier1,queued,retry_tp2
qwq_32b,math500,math,model_correct,same_domain_other_benchmark,0,tier1,queued,retry_tp2
qwq_32b,math500,math,model_correct,same_domain_other_benchmark,1,tier1,queued,retry_tp2
qwq_32b,math500,math,model_correct,same_domain_other_benchmark,2,tier1,queued,retry_tp2
qwq_32b,math500,math,model_correct,same_domain_other_benchmark,4,tier1,queued,retry_tp2
qwq_32b,math500,math,model_correct,same_domain_other_benchmark,8,tier1,queued,retry_tp2
qwq_32b,math500,math,model_correct,same_domain_other_benchmark,16,tier1,queued,retry_tp2
qwq_32b,math500,math,model_correct,same_domain_other_benchmark,32,tier1,queued,retry_tp2
qwq_32b,math500,math,model_incorrect,same_domain_other_benchmark,0,tier1,queued,retry_tp2
qwq_32b,math500,math,model_incorrect,same_domain_other_benchmark,1,tier1,queued,retry_tp2
qwq_32b,math500,math,model_incorrect,same_domain_other_benchmark,2,tier1,queued,retry_tp2
qwq_32b,math500,math,model_incorrect,same_domain_other_benchmark,4,tier1,queued,retry_tp2
qwq_32b,math500,math,model_incorrect,same_domain_other_benchmark,8,tier1,queued,retry_tp2
qwq_32b,math500,math,model_incorrect,same_domain_other_benchmark,16,tier1,queued,retry_tp2
qwq_32b,math500,math,model_incorrect,same_domain_other_benchmark,32,tier1,queued,retry_tp2
qwq_32b,math500,math,model_correct,cross_domain,0,tier1,queued,retry_tp2
qwq_32b,math500,math,model_correct,cross_domain,1,tier1,queued,retry_tp2
qwq_32b,math500,math,model_correct,cross_domain,2,tier1,queued,retry_tp2
qwq_32b,math500,math,model_correct,cross_domain,4,tier1,queued,retry_tp2
qwq_32b,math500,math,model_correct,cross_domain,8,tier1,queued,retry_tp2
qwq_32b,math500,math,model_correct,cross_domain,16,tier1,queued,retry_tp2
qwq_32b,math500,math,model_correct,cross_domain,32,tier1,queued,retry_tp2
qwq_32b,math500,math,model_incorrect,cross_domain,0,tier1,queued,retry_tp2
qwq_32b,math500,math,model_incorrect,cross_domain,1,tier1,queued,retry_tp2
qwq_32b,math500,math,model_incorrect,cross_domain,2,tier1,queued,retry_tp2
qwq_32b,math500,math,model_incorrect,cross_domain,4,tier1,queued,retry_tp2
qwq_32b,math500,math,model_incorrect,cross_domain,8,tier1,queued,retry_tp2
qwq_32b,math500,math,model_incorrect,cross_domain,16,tier1,queued,retry_tp2
qwq_32b,math500,math,model_incorrect,cross_domain,32,tier1,queued,retry_tp2
qwq_32b,gpqa,science,model_correct,same_benchmark,0,tier1,queued,retry_tp2
qwq_32b,gpqa,science,model_correct,same_benchmark,1,tier1,queued,retry_tp2
qwq_32b,gpqa,science,model_correct,same_benchmark,2,tier1,queued,retry_tp2
qwq_32b,gpqa,science,model_correct,same_benchmark,4,tier1,queued,retry_tp2
qwq_32b,gpqa,science,model_correct,same_benchmark,8,tier1,queued,retry_tp2
qwq_32b,gpqa,science,model_correct,same_benchmark,16,tier1,queued,retry_tp2
qwq_32b,gpqa,science,model_correct,same_benchmark,32,tier1,queued,retry_tp2
qwq_32b,gpqa,science,model_incorrect,same_benchmark,0,tier1,queued,retry_tp2
qwq_32b,gpqa,science,model_incorrect,same_benchmark,1,tier1,queued,retry_tp2
qwq_32b,gpqa,science,model_incorrect,same_benchmark,2,tier1,queued,retry_tp2
qwq_32b,gpqa,science,model_incorrect,same_benchmark,4,tier1,queued,retry_tp2
qwq_32b,gpqa,science,model_incorrect,same_benchmark,8,tier1,queued,retry_tp2
qwq_32b,gpqa,science,model_incorrect,same_benchmark,16,tier1,queued,retry_tp2
qwq_32b,gpqa,science,model_incorrect,same_benchmark,32,tier1,queued,retry_tp2
qwq_32b,gpqa,science,model_correct,same_domain_other_benchmark,0,tier1,queued,retry_tp2
qwq_32b,gpqa,science,model_correct,same_domain_other_benchmark,1,tier1,queued,retry_tp2
qwq_32b,gpqa,science,model_correct,same_domain_other_benchmark,2,tier1,queued,retry_tp2
qwq_32b,gpqa,science,model_correct,same_domain_other_benchmark,4,tier1,queued,retry_tp2
qwq_32b,gpqa,science,model_correct,same_domain_other_benchmark,8,tier1,queued,retry_tp2
qwq_32b,gpqa,science,model_correct,same_domain_other_benchmark,16,tier1,queued,retry_tp2
qwq_32b,gpqa,science,model_correct,same_domain_other_benchmark,32,tier1,queued,retry_tp2
qwq_32b,gpqa,science,model_incorrect,same_domain_other_benchmark,0,tier1,queued,retry_tp2
qwq_32b,gpqa,science,model_incorrect,same_domain_other_benchmark,1,tier1,queued,retry_tp2
qwq_32b,gpqa,science,model_incorrect,same_domain_other_benchmark,2,tier1,queued,retry_tp2
qwq_32b,gpqa,science,model_incorrect,same_domain_other_benchmark,4,tier1,queued,retry_tp2
qwq_32b,gpqa,science,model_incorrect,same_domain_other_benchmark,8,tier1,queued,retry_tp2
qwq_32b,gpqa,science,model_incorrect,same_domain_other_benchmark,16,tier1,queued,retry_tp2
qwq_32b,gpqa,science,model_incorrect,same_domain_other_benchmark,32,tier1,queued,retry_tp2
qwq_32b,gpqa,science,model_correct,cross_domain,0,tier1,queued,retry_tp2
qwq_32b,gpqa,science,model_correct,cross_domain,1,tier1,queued,retry_tp2
qwq_32b,gpqa,science,model_correct,cross_domain,2,tier1,queued,retry_tp2
qwq_32b,gpqa,science,model_correct,cross_domain,4,tier1,queued,retry_tp2
qwq_32b,gpqa,science,model_correct,cross_domain,8,tier1,queued,retry_tp2
qwq_32b,gpqa,science,model_correct,cross_domain,16,tier1,queued,retry_tp2
qwq_32b,gpqa,science,model_correct,cross_domain,32,tier1,queued,retry_tp2
qwq_32b,gpqa,science,model_incorrect,cross_domain,0,tier1,queued,retry_tp2
qwq_32b,gpqa,science,model_incorrect,cross_domain,1,tier1,queued,retry_tp2
qwq_32b,gpqa,science,model_incorrect,cross_domain,2,tier1,queued,retry_tp2
qwq_32b,gpqa,science,model_incorrect,cross_domain,4,tier1,queued,retry_tp2
qwq_32b,gpqa,science,model_incorrect,cross_domain,8,tier1,queued,retry_tp2
qwq_32b,gpqa,science,model_incorrect,cross_domain,16,tier1,queued,retry_tp2
qwq_32b,gpqa,science,model_incorrect,cross_domain,32,tier1,queued,retry_tp2
qwq_32b,arc_challenge,science,model_correct,same_benchmark,0,tier1,queued,retry_tp2
qwq_32b,arc_challenge,science,model_correct,same_benchmark,1,tier1,queued,retry_tp2
qwq_32b,arc_challenge,science,model_correct,same_benchmark,2,tier1,queued,retry_tp2
qwq_32b,arc_challenge,science,model_correct,same_benchmark,4,tier1,queued,retry_tp2
qwq_32b,arc_challenge,science,model_correct,same_benchmark,8,tier1,queued,retry_tp2
qwq_32b,arc_challenge,science,model_correct,same_benchmark,16,tier1,queued,retry_tp2
qwq_32b,arc_challenge,science,model_correct,same_benchmark,32,tier1,queued,retry_tp2
qwq_32b,arc_challenge,science,model_incorrect,same_benchmark,0,tier1,queued,retry_tp2
qwq_32b,arc_challenge,science,model_incorrect,same_benchmark,1,tier1,queued,retry_tp2
qwq_32b,arc_challenge,science,model_incorrect,same_benchmark,2,tier1,queued,retry_tp2
qwq_32b,arc_challenge,science,model_incorrect,same_benchmark,4,tier1,queued,retry_tp2
qwq_32b,arc_challenge,science,model_incorrect,same_benchmark,8,tier1,queued,retry_tp2
qwq_32b,arc_challenge,science,model_incorrect,same_benchmark,16,tier1,queued,retry_tp2
qwq_32b,arc_challenge,science,model_incorrect,same_benchmark,32,tier1,queued,retry_tp2
qwq_32b,arc_challenge,science,model_correct,same_domain_other_benchmark,0,tier1,queued,retry_tp2
qwq_32b,arc_challenge,science,model_correct,same_domain_other_benchmark,1,tier1,queued,retry_tp2
qwq_32b,arc_challenge,science,model_correct,same_domain_other_benchmark,2,tier1,queued,retry_tp2
qwq_32b,arc_challenge,science,model_correct,same_domain_other_benchmark,4,tier1,queued,retry_tp2
qwq_32b,arc_challenge,science,model_correct,same_domain_other_benchmark,8,tier1,queued,retry_tp2
qwq_32b,arc_challenge,science,model_correct,same_domain_other_benchmark,16,tier1,queued,retry_tp2
qwq_32b,arc_challenge,science,model_correct,same_domain_other_benchmark,32,tier1,queued,retry_tp2
qwq_32b,arc_challenge,science,model_incorrect,same_domain_other_benchmark,0,tier1,queued,retry_tp2
qwq_32b,arc_challenge,science,model_incorrect,same_domain_other_benchmark,1,tier1,queued,retry_tp2
qwq_32b,arc_challenge,science,model_incorrect,same_domain_other_benchmark,2,tier1,queued,retry_tp2
qwq_32b,arc_challenge,science,model_incorrect,same_domain_other_benchmark,4,tier1,queued,retry_tp2
qwq_32b,arc_challenge,science,model_incorrect,same_domain_other_benchmark,8,tier1,queued,retry_tp2
qwq_32b,arc_challenge,science,model_incorrect,same_domain_other_benchmark,16,tier1,queued,retry_tp2
qwq_32b,arc_challenge,science,model_incorrect,same_domain_other_benchmark,32,tier1,queued,retry_tp2
qwq_32b,arc_challenge,science,model_correct,cross_domain,0,tier1,queued,retry_tp2
qwq_32b,arc_challenge,science,model_correct,cross_domain,1,tier1,queued,retry_tp2
qwq_32b,arc_challenge,science,model_correct,cross_domain,2,tier1,queued,retry_tp2
qwq_32b,arc_challenge,science,model_correct,cross_domain,4,tier1,queued,retry_tp2
qwq_32b,arc_challenge,science,model_correct,cross_domain,8,tier1,queued,retry_tp2
qwq_32b,arc_challenge,science,model_correct,cross_domain,16,tier1,queued,retry_tp2
qwq_32b,arc_challenge,science,model_correct,cross_domain,32,tier1,queued,retry_tp2
qwq_32b,arc_challenge,science,model_incorrect,cross_domain,0,tier1,queued,retry_tp2
qwq_32b,arc_challenge,science,model_incorrect,cross_domain,1,tier1,queued,retry_tp2
qwq_32b,arc_challenge,science,model_incorrect,cross_domain,2,tier1,queued,retry_tp2
qwq_32b,arc_challenge,science,model_incorrect,cross_domain,4,tier1,queued,retry_tp2
qwq_32b,arc_challenge,science,model_incorrect,cross_domain,8,tier1,queued,retry_tp2
qwq_32b,arc_challenge,science,model_incorrect,cross_domain,16,tier1,queued,retry_tp2
qwq_32b,arc_challenge,science,model_incorrect,cross_domain,32,tier1,queued,retry_tp2
qwq_32b,mmlu_pro,general_knowledge,model_correct,same_benchmark,0,tier1,queued,retry_tp2
qwq_32b,mmlu_pro,general_knowledge,model_correct,same_benchmark,1,tier1,queued,retry_tp2
qwq_32b,mmlu_pro,general_knowledge,model_correct,same_benchmark,2,tier1,queued,retry_tp2
qwq_32b,mmlu_pro,general_knowledge,model_correct,same_benchmark,4,tier1,queued,retry_tp2
qwq_32b,mmlu_pro,general_knowledge,model_correct,same_benchmark,8,tier1,queued,retry_tp2
qwq_32b,mmlu_pro,general_knowledge,model_correct,same_benchmark,16,tier1,queued,retry_tp2
qwq_32b,mmlu_pro,general_knowledge,model_correct,same_benchmark,32,tier1,queued,retry_tp2
qwq_32b,mmlu_pro,general_knowledge,model_incorrect,same_benchmark,0,tier1,queued,retry_tp2
qwq_32b,mmlu_pro,general_knowledge,model_incorrect,same_benchmark,1,tier1,queued,retry_tp2
qwq_32b,mmlu_pro,general_knowledge,model_incorrect,same_benchmark,2,tier1,queued,retry_tp2
qwq_32b,mmlu_pro,general_knowledge,model_incorrect,same_benchmark,4,tier1,queued,retry_tp2
qwq_32b,mmlu_pro,general_knowledge,model_incorrect,same_benchmark,8,tier1,queued,retry_tp2
qwq_32b,mmlu_pro,general_knowledge,model_incorrect,same_benchmark,16,tier1,queued,retry_tp2
qwq_32b,mmlu_pro,general_knowledge,model_incorrect,same_benchmark,32,tier1,queued,retry_tp2
qwq_32b,mmlu_pro,general_knowledge,model_correct,same_domain_other_benchmark,0,tier1,queued,retry_tp2
qwq_32b,mmlu_pro,general_knowledge,model_correct,same_domain_other_benchmark,1,tier1,queued,retry_tp2
qwq_32b,mmlu_pro,general_knowledge,model_correct,same_domain_other_benchmark,2,tier1,queued,retry_tp2
qwq_32b,mmlu_pro,general_knowledge,model_correct,same_domain_other_benchmark,4,tier1,queued,retry_tp2
qwq_32b,mmlu_pro,general_knowledge,model_correct,same_domain_other_benchmark,8,tier1,queued,retry_tp2
qwq_32b,mmlu_pro,general_knowledge,model_correct,same_domain_other_benchmark,16,tier1,queued,retry_tp2
qwq_32b,mmlu_pro,general_knowledge,model_correct,same_domain_other_benchmark,32,tier1,queued,retry_tp2
qwq_32b,mmlu_pro,general_knowledge,model_incorrect,same_domain_other_benchmark,0,tier1,queued,retry_tp2
qwq_32b,mmlu_pro,general_knowledge,model_incorrect,same_domain_other_benchmark,1,tier1,queued,retry_tp2
qwq_32b,mmlu_pro,general_knowledge,model_incorrect,same_domain_other_benchmark,2,tier1,queued,retry_tp2
qwq_32b,mmlu_pro,general_knowledge,model_incorrect,same_domain_other_benchmark,4,tier1,queued,retry_tp2
qwq_32b,mmlu_pro,general_knowledge,model_incorrect,same_domain_other_benchmark,8,tier1,queued,retry_tp2
qwq_32b,mmlu_pro,general_knowledge,model_incorrect,same_domain_other_benchmark,16,tier1,queued,retry_tp2
qwq_32b,mmlu_pro,general_knowledge,model_incorrect,same_domain_other_benchmark,32,tier1,queued,retry_tp2
qwq_32b,mmlu_pro,general_knowledge,model_correct,cross_domain,0,tier1,queued,retry_tp2
qwq_32b,mmlu_pro,general_knowledge,model_correct,cross_domain,1,tier1,queued,retry_tp2
qwq_32b,mmlu_pro,general_knowledge,model_correct,cross_domain,2,tier1,queued,retry_tp2
qwq_32b,mmlu_pro,general_knowledge,model_correct,cross_domain,4,tier1,queued,retry_tp2
qwq_32b,mmlu_pro,general_knowledge,model_correct,cross_domain,8,tier1,queued,retry_tp2
qwq_32b,mmlu_pro,general_knowledge,model_correct,cross_domain,16,tier1,queued,retry_tp2
qwq_32b,mmlu_pro,general_knowledge,model_correct,cross_domain,32,tier1,queued,retry_tp2
qwq_32b,mmlu_pro,general_knowledge,model_incorrect,cross_domain,0,tier1,queued,retry_tp2
qwq_32b,mmlu_pro,general_knowledge,model_incorrect,cross_domain,1,tier1,queued,retry_tp2
qwq_32b,mmlu_pro,general_knowledge,model_incorrect,cross_domain,2,tier1,queued,retry_tp2
qwq_32b,mmlu_pro,general_knowledge,model_incorrect,cross_domain,4,tier1,queued,retry_tp2
qwq_32b,mmlu_pro,general_knowledge,model_incorrect,cross_domain,8,tier1,queued,retry_tp2
qwq_32b,mmlu_pro,general_knowledge,model_incorrect,cross_domain,16,tier1,queued,retry_tp2
qwq_32b,mmlu_pro,general_knowledge,model_incorrect,cross_domain,32,tier1,queued,retry_tp2
qwq_32b,mmlu_redux_2,general_knowledge,model_correct,same_benchmark,0,tier1,queued,retry_tp2
qwq_32b,mmlu_redux_2,general_knowledge,model_correct,same_benchmark,1,tier1,queued,retry_tp2
qwq_32b,mmlu_redux_2,general_knowledge,model_correct,same_benchmark,2,tier1,queued,retry_tp2
qwq_32b,mmlu_redux_2,general_knowledge,model_correct,same_benchmark,4,tier1,queued,retry_tp2
qwq_32b,mmlu_redux_2,general_knowledge,model_correct,same_benchmark,8,tier1,queued,retry_tp2
qwq_32b,mmlu_redux_2,general_knowledge,model_correct,same_benchmark,16,tier1,queued,retry_tp2
qwq_32b,mmlu_redux_2,general_knowledge,model_correct,same_benchmark,32,tier1,queued,retry_tp2
qwq_32b,mmlu_redux_2,general_knowledge,model_incorrect,same_benchmark,0,tier1,queued,retry_tp2
qwq_32b,mmlu_redux_2,general_knowledge,model_incorrect,same_benchmark,1,tier1,queued,retry_tp2
qwq_32b,mmlu_redux_2,general_knowledge,model_incorrect,same_benchmark,2,tier1,queued,retry_tp2
qwq_32b,mmlu_redux_2,general_knowledge,model_incorrect,same_benchmark,4,tier1,queued,retry_tp2
qwq_32b,mmlu_redux_2,general_knowledge,model_incorrect,same_benchmark,8,tier1,queued,retry_tp2
qwq_32b,mmlu_redux_2,general_knowledge,model_incorrect,same_benchmark,16,tier1,queued,retry_tp2
qwq_32b,mmlu_redux_2,general_knowledge,model_incorrect,same_benchmark,32,tier1,queued,retry_tp2
qwq_32b,mmlu_redux_2,general_knowledge,model_correct,same_domain_other_benchmark,0,tier1,queued,retry_tp2
qwq_32b,mmlu_redux_2,general_knowledge,model_correct,same_domain_other_benchmark,1,tier1,queued,retry_tp2
qwq_32b,mmlu_redux_2,general_knowledge,model_correct,same_domain_other_benchmark,2,tier1,queued,retry_tp2
qwq_32b,mmlu_redux_2,general_knowledge,model_correct,same_domain_other_benchmark,4,tier1,queued,retry_tp2
qwq_32b,mmlu_redux_2,general_knowledge,model_correct,same_domain_other_benchmark,8,tier1,queued,retry_tp2
qwq_32b,mmlu_redux_2,general_knowledge,model_correct,same_domain_other_benchmark,16,tier1,queued,retry_tp2
qwq_32b,mmlu_redux_2,general_knowledge,model_correct,same_domain_other_benchmark,32,tier1,queued,retry_tp2
qwq_32b,mmlu_redux_2,general_knowledge,model_incorrect,same_domain_other_benchmark,0,tier1,queued,retry_tp2
qwq_32b,mmlu_redux_2,general_knowledge,model_incorrect,same_domain_other_benchmark,1,tier1,queued,retry_tp2
qwq_32b,mmlu_redux_2,general_knowledge,model_incorrect,same_domain_other_benchmark,2,tier1,queued,retry_tp2
qwq_32b,mmlu_redux_2,general_knowledge,model_incorrect,same_domain_other_benchmark,4,tier1,queued,retry_tp2
qwq_32b,mmlu_redux_2,general_knowledge,model_incorrect,same_domain_other_benchmark,8,tier1,queued,retry_tp2
qwq_32b,mmlu_redux_2,general_knowledge,model_incorrect,same_domain_other_benchmark,16,tier1,queued,retry_tp2
qwq_32b,mmlu_redux_2,general_knowledge,model_incorrect,same_domain_other_benchmark,32,tier1,queued,retry_tp2
qwq_32b,mmlu_redux_2,general_knowledge,model_correct,cross_domain,0,tier1,queued,retry_tp2
qwq_32b,mmlu_redux_2,general_knowledge,model_correct,cross_domain,1,tier1,queued,retry_tp2
qwq_32b,mmlu_redux_2,general_knowledge,model_correct,cross_domain,2,tier1,queued,retry_tp2
qwq_32b,mmlu_redux_2,general_knowledge,model_correct,cross_domain,4,tier1,queued,retry_tp2
qwq_32b,mmlu_redux_2,general_knowledge,model_correct,cross_domain,8,tier1,queued,retry_tp2
qwq_32b,mmlu_redux_2,general_knowledge,model_correct,cross_domain,16,tier1,queued,retry_tp2
qwq_32b,mmlu_redux_2,general_knowledge,model_correct,cross_domain,32,tier1,queued,retry_tp2
qwq_32b,mmlu_redux_2,general_knowledge,model_incorrect,cross_domain,0,tier1,queued,retry_tp2
qwq_32b,mmlu_redux_2,general_knowledge,model_incorrect,cross_domain,1,tier1,queued,retry_tp2
qwq_32b,mmlu_redux_2,general_knowledge,model_incorrect,cross_domain,2,tier1,queued,retry_tp2
qwq_32b,mmlu_redux_2,general_knowledge,model_incorrect,cross_domain,4,tier1,queued,retry_tp2
qwq_32b,mmlu_redux_2,general_knowledge,model_incorrect,cross_domain,8,tier1,queued,retry_tp2
qwq_32b,mmlu_redux_2,general_knowledge,model_incorrect,cross_domain,16,tier1,queued,retry_tp2
qwq_32b,mmlu_redux_2,general_knowledge,model_incorrect,cross_domain,32,tier1,queued,retry_tp2
qwq_32b,hellaswag,commonsense,model_correct,same_benchmark,0,tier1,queued,retry_tp2
qwq_32b,hellaswag,commonsense,model_correct,same_benchmark,1,tier1,queued,retry_tp2
qwq_32b,hellaswag,commonsense,model_correct,same_benchmark,2,tier1,queued,retry_tp2
qwq_32b,hellaswag,commonsense,model_correct,same_benchmark,4,tier1,queued,retry_tp2
qwq_32b,hellaswag,commonsense,model_correct,same_benchmark,8,tier1,queued,retry_tp2
qwq_32b,hellaswag,commonsense,model_correct,same_benchmark,16,tier1,queued,retry_tp2
qwq_32b,hellaswag,commonsense,model_correct,same_benchmark,32,tier1,queued,retry_tp2
qwq_32b,hellaswag,commonsense,model_incorrect,same_benchmark,0,tier1,queued,retry_tp2
qwq_32b,hellaswag,commonsense,model_incorrect,same_benchmark,1,tier1,queued,retry_tp2
qwq_32b,hellaswag,commonsense,model_incorrect,same_benchmark,2,tier1,queued,retry_tp2
qwq_32b,hellaswag,commonsense,model_incorrect,same_benchmark,4,tier1,queued,retry_tp2
qwq_32b,hellaswag,commonsense,model_incorrect,same_benchmark,8,tier1,queued,retry_tp2
qwq_32b,hellaswag,commonsense,model_incorrect,same_benchmark,16,tier1,queued,retry_tp2
qwq_32b,hellaswag,commonsense,model_incorrect,same_benchmark,32,tier1,queued,retry_tp2
qwq_32b,hellaswag,commonsense,model_correct,same_domain_other_benchmark,0,tier1,queued,retry_tp2
qwq_32b,hellaswag,commonsense,model_correct,same_domain_other_benchmark,1,tier1,queued,retry_tp2
qwq_32b,hellaswag,commonsense,model_correct,same_domain_other_benchmark,2,tier1,queued,retry_tp2
qwq_32b,hellaswag,commonsense,model_correct,same_domain_other_benchmark,4,tier1,queued,retry_tp2
qwq_32b,hellaswag,commonsense,model_correct,same_domain_other_benchmark,8,tier1,queued,retry_tp2
qwq_32b,hellaswag,commonsense,model_correct,same_domain_other_benchmark,16,tier1,queued,retry_tp2
qwq_32b,hellaswag,commonsense,model_correct,same_domain_other_benchmark,32,tier1,queued,retry_tp2
qwq_32b,hellaswag,commonsense,model_incorrect,same_domain_other_benchmark,0,tier1,queued,retry_tp2
qwq_32b,hellaswag,commonsense,model_incorrect,same_domain_other_benchmark,1,tier1,queued,retry_tp2
qwq_32b,hellaswag,commonsense,model_incorrect,same_domain_other_benchmark,2,tier1,queued,retry_tp2
qwq_32b,hellaswag,commonsense,model_incorrect,same_domain_other_benchmark,4,tier1,queued,retry_tp2
qwq_32b,hellaswag,commonsense,model_incorrect,same_domain_other_benchmark,8,tier1,queued,retry_tp2
qwq_32b,hellaswag,commonsense,model_incorrect,same_domain_other_benchmark,16,tier1,queued,retry_tp2
qwq_32b,hellaswag,commonsense,model_incorrect,same_domain_other_benchmark,32,tier1,queued,retry_tp2
qwq_32b,hellaswag,commonsense,model_correct,cross_domain,0,tier1,queued,retry_tp2
qwq_32b,hellaswag,commonsense,model_correct,cross_domain,1,tier1,queued,retry_tp2
qwq_32b,hellaswag,commonsense,model_correct,cross_domain,2,tier1,queued,retry_tp2
qwq_32b,hellaswag,commonsense,model_correct,cross_domain,4,tier1,queued,retry_tp2
qwq_32b,hellaswag,commonsense,model_correct,cross_domain,8,tier1,queued,retry_tp2
qwq_32b,hellaswag,commonsense,model_correct,cross_domain,16,tier1,queued,retry_tp2
qwq_32b,hellaswag,commonsense,model_correct,cross_domain,32,tier1,queued,retry_tp2
qwq_32b,hellaswag,commonsense,model_incorrect,cross_domain,0,tier1,queued,retry_tp2
qwq_32b,hellaswag,commonsense,model_incorrect,cross_domain,1,tier1,queued,retry_tp2
qwq_32b,hellaswag,commonsense,model_incorrect,cross_domain,2,tier1,queued,retry_tp2
qwq_32b,hellaswag,commonsense,model_incorrect,cross_domain,4,tier1,queued,retry_tp2
qwq_32b,hellaswag,commonsense,model_incorrect,cross_domain,8,tier1,queued,retry_tp2
qwq_32b,hellaswag,commonsense,model_incorrect,cross_domain,16,tier1,queued,retry_tp2
qwq_32b,hellaswag,commonsense,model_incorrect,cross_domain,32,tier1,queued,retry_tp2
qwq_32b,piqa,commonsense,model_correct,same_benchmark,0,tier1,queued,retry_tp2
qwq_32b,piqa,commonsense,model_correct,same_benchmark,1,tier1,queued,retry_tp2
qwq_32b,piqa,commonsense,model_correct,same_benchmark,2,tier1,queued,retry_tp2
qwq_32b,piqa,commonsense,model_correct,same_benchmark,4,tier1,queued,retry_tp2
qwq_32b,piqa,commonsense,model_correct,same_benchmark,8,tier1,queued,retry_tp2
qwq_32b,piqa,commonsense,model_correct,same_benchmark,16,tier1,queued,retry_tp2
qwq_32b,piqa,commonsense,model_correct,same_benchmark,32,tier1,queued,retry_tp2
qwq_32b,piqa,commonsense,model_incorrect,same_benchmark,0,tier1,queued,retry_tp2
qwq_32b,piqa,commonsense,model_incorrect,same_benchmark,1,tier1,queued,retry_tp2
qwq_32b,piqa,commonsense,model_incorrect,same_benchmark,2,tier1,queued,retry_tp2
qwq_32b,piqa,commonsense,model_incorrect,same_benchmark,4,tier1,queued,retry_tp2
qwq_32b,piqa,commonsense,model_incorrect,same_benchmark,8,tier1,queued,retry_tp2
qwq_32b,piqa,commonsense,model_incorrect,same_benchmark,16,tier1,queued,retry_tp2
qwq_32b,piqa,commonsense,model_incorrect,same_benchmark,32,tier1,queued,retry_tp2
qwq_32b,piqa,commonsense,model_correct,same_domain_other_benchmark,0,tier1,queued,retry_tp2
qwq_32b,piqa,commonsense,model_correct,same_domain_other_benchmark,1,tier1,queued,retry_tp2
qwq_32b,piqa,commonsense,model_correct,same_domain_other_benchmark,2,tier1,queued,retry_tp2
qwq_32b,piqa,commonsense,model_correct,same_domain_other_benchmark,4,tier1,queued,retry_tp2
qwq_32b,piqa,commonsense,model_correct,same_domain_other_benchmark,8,tier1,queued,retry_tp2
qwq_32b,piqa,commonsense,model_correct,same_domain_other_benchmark,16,tier1,queued,retry_tp2
qwq_32b,piqa,commonsense,model_correct,same_domain_other_benchmark,32,tier1,queued,retry_tp2
qwq_32b,piqa,commonsense,model_incorrect,same_domain_other_benchmark,0,tier1,queued,retry_tp2
qwq_32b,piqa,commonsense,model_incorrect,same_domain_other_benchmark,1,tier1,queued,retry_tp2
qwq_32b,piqa,commonsense,model_incorrect,same_domain_other_benchmark,2,tier1,queued,retry_tp2
qwq_32b,piqa,commonsense,model_incorrect,same_domain_other_benchmark,4,tier1,queued,retry_tp2
qwq_32b,piqa,commonsense,model_incorrect,same_domain_other_benchmark,8,tier1,queued,retry_tp2
qwq_32b,piqa,commonsense,model_incorrect,same_domain_other_benchmark,16,tier1,queued,retry_tp2
qwq_32b,piqa,commonsense,model_incorrect,same_domain_other_benchmark,32,tier1,queued,retry_tp2
qwq_32b,piqa,commonsense,model_correct,cross_domain,0,tier1,queued,retry_tp2
qwq_32b,piqa,commonsense,model_correct,cross_domain,1,tier1,queued,retry_tp2
qwq_32b,piqa,commonsense,model_correct,cross_domain,2,tier1,queued,retry_tp2
qwq_32b,piqa,commonsense,model_correct,cross_domain,4,tier1,queued,retry_tp2
qwq_32b,piqa,commonsense,model_correct,cross_domain,8,tier1,queued,retry_tp2
qwq_32b,piqa,commonsense,model_correct,cross_domain,16,tier1,queued,retry_tp2
qwq_32b,piqa,commonsense,model_correct,cross_domain,32,tier1,queued,retry_tp2
qwq_32b,piqa,commonsense,model_incorrect,cross_domain,0,tier1,queued,retry_tp2
qwq_32b,piqa,commonsense,model_incorrect,cross_domain,1,tier1,queued,retry_tp2
qwq_32b,piqa,commonsense,model_incorrect,cross_domain,2,tier1,queued,retry_tp2
qwq_32b,piqa,commonsense,model_incorrect,cross_domain,4,tier1,queued,retry_tp2
qwq_32b,piqa,commonsense,model_incorrect,cross_domain,8,tier1,queued,retry_tp2
qwq_32b,piqa,commonsense,model_incorrect,cross_domain,16,tier1,queued,retry_tp2
qwq_32b,piqa,commonsense,model_incorrect,cross_domain,32,tier1,queued,retry_tp2
qwq_32b,boolq,factual_reading,model_correct,same_benchmark,0,tier1,queued,retry_tp2
qwq_32b,boolq,factual_reading,model_correct,same_benchmark,1,tier1,queued,retry_tp2
qwq_32b,boolq,factual_reading,model_correct,same_benchmark,2,tier1,queued,retry_tp2
qwq_32b,boolq,factual_reading,model_correct,same_benchmark,4,tier1,queued,retry_tp2
qwq_32b,boolq,factual_reading,model_correct,same_benchmark,8,tier1,queued,retry_tp2
qwq_32b,boolq,factual_reading,model_correct,same_benchmark,16,tier1,queued,retry_tp2
qwq_32b,boolq,factual_reading,model_correct,same_benchmark,32,tier1,queued,retry_tp2
qwq_32b,boolq,factual_reading,model_incorrect,same_benchmark,0,tier1,queued,retry_tp2
qwq_32b,boolq,factual_reading,model_incorrect,same_benchmark,1,tier1,queued,retry_tp2
qwq_32b,boolq,factual_reading,model_incorrect,same_benchmark,2,tier1,queued,retry_tp2
qwq_32b,boolq,factual_reading,model_incorrect,same_benchmark,4,tier1,queued,retry_tp2
qwq_32b,boolq,factual_reading,model_incorrect,same_benchmark,8,tier1,queued,retry_tp2
qwq_32b,boolq,factual_reading,model_incorrect,same_benchmark,16,tier1,queued,retry_tp2
qwq_32b,boolq,factual_reading,model_incorrect,same_benchmark,32,tier1,queued,retry_tp2
qwq_32b,boolq,factual_reading,model_correct,same_domain_other_benchmark,0,tier1,queued,retry_tp2
qwq_32b,boolq,factual_reading,model_correct,same_domain_other_benchmark,1,tier1,queued,retry_tp2
qwq_32b,boolq,factual_reading,model_correct,same_domain_other_benchmark,2,tier1,queued,retry_tp2
qwq_32b,boolq,factual_reading,model_correct,same_domain_other_benchmark,4,tier1,queued,retry_tp2
qwq_32b,boolq,factual_reading,model_correct,same_domain_other_benchmark,8,tier1,queued,retry_tp2
qwq_32b,boolq,factual_reading,model_correct,same_domain_other_benchmark,16,tier1,queued,retry_tp2
qwq_32b,boolq,factual_reading,model_correct,same_domain_other_benchmark,32,tier1,queued,retry_tp2
qwq_32b,boolq,factual_reading,model_incorrect,same_domain_other_benchmark,0,tier1,queued,retry_tp2
qwq_32b,boolq,factual_reading,model_incorrect,same_domain_other_benchmark,1,tier1,queued,retry_tp2
qwq_32b,boolq,factual_reading,model_incorrect,same_domain_other_benchmark,2,tier1,queued,retry_tp2
qwq_32b,boolq,factual_reading,model_incorrect,same_domain_other_benchmark,4,tier1,queued,retry_tp2
qwq_32b,boolq,factual_reading,model_incorrect,same_domain_other_benchmark,8,tier1,queued,retry_tp2
qwq_32b,boolq,factual_reading,model_incorrect,same_domain_other_benchmark,16,tier1,queued,retry_tp2
qwq_32b,boolq,factual_reading,model_incorrect,same_domain_other_benchmark,32,tier1,queued,retry_tp2
qwq_32b,boolq,factual_reading,model_correct,cross_domain,0,tier1,queued,retry_tp2
qwq_32b,boolq,factual_reading,model_correct,cross_domain,1,tier1,queued,retry_tp2
qwq_32b,boolq,factual_reading,model_correct,cross_domain,2,tier1,queued,retry_tp2
qwq_32b,boolq,factual_reading,model_correct,cross_domain,4,tier1,queued,retry_tp2
qwq_32b,boolq,factual_reading,model_correct,cross_domain,8,tier1,queued,retry_tp2
qwq_32b,boolq,factual_reading,model_correct,cross_domain,16,tier1,queued,retry_tp2
qwq_32b,boolq,factual_reading,model_correct,cross_domain,32,tier1,queued,retry_tp2
qwq_32b,boolq,factual_reading,model_incorrect,cross_domain,0,tier1,queued,retry_tp2
qwq_32b,boolq,factual_reading,model_incorrect,cross_domain,1,tier1,queued,retry_tp2
qwq_32b,boolq,factual_reading,model_incorrect,cross_domain,2,tier1,queued,retry_tp2
qwq_32b,boolq,factual_reading,model_incorrect,cross_domain,4,tier1,queued,retry_tp2
qwq_32b,boolq,factual_reading,model_incorrect,cross_domain,8,tier1,queued,retry_tp2
qwq_32b,boolq,factual_reading,model_incorrect,cross_domain,16,tier1,queued,retry_tp2
qwq_32b,boolq,factual_reading,model_incorrect,cross_domain,32,tier1,queued,retry_tp2
qwq_32b,truthfulqa_mc,factual_reading,model_correct,same_benchmark,0,tier1,queued,retry_tp2
qwq_32b,truthfulqa_mc,factual_reading,model_correct,same_benchmark,1,tier1,queued,retry_tp2
qwq_32b,truthfulqa_mc,factual_reading,model_correct,same_benchmark,2,tier1,queued,retry_tp2
qwq_32b,truthfulqa_mc,factual_reading,model_correct,same_benchmark,4,tier1,queued,retry_tp2
qwq_32b,truthfulqa_mc,factual_reading,model_correct,same_benchmark,8,tier1,queued,retry_tp2
qwq_32b,truthfulqa_mc,factual_reading,model_correct,same_benchmark,16,tier1,queued,retry_tp2
qwq_32b,truthfulqa_mc,factual_reading,model_correct,same_benchmark,32,tier1,queued,retry_tp2
qwq_32b,truthfulqa_mc,factual_reading,model_incorrect,same_benchmark,0,tier1,queued,retry_tp2
qwq_32b,truthfulqa_mc,factual_reading,model_incorrect,same_benchmark,1,tier1,queued,retry_tp2
qwq_32b,truthfulqa_mc,factual_reading,model_incorrect,same_benchmark,2,tier1,queued,retry_tp2
qwq_32b,truthfulqa_mc,factual_reading,model_incorrect,same_benchmark,4,tier1,queued,retry_tp2
qwq_32b,truthfulqa_mc,factual_reading,model_incorrect,same_benchmark,8,tier1,queued,retry_tp2
qwq_32b,truthfulqa_mc,factual_reading,model_incorrect,same_benchmark,16,tier1,queued,retry_tp2
qwq_32b,truthfulqa_mc,factual_reading,model_incorrect,same_benchmark,32,tier1,queued,retry_tp2
qwq_32b,truthfulqa_mc,factual_reading,model_correct,same_domain_other_benchmark,0,tier1,queued,retry_tp2
qwq_32b,truthfulqa_mc,factual_reading,model_correct,same_domain_other_benchmark,1,tier1,queued,retry_tp2
qwq_32b,truthfulqa_mc,factual_reading,model_correct,same_domain_other_benchmark,2,tier1,queued,retry_tp2
qwq_32b,truthfulqa_mc,factual_reading,model_correct,same_domain_other_benchmark,4,tier1,queued,retry_tp2
qwq_32b,truthfulqa_mc,factual_reading,model_correct,same_domain_other_benchmark,8,tier1,queued,retry_tp2
qwq_32b,truthfulqa_mc,factual_reading,model_correct,same_domain_other_benchmark,16,tier1,queued,retry_tp2
qwq_32b,truthfulqa_mc,factual_reading,model_correct,same_domain_other_benchmark,32,tier1,queued,retry_tp2
qwq_32b,truthfulqa_mc,factual_reading,model_incorrect,same_domain_other_benchmark,0,tier1,queued,retry_tp2
qwq_32b,truthfulqa_mc,factual_reading,model_incorrect,same_domain_other_benchmark,1,tier1,queued,retry_tp2
qwq_32b,truthfulqa_mc,factual_reading,model_incorrect,same_domain_other_benchmark,2,tier1,queued,retry_tp2
qwq_32b,truthfulqa_mc,factual_reading,model_incorrect,same_domain_other_benchmark,4,tier1,queued,retry_tp2
qwq_32b,truthfulqa_mc,factual_reading,model_incorrect,same_domain_other_benchmark,8,tier1,queued,retry_tp2
qwq_32b,truthfulqa_mc,factual_reading,model_incorrect,same_domain_other_benchmark,16,tier1,queued,retry_tp2
qwq_32b,truthfulqa_mc,factual_reading,model_incorrect,same_domain_other_benchmark,32,tier1,queued,retry_tp2
qwq_32b,truthfulqa_mc,factual_reading,model_correct,cross_domain,0,tier1,queued,retry_tp2
qwq_32b,truthfulqa_mc,factual_reading,model_correct,cross_domain,1,tier1,queued,retry_tp2
qwq_32b,truthfulqa_mc,factual_reading,model_correct,cross_domain,2,tier1,queued,retry_tp2
qwq_32b,truthfulqa_mc,factual_reading,model_correct,cross_domain,4,tier1,queued,retry_tp2
qwq_32b,truthfulqa_mc,factual_reading,model_correct,cross_domain,8,tier1,queued,retry_tp2
qwq_32b,truthfulqa_mc,factual_reading,model_correct,cross_domain,16,tier1,queued,retry_tp2
qwq_32b,truthfulqa_mc,factual_reading,model_correct,cross_domain,32,tier1,queued,retry_tp2
qwq_32b,truthfulqa_mc,factual_reading,model_incorrect,cross_domain,0,tier1,queued,retry_tp2
qwq_32b,truthfulqa_mc,factual_reading,model_incorrect,cross_domain,1,tier1,queued,retry_tp2
qwq_32b,truthfulqa_mc,factual_reading,model_incorrect,cross_domain,2,tier1,queued,retry_tp2
qwq_32b,truthfulqa_mc,factual_reading,model_incorrect,cross_domain,4,tier1,queued,retry_tp2
qwq_32b,truthfulqa_mc,factual_reading,model_incorrect,cross_domain,8,tier1,queued,retry_tp2
qwq_32b,truthfulqa_mc,factual_reading,model_incorrect,cross_domain,16,tier1,queued,retry_tp2
qwq_32b,truthfulqa_mc,factual_reading,model_incorrect,cross_domain,32,tier1,queued,retry_tp2
olmo2_1124_7b_instruct,gsm8k,math,model_correct,same_benchmark,0,tier1,queued,bulk_unverified
olmo2_1124_7b_instruct,gsm8k,math,model_correct,same_benchmark,1,tier1,queued,bulk_unverified
olmo2_1124_7b_instruct,gsm8k,math,model_correct,same_benchmark,2,tier1,queued,bulk_unverified
olmo2_1124_7b_instruct,gsm8k,math,model_correct,same_benchmark,4,tier1,queued,bulk_unverified
olmo2_1124_7b_instruct,gsm8k,math,model_correct,same_benchmark,8,tier1,queued,bulk_unverified
olmo2_1124_7b_instruct,gsm8k,math,model_correct,same_benchmark,16,tier1,queued,bulk_unverified
olmo2_1124_7b_instruct,gsm8k,math,model_correct,same_benchmark,32,tier1,queued,bulk_unverified
olmo2_1124_7b_instruct,gsm8k,math,model_incorrect,same_benchmark,0,tier1,queued,bulk_unverified
olmo2_1124_7b_instruct,gsm8k,math,model_incorrect,same_benchmark,1,tier1,queued,bulk_unverified
olmo2_1124_7b_instruct,gsm8k,math,model_incorrect,same_benchmark,2,tier1,queued,bulk_unverified
olmo2_1124_7b_instruct,gsm8k,math,model_incorrect,same_benchmark,4,tier1,queued,bulk_unverified
olmo2_1124_7b_instruct,gsm8k,math,model_incorrect,same_benchmark,8,tier1,queued,bulk_unverified
olmo2_1124_7b_instruct,gsm8k,math,model_incorrect,same_benchmark,16,tier1,queued,bulk_unverified
olmo2_1124_7b_instruct,gsm8k,math,model_incorrect,same_benchmark,32,tier1,queued,bulk_unverified
olmo2_1124_7b_instruct,gsm8k,math,model_correct,same_domain_other_benchmark,0,tier1,queued,bulk_unverified
olmo2_1124_7b_instruct,gsm8k,math,model_correct,same_domain_other_benchmark,1,tier1,queued,bulk_unverified
olmo2_1124_7b_instruct,gsm8k,math,model_correct,same_domain_other_benchmark,2,tier1,queued,bulk_unverified
olmo2_1124_7b_instruct,gsm8k,math,model_correct,same_domain_other_benchmark,4,tier1,queued,bulk_unverified
olmo2_1124_7b_instruct,gsm8k,math,model_correct,same_domain_other_benchmark,8,tier1,queued,bulk_unverified
olmo2_1124_7b_instruct,gsm8k,math,model_correct,same_domain_other_benchmark,16,tier1,queued,bulk_unverified
olmo2_1124_7b_instruct,gsm8k,math,model_correct,same_domain_other_benchmark,32,tier1,queued,bulk_unverified
olmo2_1124_7b_instruct,gsm8k,math,model_incorrect,same_domain_other_benchmark,0,tier1,queued,bulk_unverified
olmo2_1124_7b_instruct,gsm8k,math,model_incorrect,same_domain_other_benchmark,1,tier1,queued,bulk_unverified
olmo2_1124_7b_instruct,gsm8k,math,model_incorrect,same_domain_other_benchmark,2,tier1,queued,bulk_unverified
olmo2_1124_7b_instruct,gsm8k,math,model_incorrect,same_domain_other_benchmark,4,tier1,queued,bulk_unverified
olmo2_1124_7b_instruct,gsm8k,math,model_incorrect,same_domain_other_benchmark,8,tier1,queued,bulk_unverified
olmo2_1124_7b_instruct,gsm8k,math,model_incorrect,same_domain_other_benchmark,16,tier1,queued,bulk_unverified
olmo2_1124_7b_instruct,gsm8k,math,model_incorrect,same_domain_other_benchmark,32,tier1,queued,bulk_unverified
olmo2_1124_7b_instruct,gsm8k,math,model_correct,cross_domain,0,tier1,queued,bulk_unverified
olmo2_1124_7b_instruct,gsm8k,math,model_correct,cross_domain,1,tier1,queued,bulk_unverified
olmo2_1124_7b_instruct,gsm8k,math,model_correct,cross_domain,2,tier1,queued,bulk_unverified
olmo2_1124_7b_instruct,gsm8k,math,model_correct,cross_domain,4,tier1,queued,bulk_unverified
olmo2_1124_7b_instruct,gsm8k,math,model_correct,cross_domain,8,tier1,queued,bulk_unverified
olmo2_1124_7b_instruct,gsm8k,math,model_correct,cross_domain,16,tier1,queued,bulk_unverified
olmo2_1124_7b_instruct,gsm8k,math,model_correct,cross_domain,32,tier1,queued,bulk_unverified
olmo2_1124_7b_instruct,gsm8k,math,model_incorrect,cross_domain,0,tier1,queued,bulk_unverified
olmo2_1124_7b_instruct,gsm8k,math,model_incorrect,cross_domain,1,tier1,queued,bulk_unverified
olmo2_1124_7b_instruct,gsm8k,math,model_incorrect,cross_domain,2,tier1,queued,bulk_unverified
olmo2_1124_7b_instruct,gsm8k,math,model_incorrect,cross_domain,4,tier1,queued,bulk_unverified
olmo2_1124_7b_instruct,gsm8k,math,model_incorrect,cross_domain,8,tier1,queued,bulk_unverified
olmo2_1124_7b_instruct,gsm8k,math,model_incorrect,cross_domain,16,tier1,queued,bulk_unverified
olmo2_1124_7b_instruct,gsm8k,math,model_incorrect,cross_domain,32,tier1,queued,bulk_unverified
olmo2_1124_7b_instruct,math500,math,model_correct,same_benchmark,0,tier1,queued,bulk_unverified
olmo2_1124_7b_instruct,math500,math,model_correct,same_benchmark,1,tier1,queued,bulk_unverified
olmo2_1124_7b_instruct,math500,math,model_correct,same_benchmark,2,tier1,queued,bulk_unverified
olmo2_1124_7b_instruct,math500,math,model_correct,same_benchmark,4,tier1,queued,bulk_unverified
olmo2_1124_7b_instruct,math500,math,model_correct,same_benchmark,8,tier1,queued,bulk_unverified
olmo2_1124_7b_instruct,math500,math,model_correct,same_benchmark,16,tier1,queued,bulk_unverified
olmo2_1124_7b_instruct,math500,math,model_correct,same_benchmark,32,tier1,queued,bulk_unverified
olmo2_1124_7b_instruct,math500,math,model_incorrect,same_benchmark,0,tier1,queued,bulk_unverified
olmo2_1124_7b_instruct,math500,math,model_incorrect,same_benchmark,1,tier1,queued,bulk_unverified
olmo2_1124_7b_instruct,math500,math,model_incorrect,same_benchmark,2,tier1,queued,bulk_unverified
olmo2_1124_7b_instruct,math500,math,model_incorrect,same_benchmark,4,tier1,queued,bulk_unverified
olmo2_1124_7b_instruct,math500,math,model_incorrect,same_benchmark,8,tier1,queued,bulk_unverified
olmo2_1124_7b_instruct,math500,math,model_incorrect,same_benchmark,16,tier1,queued,bulk_unverified
olmo2_1124_7b_instruct,math500,math,model_incorrect,same_benchmark,32,tier1,queued,bulk_unverified
olmo2_1124_7b_instruct,math500,math,model_correct,same_domain_other_benchmark,0,tier1,queued,bulk_unverified
olmo2_1124_7b_instruct,math500,math,model_correct,same_domain_other_benchmark,1,tier1,queued,bulk_unverified
olmo2_1124_7b_instruct,math500,math,model_correct,same_domain_other_benchmark,2,tier1,queued,bulk_unverified
olmo2_1124_7b_instruct,math500,math,model_correct,same_domain_other_benchmark,4,tier1,queued,bulk_unverified
olmo2_1124_7b_instruct,math500,math,model_correct,same_domain_other_benchmark,8,tier1,queued,bulk_unverified
olmo2_1124_7b_instruct,math500,math,model_correct,same_domain_other_benchmark,16,tier1,queued,bulk_unverified
olmo2_1124_7b_instruct,math500,math,model_correct,same_domain_other_benchmark,32,tier1,queued,bulk_unverified
olmo2_1124_7b_instruct,math500,math,model_incorrect,same_domain_other_benchmark,0,tier1,queued,bulk_unverified
olmo2_1124_7b_instruct,math500,math,model_incorrect,same_domain_other_benchmark,1,tier1,queued,bulk_unverified
olmo2_1124_7b_instruct,math500,math,model_incorrect,same_domain_other_benchmark,2,tier1,queued,bulk_unverified
olmo2_1124_7b_instruct,math500,math,model_incorrect,same_domain_other_benchmark,4,tier1,queued,bulk_unverified
olmo2_1124_7b_instruct,math500,math,model_incorrect,same_domain_other_benchmark,8,tier1,queued,bulk_unverified
olmo2_1124_7b_instruct,math500,math,model_incorrect,same_domain_other_benchmark,16,tier1,queued,bulk_unverified
olmo2_1124_7b_instruct,math500,math,model_incorrect,same_domain_other_benchmark,32,tier1,queued,bulk_unverified
olmo2_1124_7b_instruct,math500,math,model_correct,cross_domain,0,tier1,queued,bulk_unverified
olmo2_1124_7b_instruct,math500,math,model_correct,cross_domain,1,tier1,queued,bulk_unverified
olmo2_1124_7b_instruct,math500,math,model_correct,cross_domain,2,tier1,queued,bulk_unverified
olmo2_1124_7b_instruct,math500,math,model_correct,cross_domain,4,tier1,queued,bulk_unverified
olmo2_1124_7b_instruct,math500,math,model_correct,cross_domain,8,tier1,queued,bulk_unverified
olmo2_1124_7b_instruct,math500,math,model_correct,cross_domain,16,tier1,queued,bulk_unverified
olmo2_1124_7b_instruct,math500,math,model_correct,cross_domain,32,tier1,queued,bulk_unverified
olmo2_1124_7b_instruct,math500,math,model_incorrect,cross_domain,0,tier1,queued,bulk_unverified
olmo2_1124_7b_instruct,math500,math,model_incorrect,cross_domain,1,tier1,queued,bulk_unverified
olmo2_1124_7b_instruct,math500,math,model_incorrect,cross_domain,2,tier1,queued,bulk_unverified
olmo2_1124_7b_instruct,math500,math,model_incorrect,cross_domain,4,tier1,queued,bulk_unverified
olmo2_1124_7b_instruct,math500,math,model_incorrect,cross_domain,8,tier1,queued,bulk_unverified
olmo2_1124_7b_instruct,math500,math,model_incorrect,cross_domain,16,tier1,queued,bulk_unverified
olmo2_1124_7b_instruct,math500,math,model_incorrect,cross_domain,32,tier1,queued,bulk_unverified
olmo2_1124_7b_instruct,gpqa,science,model_correct,same_benchmark,0,tier1,queued,bulk_unverified
olmo2_1124_7b_instruct,gpqa,science,model_correct,same_benchmark,1,tier1,queued,bulk_unverified
olmo2_1124_7b_instruct,gpqa,science,model_correct,same_benchmark,2,tier1,queued,bulk_unverified
olmo2_1124_7b_instruct,gpqa,science,model_correct,same_benchmark,4,tier1,queued,bulk_unverified
olmo2_1124_7b_instruct,gpqa,science,model_correct,same_benchmark,8,tier1,queued,bulk_unverified
olmo2_1124_7b_instruct,gpqa,science,model_correct,same_benchmark,16,tier1,queued,bulk_unverified
olmo2_1124_7b_instruct,gpqa,science,model_correct,same_benchmark,32,tier1,queued,bulk_unverified
olmo2_1124_7b_instruct,gpqa,science,model_incorrect,same_benchmark,0,tier1,queued,bulk_unverified
olmo2_1124_7b_instruct,gpqa,science,model_incorrect,same_benchmark,1,tier1,queued,bulk_unverified
olmo2_1124_7b_instruct,gpqa,science,model_incorrect,same_benchmark,2,tier1,queued,bulk_unverified
olmo2_1124_7b_instruct,gpqa,science,model_incorrect,same_benchmark,4,tier1,queued,bulk_unverified
olmo2_1124_7b_instruct,gpqa,science,model_incorrect,same_benchmark,8,tier1,queued,bulk_unverified
olmo2_1124_7b_instruct,gpqa,science,model_incorrect,same_benchmark,16,tier1,queued,bulk_unverified
olmo2_1124_7b_instruct,gpqa,science,model_incorrect,same_benchmark,32,tier1,queued,bulk_unverified
olmo2_1124_7b_instruct,gpqa,science,model_correct,same_domain_other_benchmark,0,tier1,queued,bulk_unverified
olmo2_1124_7b_instruct,gpqa,science,model_correct,same_domain_other_benchmark,1,tier1,queued,bulk_unverified
olmo2_1124_7b_instruct,gpqa,science,model_correct,same_domain_other_benchmark,2,tier1,queued,bulk_unverified
olmo2_1124_7b_instruct,gpqa,science,model_correct,same_domain_other_benchmark,4,tier1,queued,bulk_unverified
olmo2_1124_7b_instruct,gpqa,science,model_correct,same_domain_other_benchmark,8,tier1,queued,bulk_unverified
olmo2_1124_7b_instruct,gpqa,science,model_correct,same_domain_other_benchmark,16,tier1,queued,bulk_unverified
olmo2_1124_7b_instruct,gpqa,science,model_correct,same_domain_other_benchmark,32,tier1,queued,bulk_unverified
olmo2_1124_7b_instruct,gpqa,science,model_incorrect,same_domain_other_benchmark,0,tier1,queued,bulk_unverified
olmo2_1124_7b_instruct,gpqa,science,model_incorrect,same_domain_other_benchmark,1,tier1,queued,bulk_unverified
olmo2_1124_7b_instruct,gpqa,science,model_incorrect,same_domain_other_benchmark,2,tier1,queued,bulk_unverified
olmo2_1124_7b_instruct,gpqa,science,model_incorrect,same_domain_other_benchmark,4,tier1,queued,bulk_unverified
olmo2_1124_7b_instruct,gpqa,science,model_incorrect,same_domain_other_benchmark,8,tier1,queued,bulk_unverified
olmo2_1124_7b_instruct,gpqa,science,model_incorrect,same_domain_other_benchmark,16,tier1,queued,bulk_unverified
olmo2_1124_7b_instruct,gpqa,science,model_incorrect,same_domain_other_benchmark,32,tier1,queued,bulk_unverified
olmo2_1124_7b_instruct,gpqa,science,model_correct,cross_domain,0,tier1,queued,bulk_unverified
olmo2_1124_7b_instruct,gpqa,science,model_correct,cross_domain,1,tier1,queued,bulk_unverified
olmo2_1124_7b_instruct,gpqa,science,model_correct,cross_domain,2,tier1,queued,bulk_unverified
olmo2_1124_7b_instruct,gpqa,science,model_correct,cross_domain,4,tier1,queued,bulk_unverified
olmo2_1124_7b_instruct,gpqa,science,model_correct,cross_domain,8,tier1,queued,bulk_unverified
olmo2_1124_7b_instruct,gpqa,science,model_correct,cross_domain,16,tier1,queued,bulk_unverified
olmo2_1124_7b_instruct,gpqa,science,model_correct,cross_domain,32,tier1,queued,bulk_unverified
olmo2_1124_7b_instruct,gpqa,science,model_incorrect,cross_domain,0,tier1,queued,bulk_unverified
olmo2_1124_7b_instruct,gpqa,science,model_incorrect,cross_domain,1,tier1,queued,bulk_unverified
olmo2_1124_7b_instruct,gpqa,science,model_incorrect,cross_domain,2,tier1,queued,bulk_unverified
olmo2_1124_7b_instruct,gpqa,science,model_incorrect,cross_domain,4,tier1,queued,bulk_unverified
olmo2_1124_7b_instruct,gpqa,science,model_incorrect,cross_domain,8,tier1,queued,bulk_unverified
olmo2_1124_7b_instruct,gpqa,science,model_incorrect,cross_domain,16,tier1,queued,bulk_unverified
olmo2_1124_7b_instruct,gpqa,science,model_incorrect,cross_domain,32,tier1,queued,bulk_unverified
olmo2_1124_7b_instruct,arc_challenge,science,model_correct,same_benchmark,0,tier1,queued,bulk_unverified
olmo2_1124_7b_instruct,arc_challenge,science,model_correct,same_benchmark,1,tier1,queued,bulk_unverified
olmo2_1124_7b_instruct,arc_challenge,science,model_correct,same_benchmark,2,tier1,queued,bulk_unverified
olmo2_1124_7b_instruct,arc_challenge,science,model_correct,same_benchmark,4,tier1,queued,bulk_unverified
olmo2_1124_7b_instruct,arc_challenge,science,model_correct,same_benchmark,8,tier1,queued,bulk_unverified
olmo2_1124_7b_instruct,arc_challenge,science,model_correct,same_benchmark,16,tier1,queued,bulk_unverified
olmo2_1124_7b_instruct,arc_challenge,science,model_correct,same_benchmark,32,tier1,queued,bulk_unverified
olmo2_1124_7b_instruct,arc_challenge,science,model_incorrect,same_benchmark,0,tier1,queued,bulk_unverified
olmo2_1124_7b_instruct,arc_challenge,science,model_incorrect,same_benchmark,1,tier1,queued,bulk_unverified
olmo2_1124_7b_instruct,arc_challenge,science,model_incorrect,same_benchmark,2,tier1,queued,bulk_unverified
olmo2_1124_7b_instruct,arc_challenge,science,model_incorrect,same_benchmark,4,tier1,queued,bulk_unverified
olmo2_1124_7b_instruct,arc_challenge,science,model_incorrect,same_benchmark,8,tier1,queued,bulk_unverified
olmo2_1124_7b_instruct,arc_challenge,science,model_incorrect,same_benchmark,16,tier1,queued,bulk_unverified
olmo2_1124_7b_instruct,arc_challenge,science,model_incorrect,same_benchmark,32,tier1,queued,bulk_unverified
olmo2_1124_7b_instruct,arc_challenge,science,model_correct,same_domain_other_benchmark,0,tier1,queued,bulk_unverified
olmo2_1124_7b_instruct,arc_challenge,science,model_correct,same_domain_other_benchmark,1,tier1,queued,bulk_unverified
olmo2_1124_7b_instruct,arc_challenge,science,model_correct,same_domain_other_benchmark,2,tier1,queued,bulk_unverified
olmo2_1124_7b_instruct,arc_challenge,science,model_correct,same_domain_other_benchmark,4,tier1,queued,bulk_unverified
olmo2_1124_7b_instruct,arc_challenge,science,model_correct,same_domain_other_benchmark,8,tier1,queued,bulk_unverified
olmo2_1124_7b_instruct,arc_challenge,science,model_correct,same_domain_other_benchmark,16,tier1,queued,bulk_unverified
olmo2_1124_7b_instruct,arc_challenge,science,model_correct,same_domain_other_benchmark,32,tier1,queued,bulk_unverified
olmo2_1124_7b_instruct,arc_challenge,science,model_incorrect,same_domain_other_benchmark,0,tier1,queued,bulk_unverified
olmo2_1124_7b_instruct,arc_challenge,science,model_incorrect,same_domain_other_benchmark,1,tier1,queued,bulk_unverified
olmo2_1124_7b_instruct,arc_challenge,science,model_incorrect,same_domain_other_benchmark,2,tier1,queued,bulk_unverified
olmo2_1124_7b_instruct,arc_challenge,science,model_incorrect,same_domain_other_benchmark,4,tier1,queued,bulk_unverified
olmo2_1124_7b_instruct,arc_challenge,science,model_incorrect,same_domain_other_benchmark,8,tier1,queued,bulk_unverified
olmo2_1124_7b_instruct,arc_challenge,science,model_incorrect,same_domain_other_benchmark,16,tier1,queued,bulk_unverified
olmo2_1124_7b_instruct,arc_challenge,science,model_incorrect,same_domain_other_benchmark,32,tier1,queued,bulk_unverified
olmo2_1124_7b_instruct,arc_challenge,science,model_correct,cross_domain,0,tier1,queued,bulk_unverified
olmo2_1124_7b_instruct,arc_challenge,science,model_correct,cross_domain,1,tier1,queued,bulk_unverified
olmo2_1124_7b_instruct,arc_challenge,science,model_correct,cross_domain,2,tier1,queued,bulk_unverified
olmo2_1124_7b_instruct,arc_challenge,science,model_correct,cross_domain,4,tier1,queued,bulk_unverified
olmo2_1124_7b_instruct,arc_challenge,science,model_correct,cross_domain,8,tier1,queued,bulk_unverified
olmo2_1124_7b_instruct,arc_challenge,science,model_correct,cross_domain,16,tier1,queued,bulk_unverified
olmo2_1124_7b_instruct,arc_challenge,science,model_correct,cross_domain,32,tier1,queued,bulk_unverified
olmo2_1124_7b_instruct,arc_challenge,science,model_incorrect,cross_domain,0,tier1,queued,bulk_unverified
olmo2_1124_7b_instruct,arc_challenge,science,model_incorrect,cross_domain,1,tier1,queued,bulk_unverified
olmo2_1124_7b_instruct,arc_challenge,science,model_incorrect,cross_domain,2,tier1,queued,bulk_unverified
olmo2_1124_7b_instruct,arc_challenge,science,model_incorrect,cross_domain,4,tier1,queued,bulk_unverified
olmo2_1124_7b_instruct,arc_challenge,science,model_incorrect,cross_domain,8,tier1,queued,bulk_unverified
olmo2_1124_7b_instruct,arc_challenge,science,model_incorrect,cross_domain,16,tier1,queued,bulk_unverified
olmo2_1124_7b_instruct,arc_challenge,science,model_incorrect,cross_domain,32,tier1,queued,bulk_unverified
olmo2_1124_7b_instruct,mmlu_pro,general_knowledge,model_correct,same_benchmark,0,tier1,queued,bulk_unverified
olmo2_1124_7b_instruct,mmlu_pro,general_knowledge,model_correct,same_benchmark,1,tier1,queued,bulk_unverified
olmo2_1124_7b_instruct,mmlu_pro,general_knowledge,model_correct,same_benchmark,2,tier1,queued,bulk_unverified
olmo2_1124_7b_instruct,mmlu_pro,general_knowledge,model_correct,same_benchmark,4,tier1,queued,bulk_unverified
olmo2_1124_7b_instruct,mmlu_pro,general_knowledge,model_correct,same_benchmark,8,tier1,queued,bulk_unverified
olmo2_1124_7b_instruct,mmlu_pro,general_knowledge,model_correct,same_benchmark,16,tier1,queued,bulk_unverified
olmo2_1124_7b_instruct,mmlu_pro,general_knowledge,model_correct,same_benchmark,32,tier1,queued,bulk_unverified
olmo2_1124_7b_instruct,mmlu_pro,general_knowledge,model_incorrect,same_benchmark,0,tier1,queued,bulk_unverified
olmo2_1124_7b_instruct,mmlu_pro,general_knowledge,model_incorrect,same_benchmark,1,tier1,queued,bulk_unverified
olmo2_1124_7b_instruct,mmlu_pro,general_knowledge,model_incorrect,same_benchmark,2,tier1,queued,bulk_unverified
olmo2_1124_7b_instruct,mmlu_pro,general_knowledge,model_incorrect,same_benchmark,4,tier1,queued,bulk_unverified
olmo2_1124_7b_instruct,mmlu_pro,general_knowledge,model_incorrect,same_benchmark,8,tier1,queued,bulk_unverified
olmo2_1124_7b_instruct,mmlu_pro,general_knowledge,model_incorrect,same_benchmark,16,tier1,queued,bulk_unverified
olmo2_1124_7b_instruct,mmlu_pro,general_knowledge,model_incorrect,same_benchmark,32,tier1,queued,bulk_unverified
olmo2_1124_7b_instruct,mmlu_pro,general_knowledge,model_correct,same_domain_other_benchmark,0,tier1,queued,bulk_unverified
olmo2_1124_7b_instruct,mmlu_pro,general_knowledge,model_correct,same_domain_other_benchmark,1,tier1,queued,bulk_unverified
olmo2_1124_7b_instruct,mmlu_pro,general_knowledge,model_correct,same_domain_other_benchmark,2,tier1,queued,bulk_unverified
olmo2_1124_7b_instruct,mmlu_pro,general_knowledge,model_correct,same_domain_other_benchmark,4,tier1,queued,bulk_unverified
olmo2_1124_7b_instruct,mmlu_pro,general_knowledge,model_correct,same_domain_other_benchmark,8,tier1,queued,bulk_unverified
olmo2_1124_7b_instruct,mmlu_pro,general_knowledge,model_correct,same_domain_other_benchmark,16,tier1,queued,bulk_unverified
olmo2_1124_7b_instruct,mmlu_pro,general_knowledge,model_correct,same_domain_other_benchmark,32,tier1,queued,bulk_unverified
olmo2_1124_7b_instruct,mmlu_pro,general_knowledge,model_incorrect,same_domain_other_benchmark,0,tier1,queued,bulk_unverified
olmo2_1124_7b_instruct,mmlu_pro,general_knowledge,model_incorrect,same_domain_other_benchmark,1,tier1,queued,bulk_unverified
olmo2_1124_7b_instruct,mmlu_pro,general_knowledge,model_incorrect,same_domain_other_benchmark,2,tier1,queued,bulk_unverified
olmo2_1124_7b_instruct,mmlu_pro,general_knowledge,model_incorrect,same_domain_other_benchmark,4,tier1,queued,bulk_unverified
olmo2_1124_7b_instruct,mmlu_pro,general_knowledge,model_incorrect,same_domain_other_benchmark,8,tier1,queued,bulk_unverified
olmo2_1124_7b_instruct,mmlu_pro,general_knowledge,model_incorrect,same_domain_other_benchmark,16,tier1,queued,bulk_unverified
olmo2_1124_7b_instruct,mmlu_pro,general_knowledge,model_incorrect,same_domain_other_benchmark,32,tier1,queued,bulk_unverified
olmo2_1124_7b_instruct,mmlu_pro,general_knowledge,model_correct,cross_domain,0,tier1,queued,bulk_unverified
olmo2_1124_7b_instruct,mmlu_pro,general_knowledge,model_correct,cross_domain,1,tier1,queued,bulk_unverified
olmo2_1124_7b_instruct,mmlu_pro,general_knowledge,model_correct,cross_domain,2,tier1,queued,bulk_unverified
olmo2_1124_7b_instruct,mmlu_pro,general_knowledge,model_correct,cross_domain,4,tier1,queued,bulk_unverified
olmo2_1124_7b_instruct,mmlu_pro,general_knowledge,model_correct,cross_domain,8,tier1,queued,bulk_unverified
olmo2_1124_7b_instruct,mmlu_pro,general_knowledge,model_correct,cross_domain,16,tier1,queued,bulk_unverified
olmo2_1124_7b_instruct,mmlu_pro,general_knowledge,model_correct,cross_domain,32,tier1,queued,bulk_unverified
olmo2_1124_7b_instruct,mmlu_pro,general_knowledge,model_incorrect,cross_domain,0,tier1,queued,bulk_unverified
olmo2_1124_7b_instruct,mmlu_pro,general_knowledge,model_incorrect,cross_domain,1,tier1,queued,bulk_unverified
olmo2_1124_7b_instruct,mmlu_pro,general_knowledge,model_incorrect,cross_domain,2,tier1,queued,bulk_unverified
olmo2_1124_7b_instruct,mmlu_pro,general_knowledge,model_incorrect,cross_domain,4,tier1,queued,bulk_unverified
olmo2_1124_7b_instruct,mmlu_pro,general_knowledge,model_incorrect,cross_domain,8,tier1,queued,bulk_unverified
olmo2_1124_7b_instruct,mmlu_pro,general_knowledge,model_incorrect,cross_domain,16,tier1,queued,bulk_unverified
olmo2_1124_7b_instruct,mmlu_pro,general_knowledge,model_incorrect,cross_domain,32,tier1,queued,bulk_unverified
olmo2_1124_7b_instruct,mmlu_redux_2,general_knowledge,model_correct,same_benchmark,0,tier1,queued,bulk_unverified
olmo2_1124_7b_instruct,mmlu_redux_2,general_knowledge,model_correct,same_benchmark,1,tier1,queued,bulk_unverified
olmo2_1124_7b_instruct,mmlu_redux_2,general_knowledge,model_correct,same_benchmark,2,tier1,queued,bulk_unverified
olmo2_1124_7b_instruct,mmlu_redux_2,general_knowledge,model_correct,same_benchmark,4,tier1,queued,bulk_unverified
olmo2_1124_7b_instruct,mmlu_redux_2,general_knowledge,model_correct,same_benchmark,8,tier1,queued,bulk_unverified
olmo2_1124_7b_instruct,mmlu_redux_2,general_knowledge,model_correct,same_benchmark,16,tier1,queued,bulk_unverified
olmo2_1124_7b_instruct,mmlu_redux_2,general_knowledge,model_correct,same_benchmark,32,tier1,queued,bulk_unverified
olmo2_1124_7b_instruct,mmlu_redux_2,general_knowledge,model_incorrect,same_benchmark,0,tier1,queued,bulk_unverified
olmo2_1124_7b_instruct,mmlu_redux_2,general_knowledge,model_incorrect,same_benchmark,1,tier1,queued,bulk_unverified
olmo2_1124_7b_instruct,mmlu_redux_2,general_knowledge,model_incorrect,same_benchmark,2,tier1,queued,bulk_unverified
olmo2_1124_7b_instruct,mmlu_redux_2,general_knowledge,model_incorrect,same_benchmark,4,tier1,queued,bulk_unverified
olmo2_1124_7b_instruct,mmlu_redux_2,general_knowledge,model_incorrect,same_benchmark,8,tier1,queued,bulk_unverified
olmo2_1124_7b_instruct,mmlu_redux_2,general_knowledge,model_incorrect,same_benchmark,16,tier1,queued,bulk_unverified
olmo2_1124_7b_instruct,mmlu_redux_2,general_knowledge,model_incorrect,same_benchmark,32,tier1,queued,bulk_unverified
olmo2_1124_7b_instruct,mmlu_redux_2,general_knowledge,model_correct,same_domain_other_benchmark,0,tier1,queued,bulk_unverified
olmo2_1124_7b_instruct,mmlu_redux_2,general_knowledge,model_correct,same_domain_other_benchmark,1,tier1,queued,bulk_unverified
olmo2_1124_7b_instruct,mmlu_redux_2,general_knowledge,model_correct,same_domain_other_benchmark,2,tier1,queued,bulk_unverified
olmo2_1124_7b_instruct,mmlu_redux_2,general_knowledge,model_correct,same_domain_other_benchmark,4,tier1,queued,bulk_unverified
olmo2_1124_7b_instruct,mmlu_redux_2,general_knowledge,model_correct,same_domain_other_benchmark,8,tier1,queued,bulk_unverified
olmo2_1124_7b_instruct,mmlu_redux_2,general_knowledge,model_correct,same_domain_other_benchmark,16,tier1,queued,bulk_unverified
olmo2_1124_7b_instruct,mmlu_redux_2,general_knowledge,model_correct,same_domain_other_benchmark,32,tier1,queued,bulk_unverified
olmo2_1124_7b_instruct,mmlu_redux_2,general_knowledge,model_incorrect,same_domain_other_benchmark,0,tier1,queued,bulk_unverified
olmo2_1124_7b_instruct,mmlu_redux_2,general_knowledge,model_incorrect,same_domain_other_benchmark,1,tier1,queued,bulk_unverified
olmo2_1124_7b_instruct,mmlu_redux_2,general_knowledge,model_incorrect,same_domain_other_benchmark,2,tier1,queued,bulk_unverified
olmo2_1124_7b_instruct,mmlu_redux_2,general_knowledge,model_incorrect,same_domain_other_benchmark,4,tier1,queued,bulk_unverified
olmo2_1124_7b_instruct,mmlu_redux_2,general_knowledge,model_incorrect,same_domain_other_benchmark,8,tier1,queued,bulk_unverified
olmo2_1124_7b_instruct,mmlu_redux_2,general_knowledge,model_incorrect,same_domain_other_benchmark,16,tier1,queued,bulk_unverified
olmo2_1124_7b_instruct,mmlu_redux_2,general_knowledge,model_incorrect,same_domain_other_benchmark,32,tier1,queued,bulk_unverified
olmo2_1124_7b_instruct,mmlu_redux_2,general_knowledge,model_correct,cross_domain,0,tier1,queued,bulk_unverified
olmo2_1124_7b_instruct,mmlu_redux_2,general_knowledge,model_correct,cross_domain,1,tier1,queued,bulk_unverified
olmo2_1124_7b_instruct,mmlu_redux_2,general_knowledge,model_correct,cross_domain,2,tier1,queued,bulk_unverified
olmo2_1124_7b_instruct,mmlu_redux_2,general_knowledge,model_correct,cross_domain,4,tier1,queued,bulk_unverified
olmo2_1124_7b_instruct,mmlu_redux_2,general_knowledge,model_correct,cross_domain,8,tier1,queued,bulk_unverified
olmo2_1124_7b_instruct,mmlu_redux_2,general_knowledge,model_correct,cross_domain,16,tier1,queued,bulk_unverified
olmo2_1124_7b_instruct,mmlu_redux_2,general_knowledge,model_correct,cross_domain,32,tier1,queued,bulk_unverified
olmo2_1124_7b_instruct,mmlu_redux_2,general_knowledge,model_incorrect,cross_domain,0,tier1,queued,bulk_unverified
olmo2_1124_7b_instruct,mmlu_redux_2,general_knowledge,model_incorrect,cross_domain,1,tier1,queued,bulk_unverified
olmo2_1124_7b_instruct,mmlu_redux_2,general_knowledge,model_incorrect,cross_domain,2,tier1,queued,bulk_unverified
olmo2_1124_7b_instruct,mmlu_redux_2,general_knowledge,model_incorrect,cross_domain,4,tier1,queued,bulk_unverified
olmo2_1124_7b_instruct,mmlu_redux_2,general_knowledge,model_incorrect,cross_domain,8,tier1,queued,bulk_unverified
olmo2_1124_7b_instruct,mmlu_redux_2,general_knowledge,model_incorrect,cross_domain,16,tier1,queued,bulk_unverified
olmo2_1124_7b_instruct,mmlu_redux_2,general_knowledge,model_incorrect,cross_domain,32,tier1,queued,bulk_unverified
olmo2_1124_7b_instruct,hellaswag,commonsense,model_correct,same_benchmark,0,tier1,queued,bulk_unverified
olmo2_1124_7b_instruct,hellaswag,commonsense,model_correct,same_benchmark,1,tier1,queued,bulk_unverified
olmo2_1124_7b_instruct,hellaswag,commonsense,model_correct,same_benchmark,2,tier1,queued,bulk_unverified
olmo2_1124_7b_instruct,hellaswag,commonsense,model_correct,same_benchmark,4,tier1,queued,bulk_unverified
olmo2_1124_7b_instruct,hellaswag,commonsense,model_correct,same_benchmark,8,tier1,queued,bulk_unverified
olmo2_1124_7b_instruct,hellaswag,commonsense,model_correct,same_benchmark,16,tier1,queued,bulk_unverified
olmo2_1124_7b_instruct,hellaswag,commonsense,model_correct,same_benchmark,32,tier1,queued,bulk_unverified
olmo2_1124_7b_instruct,hellaswag,commonsense,model_incorrect,same_benchmark,0,tier1,queued,bulk_unverified
olmo2_1124_7b_instruct,hellaswag,commonsense,model_incorrect,same_benchmark,1,tier1,queued,bulk_unverified
olmo2_1124_7b_instruct,hellaswag,commonsense,model_incorrect,same_benchmark,2,tier1,queued,bulk_unverified
olmo2_1124_7b_instruct,hellaswag,commonsense,model_incorrect,same_benchmark,4,tier1,queued,bulk_unverified
olmo2_1124_7b_instruct,hellaswag,commonsense,model_incorrect,same_benchmark,8,tier1,queued,bulk_unverified
olmo2_1124_7b_instruct,hellaswag,commonsense,model_incorrect,same_benchmark,16,tier1,queued,bulk_unverified
olmo2_1124_7b_instruct,hellaswag,commonsense,model_incorrect,same_benchmark,32,tier1,queued,bulk_unverified
olmo2_1124_7b_instruct,hellaswag,commonsense,model_correct,same_domain_other_benchmark,0,tier1,queued,bulk_unverified
olmo2_1124_7b_instruct,hellaswag,commonsense,model_correct,same_domain_other_benchmark,1,tier1,queued,bulk_unverified
olmo2_1124_7b_instruct,hellaswag,commonsense,model_correct,same_domain_other_benchmark,2,tier1,queued,bulk_unverified
olmo2_1124_7b_instruct,hellaswag,commonsense,model_correct,same_domain_other_benchmark,4,tier1,queued,bulk_unverified
olmo2_1124_7b_instruct,hellaswag,commonsense,model_correct,same_domain_other_benchmark,8,tier1,queued,bulk_unverified
olmo2_1124_7b_instruct,hellaswag,commonsense,model_correct,same_domain_other_benchmark,16,tier1,queued,bulk_unverified
olmo2_1124_7b_instruct,hellaswag,commonsense,model_correct,same_domain_other_benchmark,32,tier1,queued,bulk_unverified
olmo2_1124_7b_instruct,hellaswag,commonsense,model_incorrect,same_domain_other_benchmark,0,tier1,queued,bulk_unverified
olmo2_1124_7b_instruct,hellaswag,commonsense,model_incorrect,same_domain_other_benchmark,1,tier1,queued,bulk_unverified
olmo2_1124_7b_instruct,hellaswag,commonsense,model_incorrect,same_domain_other_benchmark,2,tier1,queued,bulk_unverified
olmo2_1124_7b_instruct,hellaswag,commonsense,model_incorrect,same_domain_other_benchmark,4,tier1,queued,bulk_unverified
olmo2_1124_7b_instruct,hellaswag,commonsense,model_incorrect,same_domain_other_benchmark,8,tier1,queued,bulk_unverified
olmo2_1124_7b_instruct,hellaswag,commonsense,model_incorrect,same_domain_other_benchmark,16,tier1,queued,bulk_unverified
olmo2_1124_7b_instruct,hellaswag,commonsense,model_incorrect,same_domain_other_benchmark,32,tier1,queued,bulk_unverified
olmo2_1124_7b_instruct,hellaswag,commonsense,model_correct,cross_domain,0,tier1,queued,bulk_unverified
olmo2_1124_7b_instruct,hellaswag,commonsense,model_correct,cross_domain,1,tier1,queued,bulk_unverified
olmo2_1124_7b_instruct,hellaswag,commonsense,model_correct,cross_domain,2,tier1,queued,bulk_unverified
olmo2_1124_7b_instruct,hellaswag,commonsense,model_correct,cross_domain,4,tier1,queued,bulk_unverified
olmo2_1124_7b_instruct,hellaswag,commonsense,model_correct,cross_domain,8,tier1,queued,bulk_unverified
olmo2_1124_7b_instruct,hellaswag,commonsense,model_correct,cross_domain,16,tier1,queued,bulk_unverified
olmo2_1124_7b_instruct,hellaswag,commonsense,model_correct,cross_domain,32,tier1,queued,bulk_unverified
olmo2_1124_7b_instruct,hellaswag,commonsense,model_incorrect,cross_domain,0,tier1,queued,bulk_unverified
olmo2_1124_7b_instruct,hellaswag,commonsense,model_incorrect,cross_domain,1,tier1,queued,bulk_unverified
olmo2_1124_7b_instruct,hellaswag,commonsense,model_incorrect,cross_domain,2,tier1,queued,bulk_unverified
olmo2_1124_7b_instruct,hellaswag,commonsense,model_incorrect,cross_domain,4,tier1,queued,bulk_unverified
olmo2_1124_7b_instruct,hellaswag,commonsense,model_incorrect,cross_domain,8,tier1,queued,bulk_unverified
olmo2_1124_7b_instruct,hellaswag,commonsense,model_incorrect,cross_domain,16,tier1,queued,bulk_unverified
olmo2_1124_7b_instruct,hellaswag,commonsense,model_incorrect,cross_domain,32,tier1,queued,bulk_unverified
olmo2_1124_7b_instruct,piqa,commonsense,model_correct,same_benchmark,0,tier1,queued,bulk_unverified
olmo2_1124_7b_instruct,piqa,commonsense,model_correct,same_benchmark,1,tier1,queued,bulk_unverified
olmo2_1124_7b_instruct,piqa,commonsense,model_correct,same_benchmark,2,tier1,queued,bulk_unverified
olmo2_1124_7b_instruct,piqa,commonsense,model_correct,same_benchmark,4,tier1,queued,bulk_unverified
olmo2_1124_7b_instruct,piqa,commonsense,model_correct,same_benchmark,8,tier1,queued,bulk_unverified
olmo2_1124_7b_instruct,piqa,commonsense,model_correct,same_benchmark,16,tier1,queued,bulk_unverified
olmo2_1124_7b_instruct,piqa,commonsense,model_correct,same_benchmark,32,tier1,queued,bulk_unverified
olmo2_1124_7b_instruct,piqa,commonsense,model_incorrect,same_benchmark,0,tier1,queued,bulk_unverified
olmo2_1124_7b_instruct,piqa,commonsense,model_incorrect,same_benchmark,1,tier1,queued,bulk_unverified
olmo2_1124_7b_instruct,piqa,commonsense,model_incorrect,same_benchmark,2,tier1,queued,bulk_unverified
olmo2_1124_7b_instruct,piqa,commonsense,model_incorrect,same_benchmark,4,tier1,queued,bulk_unverified
olmo2_1124_7b_instruct,piqa,commonsense,model_incorrect,same_benchmark,8,tier1,queued,bulk_unverified
olmo2_1124_7b_instruct,piqa,commonsense,model_incorrect,same_benchmark,16,tier1,queued,bulk_unverified
olmo2_1124_7b_instruct,piqa,commonsense,model_incorrect,same_benchmark,32,tier1,queued,bulk_unverified
olmo2_1124_7b_instruct,piqa,commonsense,model_correct,same_domain_other_benchmark,0,tier1,queued,bulk_unverified
olmo2_1124_7b_instruct,piqa,commonsense,model_correct,same_domain_other_benchmark,1,tier1,queued,bulk_unverified
olmo2_1124_7b_instruct,piqa,commonsense,model_correct,same_domain_other_benchmark,2,tier1,queued,bulk_unverified
olmo2_1124_7b_instruct,piqa,commonsense,model_correct,same_domain_other_benchmark,4,tier1,queued,bulk_unverified
olmo2_1124_7b_instruct,piqa,commonsense,model_correct,same_domain_other_benchmark,8,tier1,queued,bulk_unverified
olmo2_1124_7b_instruct,piqa,commonsense,model_correct,same_domain_other_benchmark,16,tier1,queued,bulk_unverified
olmo2_1124_7b_instruct,piqa,commonsense,model_correct,same_domain_other_benchmark,32,tier1,queued,bulk_unverified
olmo2_1124_7b_instruct,piqa,commonsense,model_incorrect,same_domain_other_benchmark,0,tier1,queued,bulk_unverified
olmo2_1124_7b_instruct,piqa,commonsense,model_incorrect,same_domain_other_benchmark,1,tier1,queued,bulk_unverified
olmo2_1124_7b_instruct,piqa,commonsense,model_incorrect,same_domain_other_benchmark,2,tier1,queued,bulk_unverified
olmo2_1124_7b_instruct,piqa,commonsense,model_incorrect,same_domain_other_benchmark,4,tier1,queued,bulk_unverified
olmo2_1124_7b_instruct,piqa,commonsense,model_incorrect,same_domain_other_benchmark,8,tier1,queued,bulk_unverified
olmo2_1124_7b_instruct,piqa,commonsense,model_incorrect,same_domain_other_benchmark,16,tier1,queued,bulk_unverified
olmo2_1124_7b_instruct,piqa,commonsense,model_incorrect,same_domain_other_benchmark,32,tier1,queued,bulk_unverified
olmo2_1124_7b_instruct,piqa,commonsense,model_correct,cross_domain,0,tier1,queued,bulk_unverified
olmo2_1124_7b_instruct,piqa,commonsense,model_correct,cross_domain,1,tier1,queued,bulk_unverified
olmo2_1124_7b_instruct,piqa,commonsense,model_correct,cross_domain,2,tier1,queued,bulk_unverified
olmo2_1124_7b_instruct,piqa,commonsense,model_correct,cross_domain,4,tier1,queued,bulk_unverified
olmo2_1124_7b_instruct,piqa,commonsense,model_correct,cross_domain,8,tier1,queued,bulk_unverified
olmo2_1124_7b_instruct,piqa,commonsense,model_correct,cross_domain,16,tier1,queued,bulk_unverified
olmo2_1124_7b_instruct,piqa,commonsense,model_correct,cross_domain,32,tier1,queued,bulk_unverified
olmo2_1124_7b_instruct,piqa,commonsense,model_incorrect,cross_domain,0,tier1,queued,bulk_unverified
olmo2_1124_7b_instruct,piqa,commonsense,model_incorrect,cross_domain,1,tier1,queued,bulk_unverified
olmo2_1124_7b_instruct,piqa,commonsense,model_incorrect,cross_domain,2,tier1,queued,bulk_unverified
olmo2_1124_7b_instruct,piqa,commonsense,model_incorrect,cross_domain,4,tier1,queued,bulk_unverified
olmo2_1124_7b_instruct,piqa,commonsense,model_incorrect,cross_domain,8,tier1,queued,bulk_unverified
olmo2_1124_7b_instruct,piqa,commonsense,model_incorrect,cross_domain,16,tier1,queued,bulk_unverified
olmo2_1124_7b_instruct,piqa,commonsense,model_incorrect,cross_domain,32,tier1,queued,bulk_unverified
olmo2_1124_7b_instruct,boolq,factual_reading,model_correct,same_benchmark,0,tier1,queued,bulk_unverified
olmo2_1124_7b_instruct,boolq,factual_reading,model_correct,same_benchmark,1,tier1,queued,bulk_unverified
olmo2_1124_7b_instruct,boolq,factual_reading,model_correct,same_benchmark,2,tier1,queued,bulk_unverified
olmo2_1124_7b_instruct,boolq,factual_reading,model_correct,same_benchmark,4,tier1,queued,bulk_unverified
olmo2_1124_7b_instruct,boolq,factual_reading,model_correct,same_benchmark,8,tier1,queued,bulk_unverified
olmo2_1124_7b_instruct,boolq,factual_reading,model_correct,same_benchmark,16,tier1,queued,bulk_unverified
olmo2_1124_7b_instruct,boolq,factual_reading,model_correct,same_benchmark,32,tier1,queued,bulk_unverified
olmo2_1124_7b_instruct,boolq,factual_reading,model_incorrect,same_benchmark,0,tier1,queued,bulk_unverified
olmo2_1124_7b_instruct,boolq,factual_reading,model_incorrect,same_benchmark,1,tier1,queued,bulk_unverified
olmo2_1124_7b_instruct,boolq,factual_reading,model_incorrect,same_benchmark,2,tier1,queued,bulk_unverified
olmo2_1124_7b_instruct,boolq,factual_reading,model_incorrect,same_benchmark,4,tier1,queued,bulk_unverified
olmo2_1124_7b_instruct,boolq,factual_reading,model_incorrect,same_benchmark,8,tier1,queued,bulk_unverified
olmo2_1124_7b_instruct,boolq,factual_reading,model_incorrect,same_benchmark,16,tier1,queued,bulk_unverified
olmo2_1124_7b_instruct,boolq,factual_reading,model_incorrect,same_benchmark,32,tier1,queued,bulk_unverified
olmo2_1124_7b_instruct,boolq,factual_reading,model_correct,same_domain_other_benchmark,0,tier1,queued,bulk_unverified
olmo2_1124_7b_instruct,boolq,factual_reading,model_correct,same_domain_other_benchmark,1,tier1,queued,bulk_unverified
olmo2_1124_7b_instruct,boolq,factual_reading,model_correct,same_domain_other_benchmark,2,tier1,queued,bulk_unverified
olmo2_1124_7b_instruct,boolq,factual_reading,model_correct,same_domain_other_benchmark,4,tier1,queued,bulk_unverified
olmo2_1124_7b_instruct,boolq,factual_reading,model_correct,same_domain_other_benchmark,8,tier1,queued,bulk_unverified
olmo2_1124_7b_instruct,boolq,factual_reading,model_correct,same_domain_other_benchmark,16,tier1,queued,bulk_unverified
olmo2_1124_7b_instruct,boolq,factual_reading,model_correct,same_domain_other_benchmark,32,tier1,queued,bulk_unverified
olmo2_1124_7b_instruct,boolq,factual_reading,model_incorrect,same_domain_other_benchmark,0,tier1,queued,bulk_unverified
olmo2_1124_7b_instruct,boolq,factual_reading,model_incorrect,same_domain_other_benchmark,1,tier1,queued,bulk_unverified
olmo2_1124_7b_instruct,boolq,factual_reading,model_incorrect,same_domain_other_benchmark,2,tier1,queued,bulk_unverified
olmo2_1124_7b_instruct,boolq,factual_reading,model_incorrect,same_domain_other_benchmark,4,tier1,queued,bulk_unverified
olmo2_1124_7b_instruct,boolq,factual_reading,model_incorrect,same_domain_other_benchmark,8,tier1,queued,bulk_unverified
olmo2_1124_7b_instruct,boolq,factual_reading,model_incorrect,same_domain_other_benchmark,16,tier1,queued,bulk_unverified
olmo2_1124_7b_instruct,boolq,factual_reading,model_incorrect,same_domain_other_benchmark,32,tier1,queued,bulk_unverified
olmo2_1124_7b_instruct,boolq,factual_reading,model_correct,cross_domain,0,tier1,queued,bulk_unverified
olmo2_1124_7b_instruct,boolq,factual_reading,model_correct,cross_domain,1,tier1,queued,bulk_unverified
olmo2_1124_7b_instruct,boolq,factual_reading,model_correct,cross_domain,2,tier1,queued,bulk_unverified
olmo2_1124_7b_instruct,boolq,factual_reading,model_correct,cross_domain,4,tier1,queued,bulk_unverified
olmo2_1124_7b_instruct,boolq,factual_reading,model_correct,cross_domain,8,tier1,queued,bulk_unverified
olmo2_1124_7b_instruct,boolq,factual_reading,model_correct,cross_domain,16,tier1,queued,bulk_unverified
olmo2_1124_7b_instruct,boolq,factual_reading,model_correct,cross_domain,32,tier1,queued,bulk_unverified
olmo2_1124_7b_instruct,boolq,factual_reading,model_incorrect,cross_domain,0,tier1,queued,bulk_unverified
olmo2_1124_7b_instruct,boolq,factual_reading,model_incorrect,cross_domain,1,tier1,queued,bulk_unverified
olmo2_1124_7b_instruct,boolq,factual_reading,model_incorrect,cross_domain,2,tier1,queued,bulk_unverified
olmo2_1124_7b_instruct,boolq,factual_reading,model_incorrect,cross_domain,4,tier1,queued,bulk_unverified
olmo2_1124_7b_instruct,boolq,factual_reading,model_incorrect,cross_domain,8,tier1,queued,bulk_unverified
olmo2_1124_7b_instruct,boolq,factual_reading,model_incorrect,cross_domain,16,tier1,queued,bulk_unverified
olmo2_1124_7b_instruct,boolq,factual_reading,model_incorrect,cross_domain,32,tier1,queued,bulk_unverified
olmo2_1124_7b_instruct,truthfulqa_mc,factual_reading,model_correct,same_benchmark,0,tier1,queued,bulk_unverified
olmo2_1124_7b_instruct,truthfulqa_mc,factual_reading,model_correct,same_benchmark,1,tier1,queued,bulk_unverified
olmo2_1124_7b_instruct,truthfulqa_mc,factual_reading,model_correct,same_benchmark,2,tier1,queued,bulk_unverified
olmo2_1124_7b_instruct,truthfulqa_mc,factual_reading,model_correct,same_benchmark,4,tier1,queued,bulk_unverified
olmo2_1124_7b_instruct,truthfulqa_mc,factual_reading,model_correct,same_benchmark,8,tier1,queued,bulk_unverified
olmo2_1124_7b_instruct,truthfulqa_mc,factual_reading,model_correct,same_benchmark,16,tier1,queued,bulk_unverified
olmo2_1124_7b_instruct,truthfulqa_mc,factual_reading,model_correct,same_benchmark,32,tier1,queued,bulk_unverified
olmo2_1124_7b_instruct,truthfulqa_mc,factual_reading,model_incorrect,same_benchmark,0,tier1,queued,bulk_unverified
olmo2_1124_7b_instruct,truthfulqa_mc,factual_reading,model_incorrect,same_benchmark,1,tier1,queued,bulk_unverified
olmo2_1124_7b_instruct,truthfulqa_mc,factual_reading,model_incorrect,same_benchmark,2,tier1,queued,bulk_unverified
olmo2_1124_7b_instruct,truthfulqa_mc,factual_reading,model_incorrect,same_benchmark,4,tier1,queued,bulk_unverified
olmo2_1124_7b_instruct,truthfulqa_mc,factual_reading,model_incorrect,same_benchmark,8,tier1,queued,bulk_unverified
olmo2_1124_7b_instruct,truthfulqa_mc,factual_reading,model_incorrect,same_benchmark,16,tier1,queued,bulk_unverified
olmo2_1124_7b_instruct,truthfulqa_mc,factual_reading,model_incorrect,same_benchmark,32,tier1,queued,bulk_unverified
olmo2_1124_7b_instruct,truthfulqa_mc,factual_reading,model_correct,same_domain_other_benchmark,0,tier1,queued,bulk_unverified
olmo2_1124_7b_instruct,truthfulqa_mc,factual_reading,model_correct,same_domain_other_benchmark,1,tier1,queued,bulk_unverified
olmo2_1124_7b_instruct,truthfulqa_mc,factual_reading,model_correct,same_domain_other_benchmark,2,tier1,queued,bulk_unverified
olmo2_1124_7b_instruct,truthfulqa_mc,factual_reading,model_correct,same_domain_other_benchmark,4,tier1,queued,bulk_unverified
olmo2_1124_7b_instruct,truthfulqa_mc,factual_reading,model_correct,same_domain_other_benchmark,8,tier1,queued,bulk_unverified
olmo2_1124_7b_instruct,truthfulqa_mc,factual_reading,model_correct,same_domain_other_benchmark,16,tier1,queued,bulk_unverified
olmo2_1124_7b_instruct,truthfulqa_mc,factual_reading,model_correct,same_domain_other_benchmark,32,tier1,queued,bulk_unverified
olmo2_1124_7b_instruct,truthfulqa_mc,factual_reading,model_incorrect,same_domain_other_benchmark,0,tier1,queued,bulk_unverified
olmo2_1124_7b_instruct,truthfulqa_mc,factual_reading,model_incorrect,same_domain_other_benchmark,1,tier1,queued,bulk_unverified
olmo2_1124_7b_instruct,truthfulqa_mc,factual_reading,model_incorrect,same_domain_other_benchmark,2,tier1,queued,bulk_unverified
olmo2_1124_7b_instruct,truthfulqa_mc,factual_reading,model_incorrect,same_domain_other_benchmark,4,tier1,queued,bulk_unverified
olmo2_1124_7b_instruct,truthfulqa_mc,factual_reading,model_incorrect,same_domain_other_benchmark,8,tier1,queued,bulk_unverified
olmo2_1124_7b_instruct,truthfulqa_mc,factual_reading,model_incorrect,same_domain_other_benchmark,16,tier1,queued,bulk_unverified
olmo2_1124_7b_instruct,truthfulqa_mc,factual_reading,model_incorrect,same_domain_other_benchmark,32,tier1,queued,bulk_unverified
olmo2_1124_7b_instruct,truthfulqa_mc,factual_reading,model_correct,cross_domain,0,tier1,queued,bulk_unverified
olmo2_1124_7b_instruct,truthfulqa_mc,factual_reading,model_correct,cross_domain,1,tier1,queued,bulk_unverified
olmo2_1124_7b_instruct,truthfulqa_mc,factual_reading,model_correct,cross_domain,2,tier1,queued,bulk_unverified
olmo2_1124_7b_instruct,truthfulqa_mc,factual_reading,model_correct,cross_domain,4,tier1,queued,bulk_unverified
olmo2_1124_7b_instruct,truthfulqa_mc,factual_reading,model_correct,cross_domain,8,tier1,queued,bulk_unverified
olmo2_1124_7b_instruct,truthfulqa_mc,factual_reading,model_correct,cross_domain,16,tier1,queued,bulk_unverified
olmo2_1124_7b_instruct,truthfulqa_mc,factual_reading,model_correct,cross_domain,32,tier1,queued,bulk_unverified
olmo2_1124_7b_instruct,truthfulqa_mc,factual_reading,model_incorrect,cross_domain,0,tier1,queued,bulk_unverified
olmo2_1124_7b_instruct,truthfulqa_mc,factual_reading,model_incorrect,cross_domain,1,tier1,queued,bulk_unverified
olmo2_1124_7b_instruct,truthfulqa_mc,factual_reading,model_incorrect,cross_domain,2,tier1,queued,bulk_unverified
olmo2_1124_7b_instruct,truthfulqa_mc,factual_reading,model_incorrect,cross_domain,4,tier1,queued,bulk_unverified
olmo2_1124_7b_instruct,truthfulqa_mc,factual_reading,model_incorrect,cross_domain,8,tier1,queued,bulk_unverified
olmo2_1124_7b_instruct,truthfulqa_mc,factual_reading,model_incorrect,cross_domain,16,tier1,queued,bulk_unverified
olmo2_1124_7b_instruct,truthfulqa_mc,factual_reading,model_incorrect,cross_domain,32,tier1,queued,bulk_unverified
